{"set_name": "VAL", "report_date": "08122021_14_06_57", "overall_scores": {"precision": 0.13793371259926607, "recall": 0.6020338983050847, "fmeasure (percentage)": 22.444}, "scores_per_subset": {"PB": {"precision": 0.1828665568369028, "recall": 0.4826086956521739, "f-measure": 0.26523297491039427}, "HV": {"precision": 0.11072664359861592, "recall": 0.8, "f-measure": 0.1945288753799392}}, "scores_per_audiofile": {"BUK5_20180921_015906a.wav": {"precision": 0.03508771929824561, "recall": 0.34782608695652173, "f-measure": 0.06374501992031872}, "BUK5_20161101_002104a.wav": {"precision": 0.6153846153846154, "recall": 0.6363636363636364, "f-measure": 0.6256983240223464}, "BUK4_20161011_000804.wav": {"precision": 0.13333333333333333, "recall": 0.2127659574468085, "f-measure": 0.16393442622950818}, "BUK4_20171022_004304a.wav": {"precision": 0.2777777777777778, "recall": 0.5882352941176471, "f-measure": 0.37735849056603776}, "BUK1_20181013_023504.wav": {"precision": 0.058823529411764705, "recall": 0.125, "f-measure": 0.08}, "BUK1_20181011_001004.wav": {"precision": 0.19047619047619047, "recall": 0.7741935483870968, "f-measure": 0.3057324840764331}, "a1.wav": {"precision": 0.4186046511627907, "recall": 0.8181818181818182, "f-measure": 0.5538461538461539}, "n1.wav": {"precision": 0.056910569105691054, "recall": 0.7777777777777778, "f-measure": 0.10606060606060606}}}