{"set_name": "VAL", "report_date": "08122021_15_04_37", "overall_scores": {"precision": 0.1179226132850317, "recall": 0.6251655629139072, "fmeasure (percentage)": 19.842}, "scores_per_subset": {"PB": {"precision": 0.200339558573854, "recall": 0.5130434782608696, "f-measure": 0.28815628815628813}, "HV": {"precision": 0.0835509138381201, "recall": 0.8, "f-measure": 0.15130023640661938}}, "scores_per_audiofile": {"BUK5_20180921_015906a.wav": {"precision": 0.03007518796992481, "recall": 0.34782608695652173, "f-measure": 0.05536332179930796}, "BUK5_20161101_002104a.wav": {"precision": 0.6666666666666666, "recall": 0.6818181818181818, "f-measure": 0.6741573033707865}, "BUK4_20161011_000804.wav": {"precision": 0.2, "recall": 0.2127659574468085, "f-measure": 0.20618556701030927}, "BUK4_20171022_004304a.wav": {"precision": 0.3333333333333333, "recall": 0.7647058823529411, "f-measure": 0.4642857142857143}, "BUK1_20181013_023504.wav": {"precision": 0.06666666666666667, "recall": 0.125, "f-measure": 0.08695652173913043}, "BUK1_20181011_001004.wav": {"precision": 0.24242424242424243, "recall": 0.7741935483870968, "f-measure": 0.36923076923076925}, "a1.wav": {"precision": 0.3584905660377358, "recall": 0.8636363636363636, "f-measure": 0.5066666666666667}, "n1.wav": {"precision": 0.03939393939393939, "recall": 0.7222222222222222, "f-measure": 0.07471264367816093}}}