{"set_name": "VAL", "report_date": "09122021_01_07_32", "overall_scores": {"precision": 0.10892018779342724, "recall": 0.5948717948717949, "fmeasure (percentage)": 18.413}, "scores_per_subset": {"PB": {"precision": 0.19141914191419143, "recall": 0.5043478260869565, "f-measure": 0.27751196172248804}, "HV": {"precision": 0.07611548556430446, "recall": 0.725, "f-measure": 0.1377672209026128}}, "scores_per_audiofile": {"BUK5_20180921_015906a.wav": {"precision": 0.029411764705882353, "recall": 0.34782608695652173, "f-measure": 0.05423728813559322}, "BUK5_20161101_002104a.wav": {"precision": 0.6555555555555556, "recall": 0.6704545454545454, "f-measure": 0.6629213483146067}, "BUK4_20161011_000804.wav": {"precision": 0.18181818181818182, "recall": 0.2127659574468085, "f-measure": 0.19607843137254902}, "BUK4_20171022_004304a.wav": {"precision": 0.275, "recall": 0.6470588235294118, "f-measure": 0.38596491228070173}, "BUK1_20181013_023504.wav": {"precision": 0.09090909090909091, "recall": 0.16666666666666666, "f-measure": 0.11764705882352941}, "BUK1_20181011_001004.wav": {"precision": 0.22857142857142856, "recall": 0.7741935483870968, "f-measure": 0.35294117647058826}, "a1.wav": {"precision": 0.4, "recall": 0.8181818181818182, "f-measure": 0.5373134328358209}, "n1.wav": {"precision": 0.03273809523809524, "recall": 0.6111111111111112, "f-measure": 0.062146892655367235}}}