{"set_name": "VAL", "report_date": "08122021_13_19_42", "overall_scores": {"precision": 0.11303910474034956, "recall": 0.6110450297366185, "fmeasure (percentage)": 19.078}, "scores_per_subset": {"PB": {"precision": 0.19078947368421054, "recall": 0.5043478260869565, "f-measure": 0.27684964200477324}, "HV": {"precision": 0.08031088082901554, "recall": 0.775, "f-measure": 0.14553990610328638}}, "scores_per_audiofile": {"BUK5_20180921_015906a.wav": {"precision": 0.0299625468164794, "recall": 0.34782608695652173, "f-measure": 0.05517241379310345}, "BUK5_20161101_002104a.wav": {"precision": 0.6741573033707865, "recall": 0.6818181818181818, "f-measure": 0.6779661016949152}, "BUK4_20161011_000804.wav": {"precision": 0.18181818181818182, "recall": 0.2127659574468085, "f-measure": 0.19607843137254902}, "BUK4_20171022_004304a.wav": {"precision": 0.2619047619047619, "recall": 0.6470588235294118, "f-measure": 0.3728813559322034}, "BUK1_20181013_023504.wav": {"precision": 0.06818181818181818, "recall": 0.125, "f-measure": 0.08823529411764706}, "BUK1_20181011_001004.wav": {"precision": 0.21621621621621623, "recall": 0.7741935483870968, "f-measure": 0.3380281690140845}, "a1.wav": {"precision": 0.3877551020408163, "recall": 0.8636363636363636, "f-measure": 0.5352112676056338}, "n1.wav": {"precision": 0.03560830860534125, "recall": 0.6666666666666666, "f-measure": 0.0676056338028169}}}