{"set_name": "VAL", "report_date": "08122021_13_13_41", "overall_scores": {"precision": 0.10968229954614221, "recall": 0.6068003487358326, "fmeasure (percentage)": 18.578}, "scores_per_subset": {"PB": {"precision": 0.19230769230769232, "recall": 0.5217391304347826, "f-measure": 0.2810304449648712}, "HV": {"precision": 0.07671957671957672, "recall": 0.725, "f-measure": 0.13875598086124402}}, "scores_per_audiofile": {"BUK5_20180921_015906a.wav": {"precision": 0.025089605734767026, "recall": 0.30434782608695654, "f-measure": 0.046357615894039736}, "BUK5_20161101_002104a.wav": {"precision": 0.6597938144329897, "recall": 0.7272727272727273, "f-measure": 0.6918918918918919}, "BUK4_20161011_000804.wav": {"precision": 0.18181818181818182, "recall": 0.2127659574468085, "f-measure": 0.19607843137254902}, "BUK4_20171022_004304a.wav": {"precision": 0.2972972972972973, "recall": 0.6470588235294118, "f-measure": 0.4074074074074074}, "BUK1_20181013_023504.wav": {"precision": 0.09302325581395349, "recall": 0.16666666666666666, "f-measure": 0.11940298507462686}, "BUK1_20181011_001004.wav": {"precision": 0.21238938053097345, "recall": 0.7741935483870968, "f-measure": 0.3333333333333333}, "a1.wav": {"precision": 0.375, "recall": 0.8181818181818182, "f-measure": 0.5142857142857142}, "n1.wav": {"precision": 0.03333333333333333, "recall": 0.6111111111111112, "f-measure": 0.06321839080459771}}}