{"set_name": "VAL", "report_date": "08122021_14_39_20", "overall_scores": {"precision": 0.1190919240788984, "recall": 0.6153846153846154, "fmeasure (percentage)": 19.956}, "scores_per_subset": {"PB": {"precision": 0.19230769230769232, "recall": 0.5, "f-measure": 0.2777777777777778}, "HV": {"precision": 0.0862533692722372, "recall": 0.8, "f-measure": 0.15571776155717762}}, "scores_per_audiofile": {"BUK5_20180921_015906a.wav": {"precision": 0.029411764705882353, "recall": 0.34782608695652173, "f-measure": 0.05423728813559322}, "BUK5_20161101_002104a.wav": {"precision": 0.6896551724137931, "recall": 0.6818181818181818, "f-measure": 0.6857142857142857}, "BUK4_20161011_000804.wav": {"precision": 0.12987012987012986, "recall": 0.2127659574468085, "f-measure": 0.16129032258064516}, "BUK4_20171022_004304a.wav": {"precision": 0.2777777777777778, "recall": 0.5882352941176471, "f-measure": 0.37735849056603776}, "BUK1_20181013_023504.wav": {"precision": 0.06818181818181818, "recall": 0.125, "f-measure": 0.08823529411764706}, "BUK1_20181011_001004.wav": {"precision": 0.2926829268292683, "recall": 0.7741935483870968, "f-measure": 0.4247787610619469}, "a1.wav": {"precision": 0.4186046511627907, "recall": 0.8181818181818182, "f-measure": 0.5538461538461539}, "n1.wav": {"precision": 0.042682926829268296, "recall": 0.7777777777777778, "f-measure": 0.08092485549132948}}}