{"set_name": "VAL", "report_date": "08122021_14_45_35", "overall_scores": {"precision": 0.1170479423803027, "recall": 0.6205214465937763, "fmeasure (percentage)": 19.695}, "scores_per_subset": {"PB": {"precision": 0.2016949152542373, "recall": 0.5173913043478261, "f-measure": 0.29024390243902437}, "HV": {"precision": 0.08244680851063829, "recall": 0.775, "f-measure": 0.14903846153846154}}, "scores_per_audiofile": {"BUK5_20180921_015906a.wav": {"precision": 0.0299625468164794, "recall": 0.34782608695652173, "f-measure": 0.05517241379310345}, "BUK5_20161101_002104a.wav": {"precision": 0.7349397590361446, "recall": 0.6931818181818182, "f-measure": 0.7134502923976608}, "BUK4_20161011_000804.wav": {"precision": 0.12987012987012986, "recall": 0.2127659574468085, "f-measure": 0.16129032258064516}, "BUK4_20171022_004304a.wav": {"precision": 0.3611111111111111, "recall": 0.7647058823529411, "f-measure": 0.49056603773584906}, "BUK1_20181013_023504.wav": {"precision": 0.06976744186046512, "recall": 0.125, "f-measure": 0.08955223880597014}, "BUK1_20181011_001004.wav": {"precision": 0.2857142857142857, "recall": 0.7741935483870968, "f-measure": 0.41739130434782606}, "a1.wav": {"precision": 0.4090909090909091, "recall": 0.8181818181818182, "f-measure": 0.5454545454545454}, "n1.wav": {"precision": 0.0391566265060241, "recall": 0.7222222222222222, "f-measure": 0.07428571428571429}}}