{"set_name": "VAL", "report_date": "08122021_18_53_26", "overall_scores": {"precision": 0.11643097423168622, "recall": 0.607843137254902, "fmeasure (percentage)": 19.543}, "scores_per_subset": {"PB": {"precision": 0.195578231292517, "recall": 0.5, "f-measure": 0.28117359413202936}, "HV": {"precision": 0.08288770053475936, "recall": 0.775, "f-measure": 0.1497584541062802}}, "scores_per_audiofile": {"BUK5_20180921_015906a.wav": {"precision": 0.026615969581749048, "recall": 0.30434782608695654, "f-measure": 0.04895104895104895}, "BUK5_20161101_002104a.wav": {"precision": 0.6896551724137931, "recall": 0.6818181818181818, "f-measure": 0.6857142857142857}, "BUK4_20161011_000804.wav": {"precision": 0.14583333333333334, "recall": 0.14893617021276595, "f-measure": 0.14736842105263157}, "BUK4_20171022_004304a.wav": {"precision": 0.30952380952380953, "recall": 0.7647058823529411, "f-measure": 0.4406779661016949}, "BUK1_20181013_023504.wav": {"precision": 0.08695652173913043, "recall": 0.16666666666666666, "f-measure": 0.11428571428571428}, "BUK1_20181011_001004.wav": {"precision": 0.23529411764705882, "recall": 0.7741935483870968, "f-measure": 0.3609022556390977}, "a1.wav": {"precision": 0.4, "recall": 0.8181818181818182, "f-measure": 0.5373134328358209}, "n1.wav": {"precision": 0.03951367781155015, "recall": 0.7222222222222222, "f-measure": 0.07492795389048991}}}