{"set_name": "VAL", "report_date": "08122021_11_05_13", "overall_scores": {"precision": 0.13843537414965987, "recall": 0.6089775561097257, "fmeasure (percentage)": 22.559}, "scores_per_subset": {"PB": {"precision": 0.1825657894736842, "recall": 0.4826086956521739, "f-measure": 0.2649164677804296}, "HV": {"precision": 0.11148648648648649, "recall": 0.825, "f-measure": 0.19642857142857142}}, "scores_per_audiofile": {"BUK5_20180921_015906a.wav": {"precision": 0.034934497816593885, "recall": 0.34782608695652173, "f-measure": 0.06349206349206349}, "BUK5_20161101_002104a.wav": {"precision": 0.6153846153846154, "recall": 0.6363636363636364, "f-measure": 0.6256983240223464}, "BUK4_20161011_000804.wav": {"precision": 0.13157894736842105, "recall": 0.2127659574468085, "f-measure": 0.16260162601626016}, "BUK4_20171022_004304a.wav": {"precision": 0.2777777777777778, "recall": 0.5882352941176471, "f-measure": 0.37735849056603776}, "BUK1_20181013_023504.wav": {"precision": 0.06, "recall": 0.125, "f-measure": 0.08108108108108109}, "BUK1_20181011_001004.wav": {"precision": 0.19047619047619047, "recall": 0.7741935483870968, "f-measure": 0.3057324840764331}, "a1.wav": {"precision": 0.4186046511627907, "recall": 0.8181818181818182, "f-measure": 0.5538461538461539}, "n1.wav": {"precision": 0.05928853754940711, "recall": 0.8333333333333334, "f-measure": 0.11070110701107011}}}