{"set_name": "VAL", "report_date": "08122021_18_38_29", "overall_scores": {"precision": 0.11726100029097021, "recall": 0.614225232853514, "fmeasure (percentage)": 19.693}, "scores_per_subset": {"PB": {"precision": 0.20034246575342465, "recall": 0.508695652173913, "f-measure": 0.28746928746928746}, "HV": {"precision": 0.08288770053475936, "recall": 0.775, "f-measure": 0.1497584541062802}}, "scores_per_audiofile": {"BUK5_20180921_015906a.wav": {"precision": 0.02734375, "recall": 0.30434782608695654, "f-measure": 0.05017921146953405}, "BUK5_20161101_002104a.wav": {"precision": 0.6666666666666666, "recall": 0.6818181818181818, "f-measure": 0.6741573033707865}, "BUK4_20161011_000804.wav": {"precision": 0.19230769230769232, "recall": 0.2127659574468085, "f-measure": 0.20202020202020202}, "BUK4_20171022_004304a.wav": {"precision": 0.3, "recall": 0.7058823529411765, "f-measure": 0.42105263157894735}, "BUK1_20181013_023504.wav": {"precision": 0.0851063829787234, "recall": 0.16666666666666666, "f-measure": 0.11267605633802817}, "BUK1_20181011_001004.wav": {"precision": 0.24242424242424243, "recall": 0.7741935483870968, "f-measure": 0.36923076923076925}, "a1.wav": {"precision": 0.4, "recall": 0.8181818181818182, "f-measure": 0.5373134328358209}, "n1.wav": {"precision": 0.03951367781155015, "recall": 0.7222222222222222, "f-measure": 0.07492795389048991}}}