{"set_name": "VAL", "report_date": "08122021_19_16_49", "overall_scores": {"precision": 0.11307998301913492, "recall": 0.6110450297366185, "fmeasure (percentage)": 19.084}, "scores_per_subset": {"PB": {"precision": 0.18985270049099837, "recall": 0.5043478260869565, "f-measure": 0.27586206896551724}, "HV": {"precision": 0.08051948051948052, "recall": 0.775, "f-measure": 0.14588235294117646}}, "scores_per_audiofile": {"BUK5_20180921_015906a.wav": {"precision": 0.02909090909090909, "recall": 0.34782608695652173, "f-measure": 0.053691275167785234}, "BUK5_20161101_002104a.wav": {"precision": 0.6555555555555556, "recall": 0.6704545454545454, "f-measure": 0.6629213483146067}, "BUK4_20161011_000804.wav": {"precision": 0.18518518518518517, "recall": 0.2127659574468085, "f-measure": 0.19801980198019803}, "BUK4_20171022_004304a.wav": {"precision": 0.2682926829268293, "recall": 0.6470588235294118, "f-measure": 0.3793103448275862}, "BUK1_20181013_023504.wav": {"precision": 0.09090909090909091, "recall": 0.16666666666666666, "f-measure": 0.11764705882352941}, "BUK1_20181011_001004.wav": {"precision": 0.22429906542056074, "recall": 0.7741935483870968, "f-measure": 0.34782608695652173}, "a1.wav": {"precision": 0.3877551020408163, "recall": 0.8636363636363636, "f-measure": 0.5352112676056338}, "n1.wav": {"precision": 0.03571428571428571, "recall": 0.6666666666666666, "f-measure": 0.06779661016949153}}}