{"set_name": "VAL", "report_date": "08122021_18_22_44", "overall_scores": {"precision": 0.11519957530110488, "recall": 0.5981050818260121, "fmeasure (percentage)": 19.319}, "scores_per_subset": {"PB": {"precision": 0.19112627986348124, "recall": 0.48695652173913045, "f-measure": 0.27450980392156865}, "HV": {"precision": 0.08244680851063829, "recall": 0.775, "f-measure": 0.14903846153846154}}, "scores_per_audiofile": {"BUK5_20180921_015906a.wav": {"precision": 0.026717557251908396, "recall": 0.30434782608695654, "f-measure": 0.04912280701754386}, "BUK5_20161101_002104a.wav": {"precision": 0.6629213483146067, "recall": 0.6704545454545454, "f-measure": 0.6666666666666666}, "BUK4_20161011_000804.wav": {"precision": 0.15217391304347827, "recall": 0.14893617021276595, "f-measure": 0.15053763440860216}, "BUK4_20171022_004304a.wav": {"precision": 0.2857142857142857, "recall": 0.7058823529411765, "f-measure": 0.4067796610169492}, "BUK1_20181013_023504.wav": {"precision": 0.06382978723404255, "recall": 0.125, "f-measure": 0.08450704225352113}, "BUK1_20181011_001004.wav": {"precision": 0.24, "recall": 0.7741935483870968, "f-measure": 0.366412213740458}, "a1.wav": {"precision": 0.391304347826087, "recall": 0.8181818181818182, "f-measure": 0.5294117647058824}, "n1.wav": {"precision": 0.03939393939393939, "recall": 0.7222222222222222, "f-measure": 0.07471264367816093}}}