{"set_name": "VAL", "report_date": "08122021_20_23_46", "overall_scores": {"precision": 0.13840399002493767, "recall": 0.6020338983050847, "fmeasure (percentage)": 22.507}, "scores_per_subset": {"PB": {"precision": 0.1834710743801653, "recall": 0.4826086956521739, "f-measure": 0.26586826347305387}, "HV": {"precision": 0.1111111111111111, "recall": 0.8, "f-measure": 0.1951219512195122}}, "scores_per_audiofile": {"BUK5_20180921_015906a.wav": {"precision": 0.03524229074889868, "recall": 0.34782608695652173, "f-measure": 0.064}, "BUK5_20161101_002104a.wav": {"precision": 0.6153846153846154, "recall": 0.6363636363636364, "f-measure": 0.6256983240223464}, "BUK4_20161011_000804.wav": {"precision": 0.13333333333333333, "recall": 0.2127659574468085, "f-measure": 0.16393442622950818}, "BUK4_20171022_004304a.wav": {"precision": 0.2777777777777778, "recall": 0.5882352941176471, "f-measure": 0.37735849056603776}, "BUK1_20181013_023504.wav": {"precision": 0.06, "recall": 0.125, "f-measure": 0.08108108108108109}, "BUK1_20181011_001004.wav": {"precision": 0.19047619047619047, "recall": 0.7741935483870968, "f-measure": 0.3057324840764331}, "a1.wav": {"precision": 0.4186046511627907, "recall": 0.8181818181818182, "f-measure": 0.5538461538461539}, "n1.wav": {"precision": 0.05714285714285714, "recall": 0.7777777777777778, "f-measure": 0.10646387832699619}}}