{"set_name": "VAL", "report_date": "08122021_12_50_04", "overall_scores": {"precision": 0.11460185734044655, "recall": 0.6031195840554592, "fmeasure (percentage)": 19.261}, "scores_per_subset": {"PB": {"precision": 0.19795221843003413, "recall": 0.5043478260869565, "f-measure": 0.28431372549019607}, "HV": {"precision": 0.08064516129032258, "recall": 0.75, "f-measure": 0.14563106796116504}}, "scores_per_audiofile": {"BUK5_20180921_015906a.wav": {"precision": 0.026717557251908396, "recall": 0.30434782608695654, "f-measure": 0.04912280701754386}, "BUK5_20161101_002104a.wav": {"precision": 0.6704545454545454, "recall": 0.6704545454545454, "f-measure": 0.6704545454545454}, "BUK4_20161011_000804.wav": {"precision": 0.1568627450980392, "recall": 0.1702127659574468, "f-measure": 0.16326530612244897}, "BUK4_20171022_004304a.wav": {"precision": 0.325, "recall": 0.7647058823529411, "f-measure": 0.45614035087719296}, "BUK1_20181013_023504.wav": {"precision": 0.09523809523809523, "recall": 0.16666666666666666, "f-measure": 0.12121212121212122}, "BUK1_20181011_001004.wav": {"precision": 0.24271844660194175, "recall": 0.8064516129032258, "f-measure": 0.373134328358209}, "a1.wav": {"precision": 0.391304347826087, "recall": 0.8181818181818182, "f-measure": 0.5294117647058824}, "n1.wav": {"precision": 0.03680981595092025, "recall": 0.6666666666666666, "f-measure": 0.06976744186046512}}}