{"set_name": "VAL", "report_date": "08122021_21_07_41", "overall_scores": {"precision": 0.11448248328176465, "recall": 0.5948141745894555, "fmeasure (percentage)": 19.201}, "scores_per_subset": {"PB": {"precision": 0.185, "recall": 0.4826086956521739, "f-measure": 0.2674698795180723}, "HV": {"precision": 0.08288770053475936, "recall": 0.775, "f-measure": 0.1497584541062802}}, "scores_per_audiofile": {"BUK5_20180921_015906a.wav": {"precision": 0.029850746268656716, "recall": 0.34782608695652173, "f-measure": 0.054982817869415807}, "BUK5_20161101_002104a.wav": {"precision": 0.6111111111111112, "recall": 0.625, "f-measure": 0.6179775280898876}, "BUK4_20161011_000804.wav": {"precision": 0.12987012987012986, "recall": 0.2127659574468085, "f-measure": 0.16129032258064516}, "BUK4_20171022_004304a.wav": {"precision": 0.2777777777777778, "recall": 0.5882352941176471, "f-measure": 0.37735849056603776}, "BUK1_20181013_023504.wav": {"precision": 0.08695652173913043, "recall": 0.16666666666666666, "f-measure": 0.11428571428571428}, "BUK1_20181011_001004.wav": {"precision": 0.2891566265060241, "recall": 0.7741935483870968, "f-measure": 0.42105263157894735}, "a1.wav": {"precision": 0.4186046511627907, "recall": 0.8181818181818182, "f-measure": 0.5538461538461539}, "n1.wav": {"precision": 0.03927492447129909, "recall": 0.7222222222222222, "f-measure": 0.07449856733524356}}}