{"set_name": "VAL", "report_date": "08122021_12_37_54", "overall_scores": {"precision": 0.11418401300007737, "recall": 0.6205214465937763, "fmeasure (percentage)": 19.288}, "scores_per_subset": {"PB": {"precision": 0.1856474258970359, "recall": 0.5173913043478261, "f-measure": 0.27324913892078073}, "HV": {"precision": 0.08244680851063829, "recall": 0.775, "f-measure": 0.14903846153846154}}, "scores_per_audiofile": {"BUK5_20180921_015906a.wav": {"precision": 0.027972027972027972, "recall": 0.34782608695652173, "f-measure": 0.05177993527508091}, "BUK5_20161101_002104a.wav": {"precision": 0.6853932584269663, "recall": 0.6931818181818182, "f-measure": 0.6892655367231638}, "BUK4_20161011_000804.wav": {"precision": 0.12987012987012986, "recall": 0.2127659574468085, "f-measure": 0.16129032258064516}, "BUK4_20171022_004304a.wav": {"precision": 0.2682926829268293, "recall": 0.6470588235294118, "f-measure": 0.3793103448275862}, "BUK1_20181013_023504.wav": {"precision": 0.09302325581395349, "recall": 0.16666666666666666, "f-measure": 0.11940298507462686}, "BUK1_20181011_001004.wav": {"precision": 0.23809523809523808, "recall": 0.8064516129032258, "f-measure": 0.36764705882352944}, "a1.wav": {"precision": 0.4, "recall": 0.8181818181818182, "f-measure": 0.5373134328358209}, "n1.wav": {"precision": 0.03927492447129909, "recall": 0.7222222222222222, "f-measure": 0.07449856733524356}}}