{"set_name": "VAL", "report_date": "08122021_12_19_16", "overall_scores": {"precision": 0.11439669822772518, "recall": 0.6046193327630452, "fmeasure (percentage)": 19.239}, "scores_per_subset": {"PB": {"precision": 0.1890547263681592, "recall": 0.4956521739130435, "f-measure": 0.2737094837935174}, "HV": {"precision": 0.082010582010582, "recall": 0.775, "f-measure": 0.14832535885167464}}, "scores_per_audiofile": {"BUK5_20180921_015906a.wav": {"precision": 0.02962962962962963, "recall": 0.34782608695652173, "f-measure": 0.05460750853242321}, "BUK5_20161101_002104a.wav": {"precision": 0.6, "recall": 0.6477272727272727, "f-measure": 0.6229508196721312}, "BUK4_20161011_000804.wav": {"precision": 0.12987012987012986, "recall": 0.2127659574468085, "f-measure": 0.16129032258064516}, "BUK4_20171022_004304a.wav": {"precision": 0.3611111111111111, "recall": 0.7647058823529411, "f-measure": 0.49056603773584906}, "BUK1_20181013_023504.wav": {"precision": 0.06666666666666667, "recall": 0.125, "f-measure": 0.08695652173913043}, "BUK1_20181011_001004.wav": {"precision": 0.2875, "recall": 0.7419354838709677, "f-measure": 0.4144144144144144}, "a1.wav": {"precision": 0.4090909090909091, "recall": 0.8181818181818182, "f-measure": 0.5454545454545454}, "n1.wav": {"precision": 0.038922155688622756, "recall": 0.7222222222222222, "f-measure": 0.07386363636363637}}}