{"set_name": "VAL", "report_date": "08122021_12_28_34", "overall_scores": {"precision": 0.11538897250408635, "recall": 0.607843137254902, "fmeasure (percentage)": 19.396}, "scores_per_subset": {"PB": {"precision": 0.19458544839255498, "recall": 0.5, "f-measure": 0.2801461632155907}, "HV": {"precision": 0.082010582010582, "recall": 0.775, "f-measure": 0.14832535885167464}}, "scores_per_audiofile": {"BUK5_20180921_015906a.wav": {"precision": 0.02973977695167286, "recall": 0.34782608695652173, "f-measure": 0.0547945205479452}, "BUK5_20161101_002104a.wav": {"precision": 0.6867469879518072, "recall": 0.6477272727272727, "f-measure": 0.6666666666666666}, "BUK4_20161011_000804.wav": {"precision": 0.13157894736842105, "recall": 0.2127659574468085, "f-measure": 0.16260162601626016}, "BUK4_20171022_004304a.wav": {"precision": 0.3783783783783784, "recall": 0.8235294117647058, "f-measure": 0.5185185185185185}, "BUK1_20181013_023504.wav": {"precision": 0.06666666666666667, "recall": 0.125, "f-measure": 0.08695652173913043}, "BUK1_20181011_001004.wav": {"precision": 0.2839506172839506, "recall": 0.7419354838709677, "f-measure": 0.4107142857142857}, "a1.wav": {"precision": 0.4186046511627907, "recall": 0.8181818181818182, "f-measure": 0.5538461538461539}, "n1.wav": {"precision": 0.03880597014925373, "recall": 0.7222222222222222, "f-measure": 0.07365439093484419}}}