{"set_name": "VAL", "report_date": "08122021_14_32_58", "overall_scores": {"precision": 0.11368371922455034, "recall": 0.5915004336513444, "fmeasure (percentage)": 19.071}, "scores_per_subset": {"PB": {"precision": 0.18302828618968386, "recall": 0.4782608695652174, "f-measure": 0.2647412755716005}, "HV": {"precision": 0.08244680851063829, "recall": 0.775, "f-measure": 0.14903846153846154}}, "scores_per_audiofile": {"BUK5_20180921_015906a.wav": {"precision": 0.02973977695167286, "recall": 0.34782608695652173, "f-measure": 0.0547945205479452}, "BUK5_20161101_002104a.wav": {"precision": 0.6111111111111112, "recall": 0.625, "f-measure": 0.6179775280898876}, "BUK4_20161011_000804.wav": {"precision": 0.12987012987012986, "recall": 0.2127659574468085, "f-measure": 0.16129032258064516}, "BUK4_20171022_004304a.wav": {"precision": 0.2777777777777778, "recall": 0.5882352941176471, "f-measure": 0.37735849056603776}, "BUK1_20181013_023504.wav": {"precision": 0.06818181818181818, "recall": 0.125, "f-measure": 0.08823529411764706}, "BUK1_20181011_001004.wav": {"precision": 0.2823529411764706, "recall": 0.7741935483870968, "f-measure": 0.41379310344827586}, "a1.wav": {"precision": 0.4186046511627907, "recall": 0.8181818181818182, "f-measure": 0.5538461538461539}, "n1.wav": {"precision": 0.03903903903903904, "recall": 0.7222222222222222, "f-measure": 0.07407407407407407}}}