{"set_name": "VAL", "report_date": "08122021_15_31_15", "overall_scores": {"precision": 0.11512596607447555, "recall": 0.5948141745894555, "fmeasure (percentage)": 19.291}, "scores_per_subset": {"PB": {"precision": 0.19072164948453607, "recall": 0.4826086956521739, "f-measure": 0.2733990147783251}, "HV": {"precision": 0.08244680851063829, "recall": 0.775, "f-measure": 0.14903846153846154}}, "scores_per_audiofile": {"BUK5_20180921_015906a.wav": {"precision": 0.026717557251908396, "recall": 0.30434782608695654, "f-measure": 0.04912280701754386}, "BUK5_20161101_002104a.wav": {"precision": 0.6404494382022472, "recall": 0.6477272727272727, "f-measure": 0.6440677966101694}, "BUK4_20161011_000804.wav": {"precision": 0.14285714285714285, "recall": 0.14893617021276595, "f-measure": 0.14583333333333334}, "BUK4_20171022_004304a.wav": {"precision": 0.3076923076923077, "recall": 0.7058823529411765, "f-measure": 0.42857142857142855}, "BUK1_20181013_023504.wav": {"precision": 0.08695652173913043, "recall": 0.16666666666666666, "f-measure": 0.11428571428571428}, "BUK1_20181011_001004.wav": {"precision": 0.24742268041237114, "recall": 0.7741935483870968, "f-measure": 0.375}, "a1.wav": {"precision": 0.391304347826087, "recall": 0.8181818181818182, "f-measure": 0.5294117647058824}, "n1.wav": {"precision": 0.03939393939393939, "recall": 0.7222222222222222, "f-measure": 0.07471264367816093}}}