{"set_name": "VAL", "report_date": "09122021_00_50_39", "overall_scores": {"precision": 0.11534319005189463, "recall": 0.6046193327630452, "fmeasure (percentage)": 19.373}, "scores_per_subset": {"PB": {"precision": 0.1919191919191919, "recall": 0.4956521739130435, "f-measure": 0.2766990291262136}, "HV": {"precision": 0.08244680851063829, "recall": 0.775, "f-measure": 0.14903846153846154}}, "scores_per_audiofile": {"BUK5_20180921_015906a.wav": {"precision": 0.02631578947368421, "recall": 0.30434782608695654, "f-measure": 0.04844290657439446}, "BUK5_20161101_002104a.wav": {"precision": 0.6666666666666666, "recall": 0.6818181818181818, "f-measure": 0.6741573033707865}, "BUK4_20161011_000804.wav": {"precision": 0.16, "recall": 0.1702127659574468, "f-measure": 0.16494845360824742}, "BUK4_20171022_004304a.wav": {"precision": 0.2857142857142857, "recall": 0.7058823529411765, "f-measure": 0.4067796610169492}, "BUK1_20181013_023504.wav": {"precision": 0.06382978723404255, "recall": 0.125, "f-measure": 0.08450704225352113}, "BUK1_20181011_001004.wav": {"precision": 0.24242424242424243, "recall": 0.7741935483870968, "f-measure": 0.36923076923076925}, "a1.wav": {"precision": 0.391304347826087, "recall": 0.8181818181818182, "f-measure": 0.5294117647058824}, "n1.wav": {"precision": 0.03939393939393939, "recall": 0.7222222222222222, "f-measure": 0.07471264367816093}}}