{"set_name": "VAL", "report_date": "08122021_15_10_53", "overall_scores": {"precision": 0.1169679281487334, "recall": 0.614225232853514, "fmeasure (percentage)": 19.651}, "scores_per_subset": {"PB": {"precision": 0.19864176570458403, "recall": 0.508695652173913, "f-measure": 0.2857142857142857}, "HV": {"precision": 0.08288770053475936, "recall": 0.775, "f-measure": 0.1497584541062802}}, "scores_per_audiofile": {"BUK5_20180921_015906a.wav": {"precision": 0.026717557251908396, "recall": 0.30434782608695654, "f-measure": 0.04912280701754386}, "BUK5_20161101_002104a.wav": {"precision": 0.6847826086956522, "recall": 0.7159090909090909, "f-measure": 0.7}, "BUK4_20161011_000804.wav": {"precision": 0.1568627450980392, "recall": 0.1702127659574468, "f-measure": 0.16326530612244897}, "BUK4_20171022_004304a.wav": {"precision": 0.3, "recall": 0.7058823529411765, "f-measure": 0.42105263157894735}, "BUK1_20181013_023504.wav": {"precision": 0.06666666666666667, "recall": 0.125, "f-measure": 0.08695652173913043}, "BUK1_20181011_001004.wav": {"precision": 0.24242424242424243, "recall": 0.7741935483870968, "f-measure": 0.36923076923076925}, "a1.wav": {"precision": 0.4, "recall": 0.8181818181818182, "f-measure": 0.5373134328358209}, "n1.wav": {"precision": 0.03951367781155015, "recall": 0.7222222222222222, "f-measure": 0.07492795389048991}}}