{"set_name": "VAL", "report_date": "08122021_18_15_52", "overall_scores": {"precision": 0.11805435347065951, "recall": 0.6267335004177109, "fmeasure (percentage)": 19.868}, "scores_per_subset": {"PB": {"precision": 0.2037037037037037, "recall": 0.5260869565217391, "f-measure": 0.2936893203883495}, "HV": {"precision": 0.08310991957104558, "recall": 0.775, "f-measure": 0.15012106537530268}}, "scores_per_audiofile": {"BUK5_20180921_015906a.wav": {"precision": 0.0299625468164794, "recall": 0.34782608695652173, "f-measure": 0.05517241379310345}, "BUK5_20161101_002104a.wav": {"precision": 0.7142857142857143, "recall": 0.6818181818181818, "f-measure": 0.6976744186046512}, "BUK4_20161011_000804.wav": {"precision": 0.12987012987012986, "recall": 0.2127659574468085, "f-measure": 0.16129032258064516}, "BUK4_20171022_004304a.wav": {"precision": 0.3684210526315789, "recall": 0.8235294117647058, "f-measure": 0.509090909090909}, "BUK1_20181013_023504.wav": {"precision": 0.08695652173913043, "recall": 0.16666666666666666, "f-measure": 0.11428571428571428}, "BUK1_20181011_001004.wav": {"precision": 0.3048780487804878, "recall": 0.8064516129032258, "f-measure": 0.4424778761061947}, "a1.wav": {"precision": 0.4186046511627907, "recall": 0.8181818181818182, "f-measure": 0.5538461538461539}, "n1.wav": {"precision": 0.03939393939393939, "recall": 0.7222222222222222, "f-measure": 0.07471264367816093}}}