{"set_name": "VAL", "report_date": "09122021_00_56_19", "overall_scores": {"precision": 0.1162127361335224, "recall": 0.607843137254902, "fmeasure (percentage)": 19.512}, "scores_per_subset": {"PB": {"precision": 0.195578231292517, "recall": 0.5, "f-measure": 0.28117359413202936}, "HV": {"precision": 0.08266666666666667, "recall": 0.775, "f-measure": 0.1493975903614458}}, "scores_per_audiofile": {"BUK5_20180921_015906a.wav": {"precision": 0.026515151515151516, "recall": 0.30434782608695654, "f-measure": 0.04878048780487805}, "BUK5_20161101_002104a.wav": {"precision": 0.6666666666666666, "recall": 0.6818181818181818, "f-measure": 0.6741573033707865}, "BUK4_20161011_000804.wav": {"precision": 0.16, "recall": 0.1702127659574468, "f-measure": 0.16494845360824742}, "BUK4_20171022_004304a.wav": {"precision": 0.2857142857142857, "recall": 0.7058823529411765, "f-measure": 0.4067796610169492}, "BUK1_20181013_023504.wav": {"precision": 0.09302325581395349, "recall": 0.16666666666666666, "f-measure": 0.11940298507462686}, "BUK1_20181011_001004.wav": {"precision": 0.24242424242424243, "recall": 0.7741935483870968, "f-measure": 0.36923076923076925}, "a1.wav": {"precision": 0.391304347826087, "recall": 0.8181818181818182, "f-measure": 0.5294117647058824}, "n1.wav": {"precision": 0.03951367781155015, "recall": 0.7222222222222222, "f-measure": 0.07492795389048991}}}