{"set_name": "VAL", "report_date": "08122021_22_36_17", "overall_scores": {"precision": 0.10830999066293184, "recall": 0.5948717948717949, "fmeasure (percentage)": 18.325}, "scores_per_subset": {"PB": {"precision": 0.18892508143322476, "recall": 0.5043478260869565, "f-measure": 0.27488151658767773}, "HV": {"precision": 0.07591623036649214, "recall": 0.725, "f-measure": 0.13744075829383887}}, "scores_per_audiofile": {"BUK5_20180921_015906a.wav": {"precision": 0.02888086642599278, "recall": 0.34782608695652173, "f-measure": 0.05333333333333334}, "BUK5_20161101_002104a.wav": {"precision": 0.6555555555555556, "recall": 0.6704545454545454, "f-measure": 0.6629213483146067}, "BUK4_20161011_000804.wav": {"precision": 0.18181818181818182, "recall": 0.2127659574468085, "f-measure": 0.19607843137254902}, "BUK4_20171022_004304a.wav": {"precision": 0.2682926829268293, "recall": 0.6470588235294118, "f-measure": 0.3793103448275862}, "BUK1_20181013_023504.wav": {"precision": 0.08888888888888889, "recall": 0.16666666666666666, "f-measure": 0.11594202898550725}, "BUK1_20181011_001004.wav": {"precision": 0.22641509433962265, "recall": 0.7741935483870968, "f-measure": 0.35036496350364965}, "a1.wav": {"precision": 0.4, "recall": 0.8181818181818182, "f-measure": 0.5373134328358209}, "n1.wav": {"precision": 0.032640949554896145, "recall": 0.6111111111111112, "f-measure": 0.061971830985915494}}}