{"set_name": "VAL", "report_date": "08122021_14_51_56", "overall_scores": {"precision": 0.11497543677001658, "recall": 0.6046193327630452, "fmeasure (percentage)": 19.321}, "scores_per_subset": {"PB": {"precision": 0.18874172185430463, "recall": 0.4956521739130435, "f-measure": 0.2733812949640288}, "HV": {"precision": 0.08266666666666667, "recall": 0.775, "f-measure": 0.1493975903614458}}, "scores_per_audiofile": {"BUK5_20180921_015906a.wav": {"precision": 0.029411764705882353, "recall": 0.34782608695652173, "f-measure": 0.05423728813559322}, "BUK5_20161101_002104a.wav": {"precision": 0.6111111111111112, "recall": 0.625, "f-measure": 0.6179775280898876}, "BUK4_20161011_000804.wav": {"precision": 0.12987012987012986, "recall": 0.2127659574468085, "f-measure": 0.16129032258064516}, "BUK4_20171022_004304a.wav": {"precision": 0.3783783783783784, "recall": 0.8235294117647058, "f-measure": 0.5185185185185185}, "BUK1_20181013_023504.wav": {"precision": 0.09090909090909091, "recall": 0.16666666666666666, "f-measure": 0.11764705882352941}, "BUK1_20181011_001004.wav": {"precision": 0.27380952380952384, "recall": 0.7419354838709677, "f-measure": 0.4}, "a1.wav": {"precision": 0.4186046511627907, "recall": 0.8181818181818182, "f-measure": 0.5538461538461539}, "n1.wav": {"precision": 0.0391566265060241, "recall": 0.7222222222222222, "f-measure": 0.07428571428571429}}}