{"set_name": "VAL", "report_date": "08122021_15_41_55", "overall_scores": {"precision": 0.10935890324114432, "recall": 0.6000000000000001, "fmeasure (percentage)": 18.5}, "scores_per_subset": {"PB": {"precision": 0.18110236220472442, "recall": 0.5, "f-measure": 0.2658959537572254}, "HV": {"precision": 0.0783289817232376, "recall": 0.75, "f-measure": 0.14184397163120568}}, "scores_per_audiofile": {"BUK5_20180921_015906a.wav": {"precision": 0.026845637583892617, "recall": 0.34782608695652173, "f-measure": 0.04984423676012461}, "BUK5_20161101_002104a.wav": {"precision": 0.6333333333333333, "recall": 0.6477272727272727, "f-measure": 0.6404494382022472}, "BUK4_20161011_000804.wav": {"precision": 0.18518518518518517, "recall": 0.2127659574468085, "f-measure": 0.19801980198019803}, "BUK4_20171022_004304a.wav": {"precision": 0.2857142857142857, "recall": 0.7058823529411765, "f-measure": 0.4067796610169492}, "BUK1_20181013_023504.wav": {"precision": 0.09090909090909091, "recall": 0.16666666666666666, "f-measure": 0.11764705882352941}, "BUK1_20181011_001004.wav": {"precision": 0.22429906542056074, "recall": 0.7741935483870968, "f-measure": 0.34782608695652173}, "a1.wav": {"precision": 0.4, "recall": 0.8181818181818182, "f-measure": 0.5373134328358209}, "n1.wav": {"precision": 0.03550295857988166, "recall": 0.6666666666666666, "f-measure": 0.06741573033707865}}}