{"set_name": "VAL", "report_date": "08122021_19_24_52", "overall_scores": {"precision": 0.108222760908395, "recall": 0.597885462555066, "fmeasure (percentage)": 18.327}, "scores_per_subset": {"PB": {"precision": 0.18962722852512157, "recall": 0.508695652173913, "f-measure": 0.2762691853600944}, "HV": {"precision": 0.07571801566579635, "recall": 0.725, "f-measure": 0.13711583924349882}}, "scores_per_audiofile": {"BUK5_20180921_015906a.wav": {"precision": 0.028985507246376812, "recall": 0.34782608695652173, "f-measure": 0.05351170568561873}, "BUK5_20161101_002104a.wav": {"precision": 0.6521739130434783, "recall": 0.6818181818181818, "f-measure": 0.6666666666666666}, "BUK4_20161011_000804.wav": {"precision": 0.17857142857142858, "recall": 0.2127659574468085, "f-measure": 0.1941747572815534}, "BUK4_20171022_004304a.wav": {"precision": 0.2619047619047619, "recall": 0.6470588235294118, "f-measure": 0.3728813559322034}, "BUK1_20181013_023504.wav": {"precision": 0.09302325581395349, "recall": 0.16666666666666666, "f-measure": 0.11940298507462686}, "BUK1_20181011_001004.wav": {"precision": 0.2222222222222222, "recall": 0.7741935483870968, "f-measure": 0.34532374100719426}, "a1.wav": {"precision": 0.4, "recall": 0.8181818181818182, "f-measure": 0.5373134328358209}, "n1.wav": {"precision": 0.03254437869822485, "recall": 0.6111111111111112, "f-measure": 0.06179775280898876}}}