{"set_name": "VAL", "report_date": "09122021_01_24_22", "overall_scores": {"precision": 0.11106146677730262, "recall": 0.6031195840554592, "fmeasure (percentage)": 18.758}, "scores_per_subset": {"PB": {"precision": 0.19078947368421054, "recall": 0.5043478260869565, "f-measure": 0.27684964200477324}, "HV": {"precision": 0.0783289817232376, "recall": 0.75, "f-measure": 0.14184397163120568}}, "scores_per_audiofile": {"BUK5_20180921_015906a.wav": {"precision": 0.029411764705882353, "recall": 0.34782608695652173, "f-measure": 0.05423728813559322}, "BUK5_20161101_002104a.wav": {"precision": 0.6483516483516484, "recall": 0.6704545454545454, "f-measure": 0.659217877094972}, "BUK4_20161011_000804.wav": {"precision": 0.18181818181818182, "recall": 0.2127659574468085, "f-measure": 0.19607843137254902}, "BUK4_20171022_004304a.wav": {"precision": 0.275, "recall": 0.6470588235294118, "f-measure": 0.38596491228070173}, "BUK1_20181013_023504.wav": {"precision": 0.09523809523809523, "recall": 0.16666666666666666, "f-measure": 0.12121212121212122}, "BUK1_20181011_001004.wav": {"precision": 0.2222222222222222, "recall": 0.7741935483870968, "f-measure": 0.34532374100719426}, "a1.wav": {"precision": 0.391304347826087, "recall": 0.8181818181818182, "f-measure": 0.5294117647058824}, "n1.wav": {"precision": 0.03560830860534125, "recall": 0.6666666666666666, "f-measure": 0.0676056338028169}}}