{"set_name": "VAL", "report_date": "08122021_12_00_19", "overall_scores": {"precision": 0.11551001397298558, "recall": 0.6110450297366185, "fmeasure (percentage)": 19.429}, "scores_per_subset": {"PB": {"precision": 0.19047619047619047, "recall": 0.5043478260869565, "f-measure": 0.2765196662693683}, "HV": {"precision": 0.08288770053475936, "recall": 0.775, "f-measure": 0.1497584541062802}}, "scores_per_audiofile": {"BUK5_20180921_015906a.wav": {"precision": 0.028985507246376812, "recall": 0.34782608695652173, "f-measure": 0.05351170568561873}, "BUK5_20161101_002104a.wav": {"precision": 0.6111111111111112, "recall": 0.625, "f-measure": 0.6179775280898876}, "BUK4_20161011_000804.wav": {"precision": 0.1282051282051282, "recall": 0.2127659574468085, "f-measure": 0.16}, "BUK4_20171022_004304a.wav": {"precision": 0.3888888888888889, "recall": 0.8235294117647058, "f-measure": 0.5283018867924528}, "BUK1_20181013_023504.wav": {"precision": 0.06666666666666667, "recall": 0.125, "f-measure": 0.08695652173913043}, "BUK1_20181011_001004.wav": {"precision": 0.30952380952380953, "recall": 0.8387096774193549, "f-measure": 0.45217391304347826}, "a1.wav": {"precision": 0.42857142857142855, "recall": 0.8181818181818182, "f-measure": 0.5625}, "n1.wav": {"precision": 0.0391566265060241, "recall": 0.7222222222222222, "f-measure": 0.07428571428571429}}}