{"set_name": "VAL", "report_date": "08122021_13_36_09", "overall_scores": {"precision": 0.17731210961112231, "recall": 0.5986394557823129, "fmeasure (percentage)": 27.359}, "scores_per_subset": {"PB": {"precision": 0.16248153618906944, "recall": 0.4782608695652174, "f-measure": 0.24255788313120177}, "HV": {"precision": 0.1951219512195122, "recall": 0.8, "f-measure": 0.3137254901960784}}, "scores_per_audiofile": {"BUK5_20180921_015906a.wav": {"precision": 0.025078369905956112, "recall": 0.34782608695652173, "f-measure": 0.04678362573099415}, "BUK5_20161101_002104a.wav": {"precision": 0.5934065934065934, "recall": 0.6136363636363636, "f-measure": 0.6033519553072626}, "BUK4_20161011_000804.wav": {"precision": 0.13333333333333333, "recall": 0.2127659574468085, "f-measure": 0.16393442622950818}, "BUK4_20171022_004304a.wav": {"precision": 0.2777777777777778, "recall": 0.5882352941176471, "f-measure": 0.37735849056603776}, "BUK1_20181013_023504.wav": {"precision": 0.09302325581395349, "recall": 0.16666666666666666, "f-measure": 0.11940298507462686}, "BUK1_20181011_001004.wav": {"precision": 0.21238938053097345, "recall": 0.7741935483870968, "f-measure": 0.3333333333333333}, "a1.wav": {"precision": 0.38, "recall": 0.8636363636363636, "f-measure": 0.5277777777777778}, "n1.wav": {"precision": 0.11403508771929824, "recall": 0.7222222222222222, "f-measure": 0.19696969696969696}}}