{"set_name": "VAL", "report_date": "08122021_13_25_34", "overall_scores": {"precision": 0.10771308285010724, "recall": 0.5936952714535902, "fmeasure (percentage)": 18.234}, "scores_per_subset": {"PB": {"precision": 0.1743827160493827, "recall": 0.49130434782608695, "f-measure": 0.25740318906605925}, "HV": {"precision": 0.07792207792207792, "recall": 0.75, "f-measure": 0.1411764705882353}}, "scores_per_audiofile": {"BUK5_20180921_015906a.wav": {"precision": 0.023255813953488372, "recall": 0.30434782608695654, "f-measure": 0.043209876543209874}, "BUK5_20161101_002104a.wav": {"precision": 0.6276595744680851, "recall": 0.6704545454545454, "f-measure": 0.6483516483516484}, "BUK4_20161011_000804.wav": {"precision": 0.18518518518518517, "recall": 0.2127659574468085, "f-measure": 0.19801980198019803}, "BUK4_20171022_004304a.wav": {"precision": 0.2558139534883721, "recall": 0.6470588235294118, "f-measure": 0.36666666666666664}, "BUK1_20181013_023504.wav": {"precision": 0.06976744186046512, "recall": 0.125, "f-measure": 0.08955223880597014}, "BUK1_20181011_001004.wav": {"precision": 0.20353982300884957, "recall": 0.7419354838709677, "f-measure": 0.3194444444444444}, "a1.wav": {"precision": 0.3877551020408163, "recall": 0.8636363636363636, "f-measure": 0.5352112676056338}, "n1.wav": {"precision": 0.03273809523809524, "recall": 0.6111111111111112, "f-measure": 0.062146892655367235}}}