{"set_name": "VAL", "report_date": "08122021_13_01_52", "overall_scores": {"precision": 0.11515889367546982, "recall": 0.6205214465937763, "fmeasure (percentage)": 19.427}, "scores_per_subset": {"PB": {"precision": 0.19572368421052633, "recall": 0.5173913043478261, "f-measure": 0.2840095465393795}, "HV": {"precision": 0.08157894736842106, "recall": 0.775, "f-measure": 0.14761904761904762}}, "scores_per_audiofile": {"BUK5_20180921_015906a.wav": {"precision": 0.026615969581749048, "recall": 0.30434782608695654, "f-measure": 0.04895104895104895}, "BUK5_20161101_002104a.wav": {"precision": 0.6703296703296703, "recall": 0.6931818181818182, "f-measure": 0.6815642458100558}, "BUK4_20161011_000804.wav": {"precision": 0.14285714285714285, "recall": 0.2127659574468085, "f-measure": 0.17094017094017094}, "BUK4_20171022_004304a.wav": {"precision": 0.3076923076923077, "recall": 0.7058823529411765, "f-measure": 0.42857142857142855}, "BUK1_20181013_023504.wav": {"precision": 0.08888888888888889, "recall": 0.16666666666666666, "f-measure": 0.11594202898550725}, "BUK1_20181011_001004.wav": {"precision": 0.25, "recall": 0.8064516129032258, "f-measure": 0.3816793893129771}, "a1.wav": {"precision": 0.391304347826087, "recall": 0.8181818181818182, "f-measure": 0.5294117647058824}, "n1.wav": {"precision": 0.038922155688622756, "recall": 0.7222222222222222, "f-measure": 0.07386363636363637}}}