{"set_name": "VAL", "report_date": "08122021_12_55_57", "overall_scores": {"precision": 0.11546932694176329, "recall": 0.607843137254902, "fmeasure (percentage)": 19.407}, "scores_per_subset": {"PB": {"precision": 0.18459069020866772, "recall": 0.5, "f-measure": 0.2696365767878077}, "HV": {"precision": 0.08401084010840108, "recall": 0.775, "f-measure": 0.15158924205378974}}, "scores_per_audiofile": {"BUK5_20180921_015906a.wav": {"precision": 0.029850746268656716, "recall": 0.34782608695652173, "f-measure": 0.054982817869415807}, "BUK5_20161101_002104a.wav": {"precision": 0.6785714285714286, "recall": 0.6477272727272727, "f-measure": 0.6627906976744186}, "BUK4_20161011_000804.wav": {"precision": 0.13513513513513514, "recall": 0.2127659574468085, "f-measure": 0.1652892561983471}, "BUK4_20171022_004304a.wav": {"precision": 0.2926829268292683, "recall": 0.7058823529411765, "f-measure": 0.41379310344827586}, "BUK1_20181013_023504.wav": {"precision": 0.0625, "recall": 0.125, "f-measure": 0.08333333333333333}, "BUK1_20181011_001004.wav": {"precision": 0.23148148148148148, "recall": 0.8064516129032258, "f-measure": 0.3597122302158273}, "a1.wav": {"precision": 0.4, "recall": 0.8181818181818182, "f-measure": 0.5373134328358209}, "n1.wav": {"precision": 0.040123456790123455, "recall": 0.7222222222222222, "f-measure": 0.07602339181286549}}}