{"set_name": "VAL", "report_date": "08122021_21_15_59", "overall_scores": {"precision": 0.11600958539868036, "recall": 0.6046193327630452, "fmeasure (percentage)": 19.467}, "scores_per_subset": {"PB": {"precision": 0.19322033898305085, "recall": 0.4956521739130435, "f-measure": 0.2780487804878049}, "HV": {"precision": 0.08288770053475936, "recall": 0.775, "f-measure": 0.1497584541062802}}, "scores_per_audiofile": {"BUK5_20180921_015906a.wav": {"precision": 0.030303030303030304, "recall": 0.34782608695652173, "f-measure": 0.05574912891986063}, "BUK5_20161101_002104a.wav": {"precision": 0.6741573033707865, "recall": 0.6818181818181818, "f-measure": 0.6779661016949152}, "BUK4_20161011_000804.wav": {"precision": 0.14285714285714285, "recall": 0.14893617021276595, "f-measure": 0.14583333333333334}, "BUK4_20171022_004304a.wav": {"precision": 0.3, "recall": 0.7058823529411765, "f-measure": 0.42105263157894735}, "BUK1_20181013_023504.wav": {"precision": 0.06382978723404255, "recall": 0.125, "f-measure": 0.08450704225352113}, "BUK1_20181011_001004.wav": {"precision": 0.2376237623762376, "recall": 0.7741935483870968, "f-measure": 0.36363636363636365}, "a1.wav": {"precision": 0.4, "recall": 0.8181818181818182, "f-measure": 0.5373134328358209}, "n1.wav": {"precision": 0.03951367781155015, "recall": 0.7222222222222222, "f-measure": 0.07492795389048991}}}