{"set_name": "VAL", "report_date": "08122021_22_07_43", "overall_scores": {"precision": 0.11076398750355013, "recall": 0.6062176165803109, "fmeasure (percentage)": 18.73}, "scores_per_subset": {"PB": {"precision": 0.1902439024390244, "recall": 0.508695652173913, "f-measure": 0.27692307692307694}, "HV": {"precision": 0.078125, "recall": 0.75, "f-measure": 0.14150943396226415}}, "scores_per_audiofile": {"BUK5_20180921_015906a.wav": {"precision": 0.02909090909090909, "recall": 0.34782608695652173, "f-measure": 0.053691275167785234}, "BUK5_20161101_002104a.wav": {"precision": 0.6593406593406593, "recall": 0.6818181818181818, "f-measure": 0.6703910614525139}, "BUK4_20161011_000804.wav": {"precision": 0.18181818181818182, "recall": 0.2127659574468085, "f-measure": 0.19607843137254902}, "BUK4_20171022_004304a.wav": {"precision": 0.275, "recall": 0.6470588235294118, "f-measure": 0.38596491228070173}, "BUK1_20181013_023504.wav": {"precision": 0.08888888888888889, "recall": 0.16666666666666666, "f-measure": 0.11594202898550725}, "BUK1_20181011_001004.wav": {"precision": 0.22018348623853212, "recall": 0.7741935483870968, "f-measure": 0.34285714285714286}, "a1.wav": {"precision": 0.3829787234042553, "recall": 0.8181818181818182, "f-measure": 0.5217391304347826}, "n1.wav": {"precision": 0.03560830860534125, "recall": 0.6666666666666666, "f-measure": 0.0676056338028169}}}