{"set_name": "VAL", "report_date": "08122021_20_10_41", "overall_scores": {"precision": 0.1367565526697534, "recall": 0.5948141745894555, "fmeasure (percentage)": 22.238}, "scores_per_subset": {"PB": {"precision": 0.1819672131147541, "recall": 0.4826086956521739, "f-measure": 0.2642857142857143}, "HV": {"precision": 0.10954063604240283, "recall": 0.775, "f-measure": 0.19195046439628483}}, "scores_per_audiofile": {"BUK5_20180921_015906a.wav": {"precision": 0.03463203463203463, "recall": 0.34782608695652173, "f-measure": 0.06299212598425197}, "BUK5_20161101_002104a.wav": {"precision": 0.6153846153846154, "recall": 0.6363636363636364, "f-measure": 0.6256983240223464}, "BUK4_20161011_000804.wav": {"precision": 0.13333333333333333, "recall": 0.2127659574468085, "f-measure": 0.16393442622950818}, "BUK4_20171022_004304a.wav": {"precision": 0.2777777777777778, "recall": 0.5882352941176471, "f-measure": 0.37735849056603776}, "BUK1_20181013_023504.wav": {"precision": 0.058823529411764705, "recall": 0.125, "f-measure": 0.08}, "BUK1_20181011_001004.wav": {"precision": 0.19047619047619047, "recall": 0.7741935483870968, "f-measure": 0.3057324840764331}, "a1.wav": {"precision": 0.42857142857142855, "recall": 0.8181818181818182, "f-measure": 0.5625}, "n1.wav": {"precision": 0.05394190871369295, "recall": 0.7222222222222222, "f-measure": 0.10038610038610038}}}