{"set_name": "VAL", "report_date": "08122021_14_19_46", "overall_scores": {"precision": 0.13492265767443687, "recall": 0.5948141745894555, "fmeasure (percentage)": 21.995}, "scores_per_subset": {"PB": {"precision": 0.1828665568369028, "recall": 0.4826086956521739, "f-measure": 0.26523297491039427}, "HV": {"precision": 0.10689655172413794, "recall": 0.775, "f-measure": 0.18787878787878787}}, "scores_per_audiofile": {"BUK5_20180921_015906a.wav": {"precision": 0.03524229074889868, "recall": 0.34782608695652173, "f-measure": 0.064}, "BUK5_20161101_002104a.wav": {"precision": 0.6086956521739131, "recall": 0.6363636363636364, "f-measure": 0.6222222222222222}, "BUK4_20161011_000804.wav": {"precision": 0.13157894736842105, "recall": 0.2127659574468085, "f-measure": 0.16260162601626016}, "BUK4_20171022_004304a.wav": {"precision": 0.2777777777777778, "recall": 0.5882352941176471, "f-measure": 0.37735849056603776}, "BUK1_20181013_023504.wav": {"precision": 0.06, "recall": 0.125, "f-measure": 0.08108108108108109}, "BUK1_20181011_001004.wav": {"precision": 0.19047619047619047, "recall": 0.7741935483870968, "f-measure": 0.3057324840764331}, "a1.wav": {"precision": 0.4186046511627907, "recall": 0.8181818181818182, "f-measure": 0.5538461538461539}, "n1.wav": {"precision": 0.05263157894736842, "recall": 0.7222222222222222, "f-measure": 0.09811320754716982}}}