{"set_name": "VAL", "report_date": "08122021_16_03_16", "overall_scores": {"precision": 0.10884223918575063, "recall": 0.6008779631255486, "fmeasure (percentage)": 18.43}, "scores_per_subset": {"PB": {"precision": 0.19093851132686085, "recall": 0.5130434782608696, "f-measure": 0.2783018867924528}, "HV": {"precision": 0.07611548556430446, "recall": 0.725, "f-measure": 0.1377672209026128}}, "scores_per_audiofile": {"BUK5_20180921_015906a.wav": {"precision": 0.02867383512544803, "recall": 0.34782608695652173, "f-measure": 0.052980132450331126}, "BUK5_20161101_002104a.wav": {"precision": 0.6630434782608695, "recall": 0.6931818181818182, "f-measure": 0.6777777777777778}, "BUK4_20161011_000804.wav": {"precision": 0.18181818181818182, "recall": 0.2127659574468085, "f-measure": 0.19607843137254902}, "BUK4_20171022_004304a.wav": {"precision": 0.3, "recall": 0.7058823529411765, "f-measure": 0.42105263157894735}, "BUK1_20181013_023504.wav": {"precision": 0.09090909090909091, "recall": 0.16666666666666666, "f-measure": 0.11764705882352941}, "BUK1_20181011_001004.wav": {"precision": 0.21296296296296297, "recall": 0.7419354838709677, "f-measure": 0.33093525179856115}, "a1.wav": {"precision": 0.4, "recall": 0.8181818181818182, "f-measure": 0.5373134328358209}, "n1.wav": {"precision": 0.03273809523809524, "recall": 0.6111111111111112, "f-measure": 0.062146892655367235}}}