{"set_name": "VAL", "report_date": "08122021_15_23_39", "overall_scores": {"precision": 0.11696073302579225, "recall": 0.6205214465937763, "fmeasure (percentage)": 19.682}, "scores_per_subset": {"PB": {"precision": 0.20517241379310344, "recall": 0.5173913043478261, "f-measure": 0.2938271604938272}, "HV": {"precision": 0.08179419525065963, "recall": 0.775, "f-measure": 0.14797136038186157}}, "scores_per_audiofile": {"BUK5_20180921_015906a.wav": {"precision": 0.028, "recall": 0.30434782608695654, "f-measure": 0.05128205128205128}, "BUK5_20161101_002104a.wav": {"precision": 0.6813186813186813, "recall": 0.7045454545454546, "f-measure": 0.6927374301675978}, "BUK4_20161011_000804.wav": {"precision": 0.17647058823529413, "recall": 0.19148936170212766, "f-measure": 0.1836734693877551}, "BUK4_20171022_004304a.wav": {"precision": 0.3, "recall": 0.7058823529411765, "f-measure": 0.42105263157894735}, "BUK1_20181013_023504.wav": {"precision": 0.08888888888888889, "recall": 0.16666666666666666, "f-measure": 0.11594202898550725}, "BUK1_20181011_001004.wav": {"precision": 0.24271844660194175, "recall": 0.8064516129032258, "f-measure": 0.373134328358209}, "a1.wav": {"precision": 0.4, "recall": 0.8181818181818182, "f-measure": 0.5373134328358209}, "n1.wav": {"precision": 0.038922155688622756, "recall": 0.7222222222222222, "f-measure": 0.07386363636363637}}}