{"set_name": "VAL", "report_date": "08122021_22_26_44", "overall_scores": {"precision": 0.11019283746556474, "recall": 0.6031195840554592, "fmeasure (percentage)": 18.634}, "scores_per_subset": {"PB": {"precision": 0.19047619047619047, "recall": 0.5043478260869565, "f-measure": 0.2765196662693683}, "HV": {"precision": 0.07751937984496124, "recall": 0.75, "f-measure": 0.1405152224824356}}, "scores_per_audiofile": {"BUK5_20180921_015906a.wav": {"precision": 0.029411764705882353, "recall": 0.34782608695652173, "f-measure": 0.05423728813559322}, "BUK5_20161101_002104a.wav": {"precision": 0.6629213483146067, "recall": 0.6704545454545454, "f-measure": 0.6666666666666666}, "BUK4_20161011_000804.wav": {"precision": 0.18518518518518517, "recall": 0.2127659574468085, "f-measure": 0.19801980198019803}, "BUK4_20171022_004304a.wav": {"precision": 0.275, "recall": 0.6470588235294118, "f-measure": 0.38596491228070173}, "BUK1_20181013_023504.wav": {"precision": 0.08888888888888889, "recall": 0.16666666666666666, "f-measure": 0.11594202898550725}, "BUK1_20181011_001004.wav": {"precision": 0.22018348623853212, "recall": 0.7741935483870968, "f-measure": 0.34285714285714286}, "a1.wav": {"precision": 0.3877551020408163, "recall": 0.8636363636363636, "f-measure": 0.5352112676056338}, "n1.wav": {"precision": 0.03254437869822485, "recall": 0.6111111111111112, "f-measure": 0.06179775280898876}}}