{"set_name": "VAL", "report_date": "08122021_13_40_54", "overall_scores": {"precision": 0.17705996710034394, "recall": 0.6020338983050847, "fmeasure (percentage)": 27.364}, "scores_per_subset": {"PB": {"precision": 0.16371681415929204, "recall": 0.4826086956521739, "f-measure": 0.2444933920704846}, "HV": {"precision": 0.1927710843373494, "recall": 0.8, "f-measure": 0.3106796116504854}}, "scores_per_audiofile": {"BUK5_20180921_015906a.wav": {"precision": 0.025236593059936908, "recall": 0.34782608695652173, "f-measure": 0.047058823529411764}, "BUK5_20161101_002104a.wav": {"precision": 0.5978260869565217, "recall": 0.625, "f-measure": 0.6111111111111112}, "BUK4_20161011_000804.wav": {"precision": 0.13157894736842105, "recall": 0.2127659574468085, "f-measure": 0.16260162601626016}, "BUK4_20171022_004304a.wav": {"precision": 0.2702702702702703, "recall": 0.5882352941176471, "f-measure": 0.37037037037037035}, "BUK1_20181013_023504.wav": {"precision": 0.09302325581395349, "recall": 0.16666666666666666, "f-measure": 0.11940298507462686}, "BUK1_20181011_001004.wav": {"precision": 0.21238938053097345, "recall": 0.7741935483870968, "f-measure": 0.3333333333333333}, "a1.wav": {"precision": 0.38, "recall": 0.8636363636363636, "f-measure": 0.5277777777777778}, "n1.wav": {"precision": 0.11206896551724138, "recall": 0.7222222222222222, "f-measure": 0.19402985074626866}}}