{"set_name": "VAL", "report_date": "08122021_16_23_29", "overall_scores": {"precision": 0.10856340664482918, "recall": 0.5948717948717949, "fmeasure (percentage)": 18.362}, "scores_per_subset": {"PB": {"precision": 0.18679549114331723, "recall": 0.5043478260869565, "f-measure": 0.27262044653349}, "HV": {"precision": 0.07651715039577836, "recall": 0.725, "f-measure": 0.13842482100238662}}, "scores_per_audiofile": {"BUK5_20180921_015906a.wav": {"precision": 0.028368794326241134, "recall": 0.34782608695652173, "f-measure": 0.05245901639344262}, "BUK5_20161101_002104a.wav": {"precision": 0.6483516483516484, "recall": 0.6704545454545454, "f-measure": 0.659217877094972}, "BUK4_20161011_000804.wav": {"precision": 0.16666666666666666, "recall": 0.19148936170212766, "f-measure": 0.1782178217821782}, "BUK4_20171022_004304a.wav": {"precision": 0.2926829268292683, "recall": 0.7058823529411765, "f-measure": 0.41379310344827586}, "BUK1_20181013_023504.wav": {"precision": 0.09090909090909091, "recall": 0.16666666666666666, "f-measure": 0.11764705882352941}, "BUK1_20181011_001004.wav": {"precision": 0.22018348623853212, "recall": 0.7741935483870968, "f-measure": 0.34285714285714286}, "a1.wav": {"precision": 0.4, "recall": 0.8181818181818182, "f-measure": 0.5373134328358209}, "n1.wav": {"precision": 0.03293413173652695, "recall": 0.6111111111111112, "f-measure": 0.0625}}}