{"set_name": "VAL", "report_date": "08122021_13_31_32", "overall_scores": {"precision": 0.11363636363636363, "recall": 0.6153846153846154, "fmeasure (percentage)": 19.185}, "scores_per_subset": {"PB": {"precision": 0.17857142857142858, "recall": 0.5, "f-measure": 0.2631578947368421}, "HV": {"precision": 0.08333333333333333, "recall": 0.8, "f-measure": 0.1509433962264151}}, "scores_per_audiofile": {"BUK5_20180921_015906a.wav": {"precision": 0.026578073089700997, "recall": 0.34782608695652173, "f-measure": 0.04938271604938271}, "BUK5_20161101_002104a.wav": {"precision": 0.6413043478260869, "recall": 0.6704545454545454, "f-measure": 0.6555555555555556}, "BUK4_20161011_000804.wav": {"precision": 0.17543859649122806, "recall": 0.2127659574468085, "f-measure": 0.19230769230769232}, "BUK4_20171022_004304a.wav": {"precision": 0.2682926829268293, "recall": 0.6470588235294118, "f-measure": 0.3793103448275862}, "BUK1_20181013_023504.wav": {"precision": 0.09090909090909091, "recall": 0.16666666666666666, "f-measure": 0.11764705882352941}, "BUK1_20181011_001004.wav": {"precision": 0.21100917431192662, "recall": 0.7419354838709677, "f-measure": 0.32857142857142857}, "a1.wav": {"precision": 0.3877551020408163, "recall": 0.8636363636363636, "f-measure": 0.5352112676056338}, "n1.wav": {"precision": 0.03880597014925373, "recall": 0.7222222222222222, "f-measure": 0.07365439093484419}}}