{"set_name": "VAL", "report_date": "08122021_12_09_49", "overall_scores": {"precision": 0.11649496027133326, "recall": 0.6173839662447258, "fmeasure (percentage)": 19.601}, "scores_per_subset": {"PB": {"precision": 0.2010221465076661, "recall": 0.5130434782608696, "f-measure": 0.28886168910648713}, "HV": {"precision": 0.082010582010582, "recall": 0.775, "f-measure": 0.14832535885167464}}, "scores_per_audiofile": {"BUK5_20180921_015906a.wav": {"precision": 0.03137254901960784, "recall": 0.34782608695652173, "f-measure": 0.05755395683453238}, "BUK5_20161101_002104a.wav": {"precision": 0.7045454545454546, "recall": 0.7045454545454546, "f-measure": 0.7045454545454546}, "BUK4_20161011_000804.wav": {"precision": 0.13157894736842105, "recall": 0.2127659574468085, "f-measure": 0.16260162601626016}, "BUK4_20171022_004304a.wav": {"precision": 0.2777777777777778, "recall": 0.5882352941176471, "f-measure": 0.37735849056603776}, "BUK1_20181013_023504.wav": {"precision": 0.06818181818181818, "recall": 0.125, "f-measure": 0.08823529411764706}, "BUK1_20181011_001004.wav": {"precision": 0.2840909090909091, "recall": 0.8064516129032258, "f-measure": 0.42016806722689076}, "a1.wav": {"precision": 0.4186046511627907, "recall": 0.8181818181818182, "f-measure": 0.5538461538461539}, "n1.wav": {"precision": 0.03880597014925373, "recall": 0.7222222222222222, "f-measure": 0.07365439093484419}}}