{"set_name": "VAL", "report_date": "08122021_12_44_06", "overall_scores": {"precision": 0.11402723928819962, "recall": 0.5948141745894555, "fmeasure (percentage)": 19.137}, "scores_per_subset": {"PB": {"precision": 0.18592964824120603, "recall": 0.4826086956521739, "f-measure": 0.26844014510278114}, "HV": {"precision": 0.08222811671087533, "recall": 0.775, "f-measure": 0.1486810551558753}}, "scores_per_audiofile": {"BUK5_20180921_015906a.wav": {"precision": 0.028985507246376812, "recall": 0.34782608695652173, "f-measure": 0.05351170568561873}, "BUK5_20161101_002104a.wav": {"precision": 0.6551724137931034, "recall": 0.6477272727272727, "f-measure": 0.6514285714285715}, "BUK4_20161011_000804.wav": {"precision": 0.15217391304347827, "recall": 0.14893617021276595, "f-measure": 0.15053763440860216}, "BUK4_20171022_004304a.wav": {"precision": 0.3, "recall": 0.7058823529411765, "f-measure": 0.42105263157894735}, "BUK1_20181013_023504.wav": {"precision": 0.061224489795918366, "recall": 0.125, "f-measure": 0.0821917808219178}, "BUK1_20181011_001004.wav": {"precision": 0.24242424242424243, "recall": 0.7741935483870968, "f-measure": 0.36923076923076925}, "a1.wav": {"precision": 0.391304347826087, "recall": 0.8181818181818182, "f-measure": 0.5294117647058824}, "n1.wav": {"precision": 0.03927492447129909, "recall": 0.7222222222222222, "f-measure": 0.07449856733524356}}}