{"set_name": "VAL", "report_date": "08122021_19_00_31", "overall_scores": {"precision": 0.10858493709244953, "recall": 0.6008779631255486, "fmeasure (percentage)": 18.393}, "scores_per_subset": {"PB": {"precision": 0.191869918699187, "recall": 0.5130434782608696, "f-measure": 0.27928994082840236}, "HV": {"precision": 0.07571801566579635, "recall": 0.725, "f-measure": 0.13711583924349882}}, "scores_per_audiofile": {"BUK5_20180921_015906a.wav": {"precision": 0.028985507246376812, "recall": 0.34782608695652173, "f-measure": 0.05351170568561873}, "BUK5_20161101_002104a.wav": {"precision": 0.6593406593406593, "recall": 0.6818181818181818, "f-measure": 0.6703910614525139}, "BUK4_20161011_000804.wav": {"precision": 0.18518518518518517, "recall": 0.2127659574468085, "f-measure": 0.19801980198019803}, "BUK4_20171022_004304a.wav": {"precision": 0.27906976744186046, "recall": 0.7058823529411765, "f-measure": 0.4}, "BUK1_20181013_023504.wav": {"precision": 0.09523809523809523, "recall": 0.16666666666666666, "f-measure": 0.12121212121212122}, "BUK1_20181011_001004.wav": {"precision": 0.22018348623853212, "recall": 0.7741935483870968, "f-measure": 0.34285714285714286}, "a1.wav": {"precision": 0.3829787234042553, "recall": 0.8181818181818182, "f-measure": 0.5217391304347826}, "n1.wav": {"precision": 0.03273809523809524, "recall": 0.6111111111111112, "f-measure": 0.062146892655367235}}}