{"set_name": "VAL", "report_date": "08122021_13_07_49", "overall_scores": {"precision": 0.11106780982073268, "recall": 0.5968586387434555, "fmeasure (percentage)": 18.728}, "scores_per_subset": {"PB": {"precision": 0.1884297520661157, "recall": 0.4956521739130435, "f-measure": 0.27305389221556886}, "HV": {"precision": 0.07874015748031496, "recall": 0.75, "f-measure": 0.14251781472684086}}, "scores_per_audiofile": {"BUK5_20180921_015906a.wav": {"precision": 0.02909090909090909, "recall": 0.34782608695652173, "f-measure": 0.053691275167785234}, "BUK5_20161101_002104a.wav": {"precision": 0.6627906976744186, "recall": 0.6477272727272727, "f-measure": 0.6551724137931034}, "BUK4_20161011_000804.wav": {"precision": 0.18867924528301888, "recall": 0.2127659574468085, "f-measure": 0.2}, "BUK4_20171022_004304a.wav": {"precision": 0.2857142857142857, "recall": 0.7058823529411765, "f-measure": 0.4067796610169492}, "BUK1_20181013_023504.wav": {"precision": 0.09302325581395349, "recall": 0.16666666666666666, "f-measure": 0.11940298507462686}, "BUK1_20181011_001004.wav": {"precision": 0.2169811320754717, "recall": 0.7419354838709677, "f-measure": 0.3357664233576642}, "a1.wav": {"precision": 0.4, "recall": 0.8181818181818182, "f-measure": 0.5373134328358209}, "n1.wav": {"precision": 0.03571428571428571, "recall": 0.6666666666666666, "f-measure": 0.06779661016949153}}}