{"set_name": "VAL", "report_date": "08122021_11_50_57", "overall_scores": {"precision": 0.11557580778790391, "recall": 0.614225232853514, "fmeasure (percentage)": 19.455}, "scores_per_subset": {"PB": {"precision": 0.1956521739130435, "recall": 0.508695652173913, "f-measure": 0.2826086956521739}, "HV": {"precision": 0.082010582010582, "recall": 0.775, "f-measure": 0.14832535885167464}}, "scores_per_audiofile": {"BUK5_20180921_015906a.wav": {"precision": 0.03007518796992481, "recall": 0.34782608695652173, "f-measure": 0.05536332179930796}, "BUK5_20161101_002104a.wav": {"precision": 0.6931818181818182, "recall": 0.6931818181818182, "f-measure": 0.6931818181818182}, "BUK4_20161011_000804.wav": {"precision": 0.12987012987012986, "recall": 0.2127659574468085, "f-measure": 0.16129032258064516}, "BUK4_20171022_004304a.wav": {"precision": 0.2777777777777778, "recall": 0.5882352941176471, "f-measure": 0.37735849056603776}, "BUK1_20181013_023504.wav": {"precision": 0.06666666666666667, "recall": 0.125, "f-measure": 0.08695652173913043}, "BUK1_20181011_001004.wav": {"precision": 0.29069767441860467, "recall": 0.8064516129032258, "f-measure": 0.42735042735042733}, "a1.wav": {"precision": 0.4186046511627907, "recall": 0.8181818181818182, "f-measure": 0.5538461538461539}, "n1.wav": {"precision": 0.03880597014925373, "recall": 0.7222222222222222, "f-measure": 0.07365439093484419}}}