{"set_name": "VAL", "report_date": "08122021_21_32_40", "overall_scores": {"precision": 0.1154015706891766, "recall": 0.6046193327630452, "fmeasure (percentage)": 19.381}, "scores_per_subset": {"PB": {"precision": 0.19224283305227655, "recall": 0.4956521739130435, "f-measure": 0.2770352369380316}, "HV": {"precision": 0.08244680851063829, "recall": 0.775, "f-measure": 0.14903846153846154}}, "scores_per_audiofile": {"BUK5_20180921_015906a.wav": {"precision": 0.026022304832713755, "recall": 0.30434782608695654, "f-measure": 0.04794520547945205}, "BUK5_20161101_002104a.wav": {"precision": 0.6629213483146067, "recall": 0.6704545454545454, "f-measure": 0.6666666666666666}, "BUK4_20161011_000804.wav": {"precision": 0.16326530612244897, "recall": 0.1702127659574468, "f-measure": 0.16666666666666666}, "BUK4_20171022_004304a.wav": {"precision": 0.2926829268292683, "recall": 0.7058823529411765, "f-measure": 0.41379310344827586}, "BUK1_20181013_023504.wav": {"precision": 0.0851063829787234, "recall": 0.16666666666666666, "f-measure": 0.11267605633802817}, "BUK1_20181011_001004.wav": {"precision": 0.24489795918367346, "recall": 0.7741935483870968, "f-measure": 0.37209302325581395}, "a1.wav": {"precision": 0.4, "recall": 0.8181818181818182, "f-measure": 0.5373134328358209}, "n1.wav": {"precision": 0.03927492447129909, "recall": 0.7222222222222222, "f-measure": 0.07449856733524356}}}