{"set_name": "VAL", "report_date": "08122021_23_57_55", "overall_scores": {"precision": 0.11766194331983806, "recall": 0.6236378876781223, "fmeasure (percentage)": 19.797}, "scores_per_subset": {"PB": {"precision": 0.20270270270270271, "recall": 0.5217391304347826, "f-measure": 0.291970802919708}, "HV": {"precision": 0.08288770053475936, "recall": 0.775, "f-measure": 0.1497584541062802}}, "scores_per_audiofile": {"BUK5_20180921_015906a.wav": {"precision": 0.0299625468164794, "recall": 0.34782608695652173, "f-measure": 0.05517241379310345}, "BUK5_20161101_002104a.wav": {"precision": 0.7228915662650602, "recall": 0.6818181818181818, "f-measure": 0.7017543859649122}, "BUK4_20161011_000804.wav": {"precision": 0.12987012987012986, "recall": 0.2127659574468085, "f-measure": 0.16129032258064516}, "BUK4_20171022_004304a.wav": {"precision": 0.3783783783783784, "recall": 0.8235294117647058, "f-measure": 0.5185185185185185}, "BUK1_20181013_023504.wav": {"precision": 0.08888888888888889, "recall": 0.16666666666666666, "f-measure": 0.11594202898550725}, "BUK1_20181011_001004.wav": {"precision": 0.2891566265060241, "recall": 0.7741935483870968, "f-measure": 0.42105263157894735}, "a1.wav": {"precision": 0.4186046511627907, "recall": 0.8181818181818182, "f-measure": 0.5538461538461539}, "n1.wav": {"precision": 0.03927492447129909, "recall": 0.7222222222222222, "f-measure": 0.07449856733524356}}}