{"set_name": "VAL", "report_date": "08122021_18_02_46", "overall_scores": {"precision": 0.11635092941614221, "recall": 0.6110450297366185, "fmeasure (percentage)": 19.548}, "scores_per_subset": {"PB": {"precision": 0.19761499148211242, "recall": 0.5043478260869565, "f-measure": 0.2839657282741738}, "HV": {"precision": 0.08244680851063829, "recall": 0.775, "f-measure": 0.14903846153846154}}, "scores_per_audiofile": {"BUK5_20180921_015906a.wav": {"precision": 0.03018867924528302, "recall": 0.34782608695652173, "f-measure": 0.05555555555555555}, "BUK5_20161101_002104a.wav": {"precision": 0.6976744186046512, "recall": 0.6818181818181818, "f-measure": 0.6896551724137931}, "BUK4_20161011_000804.wav": {"precision": 0.13333333333333333, "recall": 0.2127659574468085, "f-measure": 0.16393442622950818}, "BUK4_20171022_004304a.wav": {"precision": 0.2777777777777778, "recall": 0.5882352941176471, "f-measure": 0.37735849056603776}, "BUK1_20181013_023504.wav": {"precision": 0.09090909090909091, "recall": 0.16666666666666666, "f-measure": 0.11764705882352941}, "BUK1_20181011_001004.wav": {"precision": 0.2962962962962963, "recall": 0.7741935483870968, "f-measure": 0.42857142857142855}, "a1.wav": {"precision": 0.4186046511627907, "recall": 0.8181818181818182, "f-measure": 0.5538461538461539}, "n1.wav": {"precision": 0.03903903903903904, "recall": 0.7222222222222222, "f-measure": 0.07407407407407407}}}