{"set_name": "VAL", "report_date": "08122021_17_56_12", "overall_scores": {"precision": 0.11494024563842818, "recall": 0.5981050818260121, "fmeasure (percentage)": 19.282}, "scores_per_subset": {"PB": {"precision": 0.18855218855218855, "recall": 0.48695652173913045, "f-measure": 0.27184466019417475}, "HV": {"precision": 0.08266666666666667, "recall": 0.775, "f-measure": 0.1493975903614458}}, "scores_per_audiofile": {"BUK5_20180921_015906a.wav": {"precision": 0.030303030303030304, "recall": 0.34782608695652173, "f-measure": 0.05574912891986063}, "BUK5_20161101_002104a.wav": {"precision": 0.6111111111111112, "recall": 0.625, "f-measure": 0.6179775280898876}, "BUK4_20161011_000804.wav": {"precision": 0.12987012987012986, "recall": 0.2127659574468085, "f-measure": 0.16129032258064516}, "BUK4_20171022_004304a.wav": {"precision": 0.2777777777777778, "recall": 0.5882352941176471, "f-measure": 0.37735849056603776}, "BUK1_20181013_023504.wav": {"precision": 0.08695652173913043, "recall": 0.16666666666666666, "f-measure": 0.11428571428571428}, "BUK1_20181011_001004.wav": {"precision": 0.30864197530864196, "recall": 0.8064516129032258, "f-measure": 0.44642857142857145}, "a1.wav": {"precision": 0.4186046511627907, "recall": 0.8181818181818182, "f-measure": 0.5538461538461539}, "n1.wav": {"precision": 0.0391566265060241, "recall": 0.7222222222222222, "f-measure": 0.07428571428571429}}}