{"set_name": "VAL", "report_date": "08122021_14_58_05", "overall_scores": {"precision": 0.11591880341880342, "recall": 0.5981050818260121, "fmeasure (percentage)": 19.42}, "scores_per_subset": {"PB": {"precision": 0.1891891891891892, "recall": 0.48695652173913045, "f-measure": 0.2725060827250608}, "HV": {"precision": 0.08355795148247978, "recall": 0.775, "f-measure": 0.15085158150851583}}, "scores_per_audiofile": {"BUK5_20180921_015906a.wav": {"precision": 0.0299625468164794, "recall": 0.34782608695652173, "f-measure": 0.05517241379310345}, "BUK5_20161101_002104a.wav": {"precision": 0.6153846153846154, "recall": 0.6363636363636364, "f-measure": 0.6256983240223464}, "BUK4_20161011_000804.wav": {"precision": 0.13513513513513514, "recall": 0.2127659574468085, "f-measure": 0.1652892561983471}, "BUK4_20171022_004304a.wav": {"precision": 0.2777777777777778, "recall": 0.5882352941176471, "f-measure": 0.37735849056603776}, "BUK1_20181013_023504.wav": {"precision": 0.06818181818181818, "recall": 0.125, "f-measure": 0.08823529411764706}, "BUK1_20181011_001004.wav": {"precision": 0.3125, "recall": 0.8064516129032258, "f-measure": 0.45045045045045046}, "a1.wav": {"precision": 0.4186046511627907, "recall": 0.8181818181818182, "f-measure": 0.5538461538461539}, "n1.wav": {"precision": 0.039634146341463415, "recall": 0.7222222222222222, "f-measure": 0.07514450867052024}}}