{"set_name": "VAL", "report_date": "08122021_18_09_23", "overall_scores": {"precision": 0.11583803177857509, "recall": 0.6013733905579399, "fmeasure (percentage)": 19.426}, "scores_per_subset": {"PB": {"precision": 0.1899159663865546, "recall": 0.49130434782608695, "f-measure": 0.2739393939393939}, "HV": {"precision": 0.08333333333333333, "recall": 0.775, "f-measure": 0.15048543689320387}}, "scores_per_audiofile": {"BUK5_20180921_015906a.wav": {"precision": 0.03007518796992481, "recall": 0.34782608695652173, "f-measure": 0.05536332179930796}, "BUK5_20161101_002104a.wav": {"precision": 0.6195652173913043, "recall": 0.6477272727272727, "f-measure": 0.6333333333333333}, "BUK4_20161011_000804.wav": {"precision": 0.13333333333333333, "recall": 0.2127659574468085, "f-measure": 0.16393442622950818}, "BUK4_20171022_004304a.wav": {"precision": 0.2777777777777778, "recall": 0.5882352941176471, "f-measure": 0.37735849056603776}, "BUK1_20181013_023504.wav": {"precision": 0.06818181818181818, "recall": 0.125, "f-measure": 0.08823529411764706}, "BUK1_20181011_001004.wav": {"precision": 0.3048780487804878, "recall": 0.8064516129032258, "f-measure": 0.4424778761061947}, "a1.wav": {"precision": 0.4186046511627907, "recall": 0.8181818181818182, "f-measure": 0.5538461538461539}, "n1.wav": {"precision": 0.03951367781155015, "recall": 0.7222222222222222, "f-measure": 0.07492795389048991}}}