{"set_name": "VAL", "report_date": "08122021_15_52_54", "overall_scores": {"precision": 0.11166135696937199, "recall": 0.6092943201376937, "fmeasure (percentage)": 18.873}, "scores_per_subset": {"PB": {"precision": 0.19312602291325695, "recall": 0.5130434782608696, "f-measure": 0.2806183115338882}, "HV": {"precision": 0.07853403141361257, "recall": 0.75, "f-measure": 0.14218009478672985}}, "scores_per_audiofile": {"BUK5_20180921_015906a.wav": {"precision": 0.029304029304029304, "recall": 0.34782608695652173, "f-measure": 0.05405405405405406}, "BUK5_20161101_002104a.wav": {"precision": 0.6630434782608695, "recall": 0.6931818181818182, "f-measure": 0.6777777777777778}, "BUK4_20161011_000804.wav": {"precision": 0.18867924528301888, "recall": 0.2127659574468085, "f-measure": 0.2}, "BUK4_20171022_004304a.wav": {"precision": 0.28205128205128205, "recall": 0.6470588235294118, "f-measure": 0.39285714285714285}, "BUK1_20181013_023504.wav": {"precision": 0.08695652173913043, "recall": 0.16666666666666666, "f-measure": 0.11428571428571428}, "BUK1_20181011_001004.wav": {"precision": 0.2222222222222222, "recall": 0.7741935483870968, "f-measure": 0.34532374100719426}, "a1.wav": {"precision": 0.3829787234042553, "recall": 0.8181818181818182, "f-measure": 0.5217391304347826}, "n1.wav": {"precision": 0.03582089552238806, "recall": 0.6666666666666666, "f-measure": 0.0679886685552408}}}