{"set_name": "VAL", "report_date": "08122021_14_00_47", "overall_scores": {"precision": 0.13540846844010704, "recall": 0.5948141745894555, "fmeasure (percentage)": 22.06}, "scores_per_subset": {"PB": {"precision": 0.17932148626817448, "recall": 0.4826086956521739, "f-measure": 0.26148409893992935}, "HV": {"precision": 0.10877192982456141, "recall": 0.775, "f-measure": 0.19076923076923077}}, "scores_per_audiofile": {"BUK5_20180921_015906a.wav": {"precision": 0.03305785123966942, "recall": 0.34782608695652173, "f-measure": 0.06037735849056604}, "BUK5_20161101_002104a.wav": {"precision": 0.6153846153846154, "recall": 0.6363636363636364, "f-measure": 0.6256983240223464}, "BUK4_20161011_000804.wav": {"precision": 0.13333333333333333, "recall": 0.2127659574468085, "f-measure": 0.16393442622950818}, "BUK4_20171022_004304a.wav": {"precision": 0.2857142857142857, "recall": 0.5882352941176471, "f-measure": 0.38461538461538464}, "BUK1_20181013_023504.wav": {"precision": 0.06, "recall": 0.125, "f-measure": 0.08108108108108109}, "BUK1_20181011_001004.wav": {"precision": 0.19047619047619047, "recall": 0.7741935483870968, "f-measure": 0.3057324840764331}, "a1.wav": {"precision": 0.4186046511627907, "recall": 0.8181818181818182, "f-measure": 0.5538461538461539}, "n1.wav": {"precision": 0.05371900826446281, "recall": 0.7222222222222222, "f-measure": 0.1}}}