{"set_name": "VAL", "report_date": "08122021_16_13_21", "overall_scores": {"precision": 0.11130684209705832, "recall": 0.6123499142367067, "fmeasure (percentage)": 18.837}, "scores_per_subset": {"PB": {"precision": 0.19224555735056542, "recall": 0.5173913043478261, "f-measure": 0.28032979976442873}, "HV": {"precision": 0.0783289817232376, "recall": 0.75, "f-measure": 0.14184397163120568}}, "scores_per_audiofile": {"BUK5_20180921_015906a.wav": {"precision": 0.028469750889679714, "recall": 0.34782608695652173, "f-measure": 0.05263157894736842}, "BUK5_20161101_002104a.wav": {"precision": 0.6595744680851063, "recall": 0.7045454545454546, "f-measure": 0.6813186813186813}, "BUK4_20161011_000804.wav": {"precision": 0.18867924528301888, "recall": 0.2127659574468085, "f-measure": 0.2}, "BUK4_20171022_004304a.wav": {"precision": 0.275, "recall": 0.6470588235294118, "f-measure": 0.38596491228070173}, "BUK1_20181013_023504.wav": {"precision": 0.08888888888888889, "recall": 0.16666666666666666, "f-measure": 0.11594202898550725}, "BUK1_20181011_001004.wav": {"precision": 0.22641509433962265, "recall": 0.7741935483870968, "f-measure": 0.35036496350364965}, "a1.wav": {"precision": 0.391304347826087, "recall": 0.8181818181818182, "f-measure": 0.5294117647058824}, "n1.wav": {"precision": 0.03560830860534125, "recall": 0.6666666666666666, "f-measure": 0.0676056338028169}}}