{"set_name": "VAL", "report_date": "08122021_19_46_42", "overall_scores": {"precision": 0.17639689300927086, "recall": 0.5986394557823129, "fmeasure (percentage)": 27.25}, "scores_per_subset": {"PB": {"precision": 0.16176470588235295, "recall": 0.4782608695652174, "f-measure": 0.24175824175824176}, "HV": {"precision": 0.19393939393939394, "recall": 0.8, "f-measure": 0.3121951219512195}}, "scores_per_audiofile": {"BUK5_20180921_015906a.wav": {"precision": 0.024922118380062305, "recall": 0.34782608695652173, "f-measure": 0.046511627906976744}, "BUK5_20161101_002104a.wav": {"precision": 0.5934065934065934, "recall": 0.6136363636363636, "f-measure": 0.6033519553072626}, "BUK4_20161011_000804.wav": {"precision": 0.13157894736842105, "recall": 0.2127659574468085, "f-measure": 0.16260162601626016}, "BUK4_20171022_004304a.wav": {"precision": 0.2777777777777778, "recall": 0.5882352941176471, "f-measure": 0.37735849056603776}, "BUK1_20181013_023504.wav": {"precision": 0.09302325581395349, "recall": 0.16666666666666666, "f-measure": 0.11940298507462686}, "BUK1_20181011_001004.wav": {"precision": 0.21238938053097345, "recall": 0.7741935483870968, "f-measure": 0.3333333333333333}, "a1.wav": {"precision": 0.38, "recall": 0.8636363636363636, "f-measure": 0.5277777777777778}, "n1.wav": {"precision": 0.11304347826086956, "recall": 0.7222222222222222, "f-measure": 0.19548872180451127}}}