{"set_name": "VAL", "report_date": "08122021_11_14_13", "overall_scores": {"precision": 0.13752865180245885, "recall": 0.6055045871559633, "fmeasure (percentage)": 22.415}, "scores_per_subset": {"PB": {"precision": 0.17944535073409462, "recall": 0.4782608695652174, "f-measure": 0.2609727164887307}, "HV": {"precision": 0.11148648648648649, "recall": 0.825, "f-measure": 0.19642857142857142}}, "scores_per_audiofile": {"BUK5_20180921_015906a.wav": {"precision": 0.03524229074889868, "recall": 0.34782608695652173, "f-measure": 0.064}, "BUK5_20161101_002104a.wav": {"precision": 0.6153846153846154, "recall": 0.6363636363636364, "f-measure": 0.6256983240223464}, "BUK4_20161011_000804.wav": {"precision": 0.11688311688311688, "recall": 0.19148936170212766, "f-measure": 0.14516129032258066}, "BUK4_20171022_004304a.wav": {"precision": 0.2702702702702703, "recall": 0.5882352941176471, "f-measure": 0.37037037037037035}, "BUK1_20181013_023504.wav": {"precision": 0.057692307692307696, "recall": 0.125, "f-measure": 0.07894736842105263}, "BUK1_20181011_001004.wav": {"precision": 0.18604651162790697, "recall": 0.7741935483870968, "f-measure": 0.3}, "a1.wav": {"precision": 0.4186046511627907, "recall": 0.8181818181818182, "f-measure": 0.5538461538461539}, "n1.wav": {"precision": 0.05928853754940711, "recall": 0.8333333333333334, "f-measure": 0.11070110701107011}}}