{"set_name": "VAL", "report_date": "08122021_20_37_12", "overall_scores": {"precision": 0.11817589783503024, "recall": 0.6236378876781223, "fmeasure (percentage)": 19.87}, "scores_per_subset": {"PB": {"precision": 0.20442930153321975, "recall": 0.5217391304347826, "f-measure": 0.2937576499388005}, "HV": {"precision": 0.08310991957104558, "recall": 0.775, "f-measure": 0.15012106537530268}}, "scores_per_audiofile": {"BUK5_20180921_015906a.wav": {"precision": 0.03007518796992481, "recall": 0.34782608695652173, "f-measure": 0.05536332179930796}, "BUK5_20161101_002104a.wav": {"precision": 0.7228915662650602, "recall": 0.6818181818181818, "f-measure": 0.7017543859649122}, "BUK4_20161011_000804.wav": {"precision": 0.13333333333333333, "recall": 0.2127659574468085, "f-measure": 0.16393442622950818}, "BUK4_20171022_004304a.wav": {"precision": 0.3783783783783784, "recall": 0.8235294117647058, "f-measure": 0.5185185185185185}, "BUK1_20181013_023504.wav": {"precision": 0.08888888888888889, "recall": 0.16666666666666666, "f-measure": 0.11594202898550725}, "BUK1_20181011_001004.wav": {"precision": 0.2962962962962963, "recall": 0.7741935483870968, "f-measure": 0.42857142857142855}, "a1.wav": {"precision": 0.4186046511627907, "recall": 0.8181818181818182, "f-measure": 0.5538461538461539}, "n1.wav": {"precision": 0.03939393939393939, "recall": 0.7222222222222222, "f-measure": 0.07471264367816093}}}