{"set_name": "VAL", "report_date": "08122021_21_41_02", "overall_scores": {"precision": 0.11542041576171269, "recall": 0.6046193327630452, "fmeasure (percentage)": 19.384}, "scores_per_subset": {"PB": {"precision": 0.1935483870967742, "recall": 0.4956521739130435, "f-measure": 0.2783882783882784}, "HV": {"precision": 0.08222811671087533, "recall": 0.775, "f-measure": 0.1486810551558753}}, "scores_per_audiofile": {"BUK5_20180921_015906a.wav": {"precision": 0.02631578947368421, "recall": 0.30434782608695654, "f-measure": 0.04844290657439446}, "BUK5_20161101_002104a.wav": {"precision": 0.6629213483146067, "recall": 0.6704545454545454, "f-measure": 0.6666666666666666}, "BUK4_20161011_000804.wav": {"precision": 0.16, "recall": 0.1702127659574468, "f-measure": 0.16494845360824742}, "BUK4_20171022_004304a.wav": {"precision": 0.2926829268292683, "recall": 0.7058823529411765, "f-measure": 0.41379310344827586}, "BUK1_20181013_023504.wav": {"precision": 0.09090909090909091, "recall": 0.16666666666666666, "f-measure": 0.11764705882352941}, "BUK1_20181011_001004.wav": {"precision": 0.24242424242424243, "recall": 0.7741935483870968, "f-measure": 0.36923076923076925}, "a1.wav": {"precision": 0.4, "recall": 0.8181818181818182, "f-measure": 0.5373134328358209}, "n1.wav": {"precision": 0.0391566265060241, "recall": 0.7222222222222222, "f-measure": 0.07428571428571429}}}