{"set_name": "VAL", "report_date": "08122021_17_47_08", "overall_scores": {"precision": 0.11713035474964072, "recall": 0.614225232853514, "fmeasure (percentage)": 19.674}, "scores_per_subset": {"PB": {"precision": 0.19830508474576272, "recall": 0.508695652173913, "f-measure": 0.28536585365853656}, "HV": {"precision": 0.08310991957104558, "recall": 0.775, "f-measure": 0.15012106537530268}}, "scores_per_audiofile": {"BUK5_20180921_015906a.wav": {"precision": 0.0299625468164794, "recall": 0.34782608695652173, "f-measure": 0.05517241379310345}, "BUK5_20161101_002104a.wav": {"precision": 0.7142857142857143, "recall": 0.6818181818181818, "f-measure": 0.6976744186046512}, "BUK4_20161011_000804.wav": {"precision": 0.12987012987012986, "recall": 0.2127659574468085, "f-measure": 0.16129032258064516}, "BUK4_20171022_004304a.wav": {"precision": 0.2857142857142857, "recall": 0.5882352941176471, "f-measure": 0.38461538461538464}, "BUK1_20181013_023504.wav": {"precision": 0.08888888888888889, "recall": 0.16666666666666666, "f-measure": 0.11594202898550725}, "BUK1_20181011_001004.wav": {"precision": 0.3048780487804878, "recall": 0.8064516129032258, "f-measure": 0.4424778761061947}, "a1.wav": {"precision": 0.4186046511627907, "recall": 0.8181818181818182, "f-measure": 0.5538461538461539}, "n1.wav": {"precision": 0.03939393939393939, "recall": 0.7222222222222222, "f-measure": 0.07471264367816093}}}