{"set_name": "VAL", "report_date": "08122021_14_26_14", "overall_scores": {"precision": 0.1387906613265605, "recall": 0.6020338983050847, "fmeasure (percentage)": 22.558}, "scores_per_subset": {"PB": {"precision": 0.1837748344370861, "recall": 0.4826086956521739, "f-measure": 0.26618705035971224}, "HV": {"precision": 0.11149825783972125, "recall": 0.8, "f-measure": 0.19571865443425077}}, "scores_per_audiofile": {"BUK5_20180921_015906a.wav": {"precision": 0.035398230088495575, "recall": 0.34782608695652173, "f-measure": 0.0642570281124498}, "BUK5_20161101_002104a.wav": {"precision": 0.6153846153846154, "recall": 0.6363636363636364, "f-measure": 0.6256983240223464}, "BUK4_20161011_000804.wav": {"precision": 0.13333333333333333, "recall": 0.2127659574468085, "f-measure": 0.16393442622950818}, "BUK4_20171022_004304a.wav": {"precision": 0.2857142857142857, "recall": 0.5882352941176471, "f-measure": 0.38461538461538464}, "BUK1_20181013_023504.wav": {"precision": 0.058823529411764705, "recall": 0.125, "f-measure": 0.08}, "BUK1_20181011_001004.wav": {"precision": 0.19047619047619047, "recall": 0.7741935483870968, "f-measure": 0.3057324840764331}, "a1.wav": {"precision": 0.4186046511627907, "recall": 0.8181818181818182, "f-measure": 0.5538461538461539}, "n1.wav": {"precision": 0.05737704918032787, "recall": 0.7777777777777778, "f-measure": 0.10687022900763359}}}