{"set_name": "VAL", "report_date": "08122021_21_58_14", "overall_scores": {"precision": 0.10795718939041415, "recall": 0.5948717948717949, "fmeasure (percentage)": 18.275}, "scores_per_subset": {"PB": {"precision": 0.19173553719008266, "recall": 0.5043478260869565, "f-measure": 0.2778443113772455}, "HV": {"precision": 0.07512953367875648, "recall": 0.725, "f-measure": 0.13615023474178403}}, "scores_per_audiofile": {"BUK5_20180921_015906a.wav": {"precision": 0.02973977695167286, "recall": 0.34782608695652173, "f-measure": 0.0547945205479452}, "BUK5_20161101_002104a.wav": {"precision": 0.6483516483516484, "recall": 0.6704545454545454, "f-measure": 0.659217877094972}, "BUK4_20161011_000804.wav": {"precision": 0.18181818181818182, "recall": 0.2127659574468085, "f-measure": 0.19607843137254902}, "BUK4_20171022_004304a.wav": {"precision": 0.2682926829268293, "recall": 0.6470588235294118, "f-measure": 0.3793103448275862}, "BUK1_20181013_023504.wav": {"precision": 0.09090909090909091, "recall": 0.16666666666666666, "f-measure": 0.11764705882352941}, "BUK1_20181011_001004.wav": {"precision": 0.22857142857142856, "recall": 0.7741935483870968, "f-measure": 0.35294117647058826}, "a1.wav": {"precision": 0.3829787234042553, "recall": 0.8181818181818182, "f-measure": 0.5217391304347826}, "n1.wav": {"precision": 0.032448377581120944, "recall": 0.6111111111111112, "f-measure": 0.06162464985994398}}}