{"set_name": "VAL", "report_date": "08122021_19_08_47", "overall_scores": {"precision": 0.10936861623558251, "recall": 0.6031195840554592, "fmeasure (percentage)": 18.516}, "scores_per_subset": {"PB": {"precision": 0.18679549114331723, "recall": 0.5043478260869565, "f-measure": 0.27262044653349}, "HV": {"precision": 0.07731958762886598, "recall": 0.75, "f-measure": 0.14018691588785046}}, "scores_per_audiofile": {"BUK5_20180921_015906a.wav": {"precision": 0.028368794326241134, "recall": 0.34782608695652173, "f-measure": 0.05245901639344262}, "BUK5_20161101_002104a.wav": {"precision": 0.6555555555555556, "recall": 0.6704545454545454, "f-measure": 0.6629213483146067}, "BUK4_20161011_000804.wav": {"precision": 0.18518518518518517, "recall": 0.2127659574468085, "f-measure": 0.19801980198019803}, "BUK4_20171022_004304a.wav": {"precision": 0.275, "recall": 0.6470588235294118, "f-measure": 0.38596491228070173}, "BUK1_20181013_023504.wav": {"precision": 0.08888888888888889, "recall": 0.16666666666666666, "f-measure": 0.11594202898550725}, "BUK1_20181011_001004.wav": {"precision": 0.21818181818181817, "recall": 0.7741935483870968, "f-measure": 0.3404255319148936}, "a1.wav": {"precision": 0.3829787234042553, "recall": 0.8181818181818182, "f-measure": 0.5217391304347826}, "n1.wav": {"precision": 0.03519061583577713, "recall": 0.6666666666666666, "f-measure": 0.06685236768802229}}}