{"set_name": "VAL", "report_date": "08122021_15_17_05", "overall_scores": {"precision": 0.1158001513516995, "recall": 0.6110450297366185, "fmeasure (percentage)": 19.47}, "scores_per_subset": {"PB": {"precision": 0.1969439728353141, "recall": 0.5043478260869565, "f-measure": 0.28327228327228327}, "HV": {"precision": 0.082010582010582, "recall": 0.775, "f-measure": 0.14832535885167464}}, "scores_per_audiofile": {"BUK5_20180921_015906a.wav": {"precision": 0.03018867924528302, "recall": 0.34782608695652173, "f-measure": 0.05555555555555555}, "BUK5_20161101_002104a.wav": {"precision": 0.6888888888888889, "recall": 0.7045454545454546, "f-measure": 0.6966292134831461}, "BUK4_20161011_000804.wav": {"precision": 0.14, "recall": 0.14893617021276595, "f-measure": 0.14432989690721648}, "BUK4_20171022_004304a.wav": {"precision": 0.3076923076923077, "recall": 0.7058823529411765, "f-measure": 0.42857142857142855}, "BUK1_20181013_023504.wav": {"precision": 0.06666666666666667, "recall": 0.125, "f-measure": 0.08695652173913043}, "BUK1_20181011_001004.wav": {"precision": 0.24, "recall": 0.7741935483870968, "f-measure": 0.366412213740458}, "a1.wav": {"precision": 0.391304347826087, "recall": 0.8181818181818182, "f-measure": 0.5294117647058824}, "n1.wav": {"precision": 0.0391566265060241, "recall": 0.7222222222222222, "f-measure": 0.07428571428571429}}}