{"set_name": "VAL", "report_date": "08122021_18_46_24", "overall_scores": {"precision": 0.11607084717067137, "recall": 0.607843137254902, "fmeasure (percentage)": 19.492}, "scores_per_subset": {"PB": {"precision": 0.19725557461406518, "recall": 0.5, "f-measure": 0.2829028290282903}, "HV": {"precision": 0.08222811671087533, "recall": 0.775, "f-measure": 0.1486810551558753}}, "scores_per_audiofile": {"BUK5_20180921_015906a.wav": {"precision": 0.026717557251908396, "recall": 0.30434782608695654, "f-measure": 0.04912280701754386}, "BUK5_20161101_002104a.wav": {"precision": 0.6666666666666666, "recall": 0.6590909090909091, "f-measure": 0.6628571428571428}, "BUK4_20161011_000804.wav": {"precision": 0.16, "recall": 0.1702127659574468, "f-measure": 0.16494845360824742}, "BUK4_20171022_004304a.wav": {"precision": 0.3, "recall": 0.7058823529411765, "f-measure": 0.42105263157894735}, "BUK1_20181013_023504.wav": {"precision": 0.08888888888888889, "recall": 0.16666666666666666, "f-measure": 0.11594202898550725}, "BUK1_20181011_001004.wav": {"precision": 0.26262626262626265, "recall": 0.8387096774193549, "f-measure": 0.4}, "a1.wav": {"precision": 0.391304347826087, "recall": 0.8181818181818182, "f-measure": 0.5294117647058824}, "n1.wav": {"precision": 0.03927492447129909, "recall": 0.7222222222222222, "f-measure": 0.07449856733524356}}}