{"set_name": "VAL", "report_date": "08122021_11_23_27", "overall_scores": {"precision": 0.13719452780917488, "recall": 0.5986394557823129, "fmeasure (percentage)": 22.323}, "scores_per_subset": {"PB": {"precision": 0.17828200972447325, "recall": 0.4782608695652174, "f-measure": 0.2597402597402597}, "HV": {"precision": 0.11149825783972125, "recall": 0.8, "f-measure": 0.19571865443425077}}, "scores_per_audiofile": {"BUK5_20180921_015906a.wav": {"precision": 0.03389830508474576, "recall": 0.34782608695652173, "f-measure": 0.06177606177606178}, "BUK5_20161101_002104a.wav": {"precision": 0.6086956521739131, "recall": 0.6363636363636364, "f-measure": 0.6222222222222222}, "BUK4_20161011_000804.wav": {"precision": 0.11842105263157894, "recall": 0.19148936170212766, "f-measure": 0.14634146341463414}, "BUK4_20171022_004304a.wav": {"precision": 0.2777777777777778, "recall": 0.5882352941176471, "f-measure": 0.37735849056603776}, "BUK1_20181013_023504.wav": {"precision": 0.06, "recall": 0.125, "f-measure": 0.08108108108108109}, "BUK1_20181011_001004.wav": {"precision": 0.1889763779527559, "recall": 0.7741935483870968, "f-measure": 0.3037974683544304}, "a1.wav": {"precision": 0.42857142857142855, "recall": 0.8181818181818182, "f-measure": 0.5625}, "n1.wav": {"precision": 0.05714285714285714, "recall": 0.7777777777777778, "f-measure": 0.10646387832699619}}}