{"set_name": "VAL", "report_date": "08122021_20_44_20", "overall_scores": {"precision": 0.11708498103462192, "recall": 0.614225232853514, "fmeasure (percentage)": 19.668}, "scores_per_subset": {"PB": {"precision": 0.19931856899488926, "recall": 0.508695652173913, "f-measure": 0.2864137086903305}, "HV": {"precision": 0.08288770053475936, "recall": 0.775, "f-measure": 0.1497584541062802}}, "scores_per_audiofile": {"BUK5_20180921_015906a.wav": {"precision": 0.03007518796992481, "recall": 0.34782608695652173, "f-measure": 0.05536332179930796}, "BUK5_20161101_002104a.wav": {"precision": 0.6987951807228916, "recall": 0.6590909090909091, "f-measure": 0.6783625730994152}, "BUK4_20161011_000804.wav": {"precision": 0.12987012987012986, "recall": 0.2127659574468085, "f-measure": 0.16129032258064516}, "BUK4_20171022_004304a.wav": {"precision": 0.3684210526315789, "recall": 0.8235294117647058, "f-measure": 0.509090909090909}, "BUK1_20181013_023504.wav": {"precision": 0.06818181818181818, "recall": 0.125, "f-measure": 0.08823529411764706}, "BUK1_20181011_001004.wav": {"precision": 0.3037974683544304, "recall": 0.7741935483870968, "f-measure": 0.43636363636363634}, "a1.wav": {"precision": 0.4186046511627907, "recall": 0.8181818181818182, "f-measure": 0.5538461538461539}, "n1.wav": {"precision": 0.03927492447129909, "recall": 0.7222222222222222, "f-measure": 0.07449856733524356}}}