{"set_name": "VAL", "report_date": "08122021_22_17_09", "overall_scores": {"precision": 0.11110756361546566, "recall": 0.6031195840554592, "fmeasure (percentage)": 18.765}, "scores_per_subset": {"PB": {"precision": 0.18985270049099837, "recall": 0.5043478260869565, "f-measure": 0.27586206896551724}, "HV": {"precision": 0.07853403141361257, "recall": 0.75, "f-measure": 0.14218009478672985}}, "scores_per_audiofile": {"BUK5_20180921_015906a.wav": {"precision": 0.02909090909090909, "recall": 0.34782608695652173, "f-measure": 0.053691275167785234}, "BUK5_20161101_002104a.wav": {"precision": 0.6483516483516484, "recall": 0.6704545454545454, "f-measure": 0.659217877094972}, "BUK4_20161011_000804.wav": {"precision": 0.18181818181818182, "recall": 0.2127659574468085, "f-measure": 0.19607843137254902}, "BUK4_20171022_004304a.wav": {"precision": 0.275, "recall": 0.6470588235294118, "f-measure": 0.38596491228070173}, "BUK1_20181013_023504.wav": {"precision": 0.09090909090909091, "recall": 0.16666666666666666, "f-measure": 0.11764705882352941}, "BUK1_20181011_001004.wav": {"precision": 0.22641509433962265, "recall": 0.7741935483870968, "f-measure": 0.35036496350364965}, "a1.wav": {"precision": 0.391304347826087, "recall": 0.8181818181818182, "f-measure": 0.5294117647058824}, "n1.wav": {"precision": 0.03571428571428571, "recall": 0.6666666666666666, "f-measure": 0.06779661016949153}}}