{"set_name": "VAL", "report_date": "09122021_01_01_56", "overall_scores": {"precision": 0.11103958802703573, "recall": 0.6000000000000001, "fmeasure (percentage)": 18.74}, "scores_per_subset": {"PB": {"precision": 0.18945634266886327, "recall": 0.5, "f-measure": 0.2747909199522103}, "HV": {"precision": 0.07853403141361257, "recall": 0.75, "f-measure": 0.14218009478672985}}, "scores_per_audiofile": {"BUK5_20180921_015906a.wav": {"precision": 0.025925925925925925, "recall": 0.30434782608695654, "f-measure": 0.04778156996587031}, "BUK5_20161101_002104a.wav": {"precision": 0.6483516483516484, "recall": 0.6704545454545454, "f-measure": 0.659217877094972}, "BUK4_20161011_000804.wav": {"precision": 0.18181818181818182, "recall": 0.2127659574468085, "f-measure": 0.19607843137254902}, "BUK4_20171022_004304a.wav": {"precision": 0.275, "recall": 0.6470588235294118, "f-measure": 0.38596491228070173}, "BUK1_20181013_023504.wav": {"precision": 0.09090909090909091, "recall": 0.16666666666666666, "f-measure": 0.11764705882352941}, "BUK1_20181011_001004.wav": {"precision": 0.22429906542056074, "recall": 0.7741935483870968, "f-measure": 0.34782608695652173}, "a1.wav": {"precision": 0.4, "recall": 0.8181818181818182, "f-measure": 0.5373134328358209}, "n1.wav": {"precision": 0.03560830860534125, "recall": 0.6666666666666666, "f-measure": 0.0676056338028169}}}