{"set_name": "VAL", "report_date": "08122021_18_29_58", "overall_scores": {"precision": 0.11488259215531944, "recall": 0.6013733905579399, "fmeasure (percentage)": 19.291}, "scores_per_subset": {"PB": {"precision": 0.1905564924114671, "recall": 0.49130434782608695, "f-measure": 0.27460510328068044}, "HV": {"precision": 0.08222811671087533, "recall": 0.775, "f-measure": 0.1486810551558753}}, "scores_per_audiofile": {"BUK5_20180921_015906a.wav": {"precision": 0.025925925925925925, "recall": 0.30434782608695654, "f-measure": 0.04778156996587031}, "BUK5_20161101_002104a.wav": {"precision": 0.6704545454545454, "recall": 0.6704545454545454, "f-measure": 0.6704545454545454}, "BUK4_20161011_000804.wav": {"precision": 0.16326530612244897, "recall": 0.1702127659574468, "f-measure": 0.16666666666666666}, "BUK4_20171022_004304a.wav": {"precision": 0.3, "recall": 0.7058823529411765, "f-measure": 0.42105263157894735}, "BUK1_20181013_023504.wav": {"precision": 0.06382978723404255, "recall": 0.125, "f-measure": 0.08450704225352113}, "BUK1_20181011_001004.wav": {"precision": 0.24242424242424243, "recall": 0.7741935483870968, "f-measure": 0.36923076923076925}, "a1.wav": {"precision": 0.391304347826087, "recall": 0.8181818181818182, "f-measure": 0.5294117647058824}, "n1.wav": {"precision": 0.03927492447129909, "recall": 0.7222222222222222, "f-measure": 0.07449856733524356}}}