{"set_name": "TEST", "report_date": "09122021_00_43_57", "overall_scores": {"precision": 0.5249674293966948, "recall": 0.35890000197273675, "fmeasure (percentage)": 42.633}, "scores_per_subset": {"ML": {"precision": 0.8013937282229965, "recall": 0.24083769633507854, "f-measure": 0.37037037037037035}, "DC": {"precision": 0.45109780439121755, "recall": 0.4256120527306968, "f-measure": 0.437984496124031}, "ME": {"precision": 0.4444444444444444, "recall": 0.5384615384615384, "f-measure": 0.48695652173913045}}, "scores_per_audiofile": {"DCASE2021-ML_129696.wav": {"precision": 1.0, "recall": 0.02631578947368421, "f-measure": 0.05128205128205128}, "DCASE2021-ML_131369.wav": {"precision": 1.0, "recall": 0.15, "f-measure": 0.2608695652173913}, "DCASE2021-ML_131198.wav": {"precision": 1.0, "recall": 0.25, "f-measure": 0.4}, "DCASE2021-ML_197045.wav": {"precision": 1.0, "recall": 0.0945945945945946, "f-measure": 0.1728395061728395}, "DCASE2021-ML_126376.wav": {"precision": 0.8275862068965517, "recall": 0.2553191489361702, "f-measure": 0.3902439024390244}, "DCASE2021-ML_191491.wav": {"precision": 0.75, "recall": 0.3333333333333333, "f-measure": 0.46153846153846156}, "DCASE2021-ML_37045.wav": {"precision": 1.0, "recall": 0.3333333333333333, "f-measure": 0.5}, "DCASE2021-ML_176488.wav": {"precision": 1.0, "recall": 0.2222222222222222, "f-measure": 0.36363636363636365}, "DCASE2021-ML_40509.wav": {"precision": 1.0, "recall": 0.08130081300813008, "f-measure": 0.15037593984962405}, "DCASE2021-ML_268995.wav": {"precision": 0.5, "recall": 0.1, "f-measure": 0.16666666666666666}, "DCASE2021-ML_190099.wav": {"precision": 0.6666666666666666, "recall": 0.9333333333333333, "f-measure": 0.7777777777777778}, "DCASE2021-ML_89792.wav": {"precision": 1.0, "recall": 0.6206896551724138, "f-measure": 0.7659574468085106}, "DCASE2021-ML_72010931.wav": {"precision": 1.0, "recall": 0.288135593220339, "f-measure": 0.4473684210526316}, "DCASE2021-ML_273164.wav": {"precision": 1e-05, "recall": 1e-05, "f-measure": 1e-05}, "DCASE2021-ML_53963.wav": {"precision": 1.0, "recall": 0.34615384615384615, "f-measure": 0.5142857142857142}, "DCASE2021-ML_521435.wav": {"precision": 0.5128205128205128, "recall": 0.3448275862068966, "f-measure": 0.41237113402061853}, "DCASE2021-ML_168236.wav": {"precision": 0.7551020408163265, "recall": 0.6727272727272727, "f-measure": 0.7115384615384616}, "DC11.wav": {"precision": 0.0625, "recall": 0.018518518518518517, "f-measure": 0.02857142857142857}, "DC10.wav": {"precision": 0.44549763033175355, "recall": 0.7642276422764228, "f-measure": 0.562874251497006}, "DC12.wav": {"precision": 0.28125, "recall": 0.20930232558139536, "f-measure": 0.24}, "DC08.wav": {"precision": 0.7875, "recall": 0.7, "f-measure": 0.7411764705882353}, "DC02.wav": {"precision": 0.30952380952380953, "recall": 0.18571428571428572, "f-measure": 0.23214285714285715}, "DC06.wav": {"precision": 0.10810810810810811, "recall": 0.125, "f-measure": 0.11594202898550725}, "DC07.wav": {"precision": 0.717948717948718, "recall": 0.6086956521739131, "f-measure": 0.6588235294117647}, "DC09.wav": {"precision": 0.16279069767441862, "recall": 0.5833333333333334, "f-measure": 0.2545454545454545}, "DC04.wav": {"precision": 0.25806451612903225, "recall": 0.3333333333333333, "f-measure": 0.2909090909090909}, "DC05.wav": {"precision": 0.22018348623853212, "recall": 0.5581395348837209, "f-measure": 0.3157894736842105}, "DC01.wav": {"precision": 0.691358024691358, "recall": 0.5333333333333333, "f-measure": 0.6021505376344086}, "DC03.wav": {"precision": 0.34782608695652173, "recall": 0.11940298507462686, "f-measure": 0.17777777777777778}, "ME2.wav": {"precision": 0.9047619047619048, "recall": 0.4634146341463415, "f-measure": 0.6129032258064516}, "ME1.wav": {"precision": 0.21428571428571427, "recall": 0.8181818181818182, "f-measure": 0.33962264150943394}}}