{"set_name": "TEST", "report_date": "08122021_14_15_46", "overall_scores": {"precision": 0.5950674930271256, "recall": 0.3611402743918714, "fmeasure (percentage)": 44.949}, "scores_per_subset": {"ML": {"precision": 0.88, "recall": 0.20625, "f-measure": 0.3341772151898734}, "DC": {"precision": 0.46946564885496184, "recall": 0.4632768361581921, "f-measure": 0.4663507109004739}, "ME": {"precision": 0.5633802816901409, "recall": 0.7692307692307693, "f-measure": 0.6504065040650406}}, "scores_per_audiofile": {"DCASE2021-ML_129696.wav": {"precision": 0.9166666666666666, "recall": 0.14473684210526316, "f-measure": 0.25}, "DCASE2021-ML_131369.wav": {"precision": 1.0, "recall": 0.025, "f-measure": 0.04878048780487805}, "DCASE2021-ML_131198.wav": {"precision": 1e-05, "recall": 1e-05, "f-measure": 1e-05}, "DCASE2021-ML_197045.wav": {"precision": 1.0, "recall": 0.25675675675675674, "f-measure": 0.40860215053763443}, "DCASE2021-ML_126376.wav": {"precision": 0.8421052631578947, "recall": 0.1702127659574468, "f-measure": 0.2831858407079646}, "DCASE2021-ML_191491.wav": {"precision": 1.0, "recall": 0.6666666666666666, "f-measure": 0.8}, "DCASE2021-ML_37045.wav": {"precision": 1.0, "recall": 0.08333333333333333, "f-measure": 0.15384615384615385}, "DCASE2021-ML_176488.wav": {"precision": 1.0, "recall": 0.4444444444444444, "f-measure": 0.6153846153846154}, "DCASE2021-ML_40509.wav": {"precision": 1.0, "recall": 0.04878048780487805, "f-measure": 0.09302325581395349}, "DCASE2021-ML_268995.wav": {"precision": 0.5, "recall": 0.1, "f-measure": 0.16666666666666666}, "DCASE2021-ML_190099.wav": {"precision": 0.9285714285714286, "recall": 0.8666666666666667, "f-measure": 0.896551724137931}, "DCASE2021-ML_89792.wav": {"precision": 0.9411764705882353, "recall": 0.5517241379310345, "f-measure": 0.6956521739130435}, "DCASE2021-ML_72010931.wav": {"precision": 1.0, "recall": 0.1864406779661017, "f-measure": 0.3142857142857143}, "DCASE2021-ML_273164.wav": {"precision": 1e-05, "recall": 1e-05, "f-measure": 1e-05}, "DCASE2021-ML_53963.wav": {"precision": 1.0, "recall": 0.07692307692307693, "f-measure": 0.14285714285714285}, "DCASE2021-ML_521435.wav": {"precision": 0.8260869565217391, "recall": 0.6551724137931034, "f-measure": 0.7307692307692307}, "DCASE2021-ML_168236.wav": {"precision": 0.8032786885245902, "recall": 0.44545454545454544, "f-measure": 0.5730994152046783}, "DC11.wav": {"precision": 0.16455696202531644, "recall": 0.48148148148148145, "f-measure": 0.24528301886792453}, "DC10.wav": {"precision": 0.4, "recall": 0.4878048780487805, "f-measure": 0.43956043956043955}, "DC12.wav": {"precision": 0.31746031746031744, "recall": 0.46511627906976744, "f-measure": 0.37735849056603776}, "DC08.wav": {"precision": 0.9540229885057471, "recall": 0.9222222222222223, "f-measure": 0.9378531073446328}, "DC02.wav": {"precision": 0.423728813559322, "recall": 0.17857142857142858, "f-measure": 0.25125628140703515}, "DC06.wav": {"precision": 0.08695652173913043, "recall": 0.0625, "f-measure": 0.07272727272727272}, "DC07.wav": {"precision": 0.7428571428571429, "recall": 0.7913043478260869, "f-measure": 0.7663157894736842}, "DC09.wav": {"precision": 0.13333333333333333, "recall": 0.5, "f-measure": 0.21052631578947367}, "DC04.wav": {"precision": 0.1, "recall": 0.041666666666666664, "f-measure": 0.058823529411764705}, "DC05.wav": {"precision": 0.21052631578947367, "recall": 0.37209302325581395, "f-measure": 0.2689075630252101}, "DC01.wav": {"precision": 0.8169014084507042, "recall": 0.5523809523809524, "f-measure": 0.6590909090909091}, "DC03.wav": {"precision": 0.2894736842105263, "recall": 0.08208955223880597, "f-measure": 0.12790697674418605}, "ME2.wav": {"precision": 0.8823529411764706, "recall": 0.7317073170731707, "f-measure": 0.8}, "ME1.wav": {"precision": 0.2702702702702703, "recall": 0.9090909090909091, "f-measure": 0.4166666666666667}}}