{"set_name": "TEST", "report_date": "08122021_13_37_59", "overall_scores": {"precision": 0.49583524883316843, "recall": 0.4120620875754699, "fmeasure (percentage)": 45.008}, "scores_per_subset": {"ML": {"precision": 0.7971014492753623, "recall": 0.34554973821989526, "f-measure": 0.4821037253469686}, "DC": {"precision": 0.4147250698974837, "recall": 0.4190207156308851, "f-measure": 0.4168618266978923}, "ME": {"precision": 0.41935483870967744, "recall": 0.5, "f-measure": 0.45614035087719296}}, "scores_per_audiofile": {"DCASE2021-ML_129696.wav": {"precision": 1.0, "recall": 0.05263157894736842, "f-measure": 0.1}, "DCASE2021-ML_131369.wav": {"precision": 0.9047619047619048, "recall": 0.475, "f-measure": 0.6229508196721312}, "DCASE2021-ML_131198.wav": {"precision": 1.0, "recall": 1.0, "f-measure": 1.0}, "DCASE2021-ML_197045.wav": {"precision": 1.0, "recall": 0.17567567567567569, "f-measure": 0.2988505747126437}, "DCASE2021-ML_126376.wav": {"precision": 0.8913043478260869, "recall": 0.43617021276595747, "f-measure": 0.5857142857142857}, "DCASE2021-ML_191491.wav": {"precision": 0.8888888888888888, "recall": 0.8888888888888888, "f-measure": 0.8888888888888888}, "DCASE2021-ML_37045.wav": {"precision": 1.0, "recall": 0.5833333333333334, "f-measure": 0.7368421052631579}, "DCASE2021-ML_176488.wav": {"precision": 1.0, "recall": 0.8888888888888888, "f-measure": 0.9411764705882353}, "DCASE2021-ML_40509.wav": {"precision": 1.0, "recall": 0.10569105691056911, "f-measure": 0.19117647058823528}, "DCASE2021-ML_268995.wav": {"precision": 0.75, "recall": 0.3, "f-measure": 0.42857142857142855}, "DCASE2021-ML_190099.wav": {"precision": 0.4, "recall": 0.9333333333333333, "f-measure": 0.56}, "DCASE2021-ML_89792.wav": {"precision": 0.9285714285714286, "recall": 0.896551724137931, "f-measure": 0.9122807017543859}, "DCASE2021-ML_72010931.wav": {"precision": 1.0, "recall": 0.3220338983050847, "f-measure": 0.48717948717948717}, "DCASE2021-ML_273164.wav": {"precision": 1e-05, "recall": 1e-05, "f-measure": 1e-05}, "DCASE2021-ML_53963.wav": {"precision": 1.0, "recall": 0.5128205128205128, "f-measure": 0.6779661016949152}, "DCASE2021-ML_521435.wav": {"precision": 0.6122448979591837, "recall": 0.5172413793103449, "f-measure": 0.5607476635514018}, "DCASE2021-ML_168236.wav": {"precision": 0.7105263157894737, "recall": 0.7363636363636363, "f-measure": 0.7232142857142857}, "DC11.wav": {"precision": 0.058823529411764705, "recall": 0.018518518518518517, "f-measure": 0.028169014084507043}, "DC10.wav": {"precision": 0.44711538461538464, "recall": 0.7560975609756098, "f-measure": 0.5619335347432024}, "DC12.wav": {"precision": 0.11538461538461539, "recall": 0.06976744186046512, "f-measure": 0.08695652173913043}, "DC08.wav": {"precision": 0.7910447761194029, "recall": 0.5888888888888889, "f-measure": 0.6751592356687898}, "DC02.wav": {"precision": 0.33620689655172414, "recall": 0.2785714285714286, "f-measure": 0.3046875}, "DC06.wav": {"precision": 0.12087912087912088, "recall": 0.171875, "f-measure": 0.14193548387096774}, "DC07.wav": {"precision": 0.7213930348258707, "recall": 0.6304347826086957, "f-measure": 0.6728538283062645}, "DC09.wav": {"precision": 0.15, "recall": 0.5, "f-measure": 0.23076923076923078}, "DC04.wav": {"precision": 0.15217391304347827, "recall": 0.2916666666666667, "f-measure": 0.2}, "DC05.wav": {"precision": 0.14285714285714285, "recall": 0.37209302325581395, "f-measure": 0.2064516129032258}, "DC01.wav": {"precision": 0.5869565217391305, "recall": 0.5142857142857142, "f-measure": 0.5482233502538071}, "DC03.wav": {"precision": 0.2982456140350877, "recall": 0.12686567164179105, "f-measure": 0.17801047120418848}, "ME2.wav": {"precision": 0.8947368421052632, "recall": 0.4146341463414634, "f-measure": 0.5666666666666667}, "ME1.wav": {"precision": 0.20930232558139536, "recall": 0.8181818181818182, "f-measure": 0.3333333333333333}}}