{"set_name": "TEST", "report_date": "08122021_18_33_54", "overall_scores": {"precision": 0.5702152054808655, "recall": 0.37467677356547135, "fmeasure (percentage)": 45.221}, "scores_per_subset": {"ML": {"precision": 0.8487084870848709, "recall": 0.24083769633507854, "f-measure": 0.37520391517128876}, "DC": {"precision": 0.4600197433366239, "recall": 0.4387947269303202, "f-measure": 0.4491566265060241}, "ME": {"precision": 0.5238095238095238, "recall": 0.6346153846153846, "f-measure": 0.5739130434782609}}, "scores_per_audiofile": {"DCASE2021-ML_129696.wav": {"precision": 1.0, "recall": 0.02631578947368421, "f-measure": 0.05128205128205128}, "DCASE2021-ML_131369.wav": {"precision": 1.0, "recall": 0.225, "f-measure": 0.3673469387755102}, "DCASE2021-ML_131198.wav": {"precision": 1.0, "recall": 0.5, "f-measure": 0.6666666666666666}, "DCASE2021-ML_197045.wav": {"precision": 0.875, "recall": 0.0945945945945946, "f-measure": 0.17073170731707318}, "DCASE2021-ML_126376.wav": {"precision": 0.9090909090909091, "recall": 0.2127659574468085, "f-measure": 0.3448275862068966}, "DCASE2021-ML_191491.wav": {"precision": 0.875, "recall": 0.7777777777777778, "f-measure": 0.8235294117647058}, "DCASE2021-ML_37045.wav": {"precision": 1.0, "recall": 0.3333333333333333, "f-measure": 0.5}, "DCASE2021-ML_176488.wav": {"precision": 1.0, "recall": 0.2222222222222222, "f-measure": 0.36363636363636365}, "DCASE2021-ML_40509.wav": {"precision": 1.0, "recall": 0.06504065040650407, "f-measure": 0.12213740458015267}, "DCASE2021-ML_268995.wav": {"precision": 1.0, "recall": 0.1, "f-measure": 0.18181818181818182}, "DCASE2021-ML_190099.wav": {"precision": 0.7368421052631579, "recall": 0.9333333333333333, "f-measure": 0.8235294117647058}, "DCASE2021-ML_89792.wav": {"precision": 1.0, "recall": 0.6896551724137931, "f-measure": 0.8163265306122449}, "DCASE2021-ML_72010931.wav": {"precision": 1.0, "recall": 0.2542372881355932, "f-measure": 0.40540540540540543}, "DCASE2021-ML_273164.wav": {"precision": 1e-05, "recall": 1e-05, "f-measure": 1e-05}, "DCASE2021-ML_53963.wav": {"precision": 1.0, "recall": 0.28205128205128205, "f-measure": 0.44}, "DCASE2021-ML_521435.wav": {"precision": 0.631578947368421, "recall": 0.41379310344827586, "f-measure": 0.5}, "DCASE2021-ML_168236.wav": {"precision": 0.8021978021978022, "recall": 0.6636363636363637, "f-measure": 0.7263681592039801}, "DC11.wav": {"precision": 0.06896551724137931, "recall": 0.037037037037037035, "f-measure": 0.04819277108433735}, "DC10.wav": {"precision": 0.4088888888888889, "recall": 0.7479674796747967, "f-measure": 0.5287356321839081}, "DC12.wav": {"precision": 0.325, "recall": 0.3023255813953488, "f-measure": 0.3132530120481928}, "DC08.wav": {"precision": 0.8275862068965517, "recall": 0.8, "f-measure": 0.8135593220338984}, "DC02.wav": {"precision": 0.3382352941176471, "recall": 0.16428571428571428, "f-measure": 0.22115384615384615}, "DC06.wav": {"precision": 0.10144927536231885, "recall": 0.109375, "f-measure": 0.10526315789473684}, "DC07.wav": {"precision": 0.7373737373737373, "recall": 0.6347826086956522, "f-measure": 0.6822429906542056}, "DC09.wav": {"precision": 0.14583333333333334, "recall": 0.5833333333333334, "f-measure": 0.23333333333333334}, "DC04.wav": {"precision": 0.25, "recall": 0.3333333333333333, "f-measure": 0.2857142857142857}, "DC05.wav": {"precision": 0.22916666666666666, "recall": 0.5116279069767442, "f-measure": 0.31654676258992803}, "DC01.wav": {"precision": 0.7532467532467533, "recall": 0.5523809523809524, "f-measure": 0.6373626373626373}, "DC03.wav": {"precision": 0.36363636363636365, "recall": 0.11940298507462686, "f-measure": 0.1797752808988764}, "ME2.wav": {"precision": 0.9230769230769231, "recall": 0.5853658536585366, "f-measure": 0.7164179104477612}, "ME1.wav": {"precision": 0.24324324324324326, "recall": 0.8181818181818182, "f-measure": 0.375}}}