{"set_name": "TEST", "report_date": "08122021_14_46_06", "overall_scores": {"precision": 0.5761305889856144, "recall": 0.35337167625879673, "fmeasure (percentage)": 43.806}, "scores_per_subset": {"ML": {"precision": 0.853448275862069, "recall": 0.20732984293193718, "f-measure": 0.33361415332771693}, "DC": {"precision": 0.4714424007744434, "recall": 0.4585687382297552, "f-measure": 0.4649164677804296}, "ME": {"precision": 0.5223880597014925, "recall": 0.6730769230769231, "f-measure": 0.5882352941176471}}, "scores_per_audiofile": {"DCASE2021-ML_129696.wav": {"precision": 0.5, "recall": 0.013157894736842105, "f-measure": 0.02564102564102564}, "DCASE2021-ML_131369.wav": {"precision": 1.0, "recall": 0.15, "f-measure": 0.2608695652173913}, "DCASE2021-ML_131198.wav": {"precision": 1.0, "recall": 0.75, "f-measure": 0.8571428571428571}, "DCASE2021-ML_197045.wav": {"precision": 1.0, "recall": 0.10810810810810811, "f-measure": 0.1951219512195122}, "DCASE2021-ML_126376.wav": {"precision": 0.875, "recall": 0.22340425531914893, "f-measure": 0.3559322033898305}, "DCASE2021-ML_191491.wav": {"precision": 1.0, "recall": 0.5555555555555556, "f-measure": 0.7142857142857143}, "DCASE2021-ML_37045.wav": {"precision": 1.0, "recall": 0.08333333333333333, "f-measure": 0.15384615384615385}, "DCASE2021-ML_176488.wav": {"precision": 1.0, "recall": 0.3333333333333333, "f-measure": 0.5}, "DCASE2021-ML_40509.wav": {"precision": 1.0, "recall": 0.04878048780487805, "f-measure": 0.09302325581395349}, "DCASE2021-ML_268995.wav": {"precision": 0.6666666666666666, "recall": 0.2, "f-measure": 0.3076923076923077}, "DCASE2021-ML_190099.wav": {"precision": 0.7777777777777778, "recall": 0.9333333333333333, "f-measure": 0.8484848484848485}, "DCASE2021-ML_89792.wav": {"precision": 0.8333333333333334, "recall": 0.6896551724137931, "f-measure": 0.7547169811320755}, "DCASE2021-ML_72010931.wav": {"precision": 1.0, "recall": 0.288135593220339, "f-measure": 0.4473684210526316}, "DCASE2021-ML_273164.wav": {"precision": 1e-05, "recall": 1e-05, "f-measure": 1e-05}, "DCASE2021-ML_53963.wav": {"precision": 1.0, "recall": 0.07692307692307693, "f-measure": 0.14285714285714285}, "DCASE2021-ML_521435.wav": {"precision": 0.65625, "recall": 0.3620689655172414, "f-measure": 0.4666666666666667}, "DCASE2021-ML_168236.wav": {"precision": 0.8648648648648649, "recall": 0.5818181818181818, "f-measure": 0.6956521739130435}, "DC11.wav": {"precision": 0.18867924528301888, "recall": 0.18518518518518517, "f-measure": 0.18691588785046728}, "DC10.wav": {"precision": 0.43636363636363634, "recall": 0.7804878048780488, "f-measure": 0.5597667638483965}, "DC12.wav": {"precision": 0.3, "recall": 0.3488372093023256, "f-measure": 0.3225806451612903}, "DC08.wav": {"precision": 0.8444444444444444, "recall": 0.8444444444444444, "f-measure": 0.8444444444444444}, "DC02.wav": {"precision": 0.328125, "recall": 0.15, "f-measure": 0.20588235294117646}, "DC06.wav": {"precision": 0.0967741935483871, "recall": 0.09375, "f-measure": 0.09523809523809523}, "DC07.wav": {"precision": 0.7453703703703703, "recall": 0.7, "f-measure": 0.7219730941704036}, "DC09.wav": {"precision": 0.15217391304347827, "recall": 0.5833333333333334, "f-measure": 0.2413793103448276}, "DC04.wav": {"precision": 0.25806451612903225, "recall": 0.3333333333333333, "f-measure": 0.2909090909090909}, "DC05.wav": {"precision": 0.23595505617977527, "recall": 0.4883720930232558, "f-measure": 0.3181818181818182}, "DC01.wav": {"precision": 0.7464788732394366, "recall": 0.5047619047619047, "f-measure": 0.6022727272727273}, "DC03.wav": {"precision": 0.3170731707317073, "recall": 0.09701492537313433, "f-measure": 0.14857142857142858}, "ME2.wav": {"precision": 0.896551724137931, "recall": 0.6341463414634146, "f-measure": 0.7428571428571429}, "ME1.wav": {"precision": 0.23684210526315788, "recall": 0.8181818181818182, "f-measure": 0.3673469387755102}}}