{"set_name": "TEST", "report_date": "08122021_17_01_46", "overall_scores": {"precision": 0.6377460204444897, "recall": 0.38045892056664316, "fmeasure (percentage)": 47.66}, "scores_per_subset": {"ML": {"precision": 0.9230769230769231, "recall": 0.3031578947368421, "f-measure": 0.45641838351822506}, "DC": {"precision": 0.5383360522022839, "recall": 0.3107344632768362, "f-measure": 0.3940298507462687}, "ME": {"precision": 0.5671641791044776, "recall": 0.7307692307692307, "f-measure": 0.6386554621848739}}, "scores_per_audiofile": {"DCASE2021-ML_129696.wav": {"precision": 1.0, "recall": 0.13157894736842105, "f-measure": 0.23255813953488372}, "DCASE2021-ML_131369.wav": {"precision": 0.9, "recall": 0.225, "f-measure": 0.36}, "DCASE2021-ML_131198.wav": {"precision": 0.4444444444444444, "recall": 1.0, "f-measure": 0.6153846153846154}, "DCASE2021-ML_197045.wav": {"precision": 1.0, "recall": 0.7567567567567568, "f-measure": 0.8615384615384616}, "DCASE2021-ML_126376.wav": {"precision": 1.0, "recall": 0.1702127659574468, "f-measure": 0.2909090909090909}, "DCASE2021-ML_191491.wav": {"precision": 1.0, "recall": 0.3333333333333333, "f-measure": 0.5}, "DCASE2021-ML_37045.wav": {"precision": 0.9166666666666666, "recall": 0.9166666666666666, "f-measure": 0.9166666666666666}, "DCASE2021-ML_176488.wav": {"precision": 1.0, "recall": 0.3333333333333333, "f-measure": 0.5}, "DCASE2021-ML_40509.wav": {"precision": 1.0, "recall": 0.08130081300813008, "f-measure": 0.15037593984962405}, "DCASE2021-ML_268995.wav": {"precision": 1.0, "recall": 1.0, "f-measure": 1.0}, "DCASE2021-ML_190099.wav": {"precision": 1.0, "recall": 0.7333333333333333, "f-measure": 0.8461538461538461}, "DCASE2021-ML_89792.wav": {"precision": 1.0, "recall": 0.9655172413793104, "f-measure": 0.9824561403508771}, "DCASE2021-ML_72010931.wav": {"precision": 1.0, "recall": 0.0847457627118644, "f-measure": 0.15625}, "DCASE2021-ML_273164.wav": {"precision": 1.0, "recall": 0.006666666666666667, "f-measure": 0.013245033112582781}, "DCASE2021-ML_53963.wav": {"precision": 1.0, "recall": 0.10256410256410256, "f-measure": 0.18604651162790697}, "DCASE2021-ML_521435.wav": {"precision": 0.875, "recall": 0.603448275862069, "f-measure": 0.7142857142857143}, "DCASE2021-ML_168236.wav": {"precision": 0.85, "recall": 0.6181818181818182, "f-measure": 0.7157894736842105}, "DC11.wav": {"precision": 0.11538461538461539, "recall": 0.2222222222222222, "f-measure": 0.1518987341772152}, "DC10.wav": {"precision": 0.5098039215686274, "recall": 0.21138211382113822, "f-measure": 0.2988505747126437}, "DC12.wav": {"precision": 1e-05, "recall": 1e-05, "f-measure": 1e-05}, "DC08.wav": {"precision": 0.9811320754716981, "recall": 0.5777777777777777, "f-measure": 0.7272727272727273}, "DC02.wav": {"precision": 0.5172413793103449, "recall": 0.10714285714285714, "f-measure": 0.17751479289940827}, "DC06.wav": {"precision": 0.07142857142857142, "recall": 0.03125, "f-measure": 0.043478260869565216}, "DC07.wav": {"precision": 0.8715083798882681, "recall": 0.6782608695652174, "f-measure": 0.7628361858190709}, "DC09.wav": {"precision": 0.14285714285714285, "recall": 0.3333333333333333, "f-measure": 0.2}, "DC04.wav": {"precision": 1e-05, "recall": 1e-05, "f-measure": 1e-05}, "DC05.wav": {"precision": 0.2765957446808511, "recall": 0.3023255813953488, "f-measure": 0.28888888888888886}, "DC01.wav": {"precision": 0.8863636363636364, "recall": 0.37142857142857144, "f-measure": 0.5234899328859061}, "DC03.wav": {"precision": 0.2972972972972973, "recall": 0.08208955223880597, "f-measure": 0.1286549707602339}, "ME2.wav": {"precision": 0.8235294117647058, "recall": 0.6829268292682927, "f-measure": 0.7466666666666667}, "ME1.wav": {"precision": 0.30303030303030304, "recall": 0.9090909090909091, "f-measure": 0.45454545454545453}}}