{"set_name": "TEST", "report_date": "08122021_21_47_57", "overall_scores": {"precision": 0.5409107579556294, "recall": 0.35847703536850223, "fmeasure (percentage)": 43.119}, "scores_per_subset": {"ML": {"precision": 0.8321678321678322, "recall": 0.24921465968586387, "f-measure": 0.3835616438356164}, "DC": {"precision": 0.44774590163934425, "recall": 0.4114877589453861, "f-measure": 0.42885181550539747}, "ME": {"precision": 0.47368421052631576, "recall": 0.5192307692307693, "f-measure": 0.4954128440366973}}, "scores_per_audiofile": {"DCASE2021-ML_129696.wav": {"precision": 1.0, "recall": 0.013157894736842105, "f-measure": 0.025974025974025976}, "DCASE2021-ML_131369.wav": {"precision": 1.0, "recall": 0.125, "f-measure": 0.2222222222222222}, "DCASE2021-ML_131198.wav": {"precision": 1.0, "recall": 0.5, "f-measure": 0.6666666666666666}, "DCASE2021-ML_197045.wav": {"precision": 1.0, "recall": 0.0945945945945946, "f-measure": 0.1728395061728395}, "DCASE2021-ML_126376.wav": {"precision": 0.8823529411764706, "recall": 0.3191489361702128, "f-measure": 0.46875}, "DCASE2021-ML_191491.wav": {"precision": 0.75, "recall": 0.3333333333333333, "f-measure": 0.46153846153846156}, "DCASE2021-ML_37045.wav": {"precision": 1.0, "recall": 0.3333333333333333, "f-measure": 0.5}, "DCASE2021-ML_176488.wav": {"precision": 1.0, "recall": 0.2222222222222222, "f-measure": 0.36363636363636365}, "DCASE2021-ML_40509.wav": {"precision": 1.0, "recall": 0.08943089430894309, "f-measure": 0.16417910447761194}, "DCASE2021-ML_268995.wav": {"precision": 1.0, "recall": 0.2, "f-measure": 0.3333333333333333}, "DCASE2021-ML_190099.wav": {"precision": 0.7, "recall": 0.9333333333333333, "f-measure": 0.8}, "DCASE2021-ML_89792.wav": {"precision": 0.8636363636363636, "recall": 0.6551724137931034, "f-measure": 0.7450980392156863}, "DCASE2021-ML_72010931.wav": {"precision": 1.0, "recall": 0.288135593220339, "f-measure": 0.4473684210526316}, "DCASE2021-ML_273164.wav": {"precision": 1e-05, "recall": 1e-05, "f-measure": 1e-05}, "DCASE2021-ML_53963.wav": {"precision": 1.0, "recall": 0.32051282051282054, "f-measure": 0.4854368932038835}, "DCASE2021-ML_521435.wav": {"precision": 0.5897435897435898, "recall": 0.39655172413793105, "f-measure": 0.4742268041237113}, "DCASE2021-ML_168236.wav": {"precision": 0.8021978021978022, "recall": 0.6636363636363637, "f-measure": 0.7263681592039801}, "DC11.wav": {"precision": 0.058823529411764705, "recall": 0.018518518518518517, "f-measure": 0.028169014084507043}, "DC10.wav": {"precision": 0.463768115942029, "recall": 0.7804878048780488, "f-measure": 0.5818181818181818}, "DC12.wav": {"precision": 0.17857142857142858, "recall": 0.11627906976744186, "f-measure": 0.14084507042253522}, "DC08.wav": {"precision": 0.7948717948717948, "recall": 0.6888888888888889, "f-measure": 0.7380952380952381}, "DC02.wav": {"precision": 0.3076923076923077, "recall": 0.17142857142857143, "f-measure": 0.22018348623853212}, "DC06.wav": {"precision": 0.10810810810810811, "recall": 0.125, "f-measure": 0.11594202898550725}, "DC07.wav": {"precision": 0.7446808510638298, "recall": 0.6086956521739131, "f-measure": 0.6698564593301436}, "DC09.wav": {"precision": 0.17073170731707318, "recall": 0.5833333333333334, "f-measure": 0.2641509433962264}, "DC04.wav": {"precision": 0.22580645161290322, "recall": 0.2916666666666667, "f-measure": 0.2545454545454545}, "DC05.wav": {"precision": 0.19811320754716982, "recall": 0.4883720930232558, "f-measure": 0.28187919463087246}, "DC01.wav": {"precision": 0.6296296296296297, "recall": 0.4857142857142857, "f-measure": 0.5483870967741935}, "DC03.wav": {"precision": 0.3191489361702128, "recall": 0.11194029850746269, "f-measure": 0.16574585635359115}, "ME2.wav": {"precision": 0.9, "recall": 0.43902439024390244, "f-measure": 0.5901639344262295}, "ME1.wav": {"precision": 0.24324324324324326, "recall": 0.8181818181818182, "f-measure": 0.375}}}