{"set_name": "TEST", "report_date": "08122021_19_17_54", "overall_scores": {"precision": 0.5254930254930255, "recall": 0.3793320995485074, "fmeasure (percentage)": 44.061}, "scores_per_subset": {"ML": {"precision": 0.8333333333333334, "recall": 0.2670157068062827, "f-measure": 0.40444091990483744}, "DC": {"precision": 0.43310208126858274, "recall": 0.4114877589453861, "f-measure": 0.42201834862385323}, "ME": {"precision": 0.45454545454545453, "recall": 0.5769230769230769, "f-measure": 0.5084745762711864}}, "scores_per_audiofile": {"DCASE2021-ML_129696.wav": {"precision": 1.0, "recall": 0.05263157894736842, "f-measure": 0.1}, "DCASE2021-ML_131369.wav": {"precision": 1.0, "recall": 0.125, "f-measure": 0.2222222222222222}, "DCASE2021-ML_131198.wav": {"precision": 1.0, "recall": 0.5, "f-measure": 0.6666666666666666}, "DCASE2021-ML_197045.wav": {"precision": 1.0, "recall": 0.14864864864864866, "f-measure": 0.25882352941176473}, "DCASE2021-ML_126376.wav": {"precision": 0.8571428571428571, "recall": 0.3191489361702128, "f-measure": 0.46511627906976744}, "DCASE2021-ML_191491.wav": {"precision": 0.8333333333333334, "recall": 0.5555555555555556, "f-measure": 0.6666666666666666}, "DCASE2021-ML_37045.wav": {"precision": 1.0, "recall": 0.25, "f-measure": 0.4}, "DCASE2021-ML_176488.wav": {"precision": 1.0, "recall": 0.1111111111111111, "f-measure": 0.2}, "DCASE2021-ML_40509.wav": {"precision": 1.0, "recall": 0.07317073170731707, "f-measure": 0.13636363636363635}, "DCASE2021-ML_268995.wav": {"precision": 0.5, "recall": 0.1, "f-measure": 0.16666666666666666}, "DCASE2021-ML_190099.wav": {"precision": 0.6363636363636364, "recall": 0.9333333333333333, "f-measure": 0.7567567567567568}, "DCASE2021-ML_89792.wav": {"precision": 1.0, "recall": 0.7586206896551724, "f-measure": 0.8627450980392157}, "DCASE2021-ML_72010931.wav": {"precision": 1.0, "recall": 0.2711864406779661, "f-measure": 0.4266666666666667}, "DCASE2021-ML_273164.wav": {"precision": 1e-05, "recall": 1e-05, "f-measure": 1e-05}, "DCASE2021-ML_53963.wav": {"precision": 1.0, "recall": 0.4358974358974359, "f-measure": 0.6071428571428571}, "DCASE2021-ML_521435.wav": {"precision": 0.5681818181818182, "recall": 0.43103448275862066, "f-measure": 0.49019607843137253}, "DCASE2021-ML_168236.wav": {"precision": 0.8111111111111111, "recall": 0.6636363636363637, "f-measure": 0.73}, "DC11.wav": {"precision": 0.0625, "recall": 0.018518518518518517, "f-measure": 0.02857142857142857}, "DC10.wav": {"precision": 0.42857142857142855, "recall": 0.7560975609756098, "f-measure": 0.5470588235294118}, "DC12.wav": {"precision": 0.2, "recall": 0.13953488372093023, "f-measure": 0.1643835616438356}, "DC08.wav": {"precision": 0.8133333333333334, "recall": 0.6777777777777778, "f-measure": 0.7393939393939394}, "DC02.wav": {"precision": 0.32941176470588235, "recall": 0.2, "f-measure": 0.24888888888888888}, "DC06.wav": {"precision": 0.11688311688311688, "recall": 0.140625, "f-measure": 0.1276595744680851}, "DC07.wav": {"precision": 0.7292817679558011, "recall": 0.5739130434782609, "f-measure": 0.6423357664233577}, "DC09.wav": {"precision": 0.13333333333333333, "recall": 0.5, "f-measure": 0.21052631578947367}, "DC04.wav": {"precision": 0.1891891891891892, "recall": 0.2916666666666667, "f-measure": 0.22950819672131148}, "DC05.wav": {"precision": 0.21052631578947367, "recall": 0.5581395348837209, "f-measure": 0.3057324840764331}, "DC01.wav": {"precision": 0.632183908045977, "recall": 0.5238095238095238, "f-measure": 0.5729166666666666}, "DC03.wav": {"precision": 0.3333333333333333, "recall": 0.11194029850746269, "f-measure": 0.16759776536312848}, "ME2.wav": {"precision": 0.9090909090909091, "recall": 0.4878048780487805, "f-measure": 0.6349206349206349}, "ME1.wav": {"precision": 0.22727272727272727, "recall": 0.9090909090909091, "f-measure": 0.36363636363636365}}}