{"set_name": "TEST", "report_date": "08122021_19_40_50", "overall_scores": {"precision": 0.6348037347572164, "recall": 0.380132282667173, "fmeasure (percentage)": 47.552}, "scores_per_subset": {"ML": {"precision": 0.9294871794871795, "recall": 0.30526315789473685, "f-measure": 0.4595879556259905}, "DC": {"precision": 0.5299837925445705, "recall": 0.307909604519774, "f-measure": 0.3895175699821322}, "ME": {"precision": 0.5671641791044776, "recall": 0.7307692307692307, "f-measure": 0.6386554621848739}}, "scores_per_audiofile": {"DCASE2021-ML_129696.wav": {"precision": 1.0, "recall": 0.21052631578947367, "f-measure": 0.34782608695652173}, "DCASE2021-ML_131369.wav": {"precision": 0.9, "recall": 0.225, "f-measure": 0.36}, "DCASE2021-ML_131198.wav": {"precision": 0.5, "recall": 1.0, "f-measure": 0.6666666666666666}, "DCASE2021-ML_197045.wav": {"precision": 1.0, "recall": 0.6621621621621622, "f-measure": 0.7967479674796748}, "DCASE2021-ML_126376.wav": {"precision": 1.0, "recall": 0.20212765957446807, "f-measure": 0.336283185840708}, "DCASE2021-ML_191491.wav": {"precision": 1.0, "recall": 0.4444444444444444, "f-measure": 0.6153846153846154}, "DCASE2021-ML_37045.wav": {"precision": 0.9166666666666666, "recall": 0.9166666666666666, "f-measure": 0.9166666666666666}, "DCASE2021-ML_176488.wav": {"precision": 1.0, "recall": 0.3333333333333333, "f-measure": 0.5}, "DCASE2021-ML_40509.wav": {"precision": 1.0, "recall": 0.08130081300813008, "f-measure": 0.15037593984962405}, "DCASE2021-ML_268995.wav": {"precision": 1.0, "recall": 1.0, "f-measure": 1.0}, "DCASE2021-ML_190099.wav": {"precision": 1.0, "recall": 0.6666666666666666, "f-measure": 0.8}, "DCASE2021-ML_89792.wav": {"precision": 1.0, "recall": 0.9655172413793104, "f-measure": 0.9824561403508771}, "DCASE2021-ML_72010931.wav": {"precision": 1.0, "recall": 0.0847457627118644, "f-measure": 0.15625}, "DCASE2021-ML_273164.wav": {"precision": 1.0, "recall": 0.006666666666666667, "f-measure": 0.013245033112582781}, "DCASE2021-ML_53963.wav": {"precision": 1.0, "recall": 0.10256410256410256, "f-measure": 0.18604651162790697}, "DCASE2021-ML_521435.wav": {"precision": 0.8780487804878049, "recall": 0.6206896551724138, "f-measure": 0.7272727272727273}, "DCASE2021-ML_168236.wav": {"precision": 0.8589743589743589, "recall": 0.6090909090909091, "f-measure": 0.7127659574468085}, "DC11.wav": {"precision": 0.11428571428571428, "recall": 0.2222222222222222, "f-measure": 0.1509433962264151}, "DC10.wav": {"precision": 0.5098039215686274, "recall": 0.21138211382113822, "f-measure": 0.2988505747126437}, "DC12.wav": {"precision": 1e-05, "recall": 1e-05, "f-measure": 1e-05}, "DC08.wav": {"precision": 0.9803921568627451, "recall": 0.5555555555555556, "f-measure": 0.7092198581560284}, "DC02.wav": {"precision": 0.5172413793103449, "recall": 0.10714285714285714, "f-measure": 0.17751479289940827}, "DC06.wav": {"precision": 0.06451612903225806, "recall": 0.03125, "f-measure": 0.042105263157894736}, "DC07.wav": {"precision": 0.8806818181818182, "recall": 0.6739130434782609, "f-measure": 0.7635467980295566}, "DC09.wav": {"precision": 0.14285714285714285, "recall": 0.3333333333333333, "f-measure": 0.2}, "DC04.wav": {"precision": 1e-05, "recall": 1e-05, "f-measure": 1e-05}, "DC05.wav": {"precision": 0.26, "recall": 0.3023255813953488, "f-measure": 0.27956989247311825}, "DC01.wav": {"precision": 0.8666666666666667, "recall": 0.37142857142857144, "f-measure": 0.52}, "DC03.wav": {"precision": 0.2972972972972973, "recall": 0.08208955223880597, "f-measure": 0.1286549707602339}, "ME2.wav": {"precision": 0.8235294117647058, "recall": 0.6829268292682927, "f-measure": 0.7466666666666667}, "ME1.wav": {"precision": 0.30303030303030304, "recall": 0.9090909090909091, "f-measure": 0.45454545454545453}}}