{"set_name": "TEST", "report_date": "08122021_12_02_27", "overall_scores": {"precision": 0.5697421158689207, "recall": 0.3969951195672308, "fmeasure (percentage)": 46.793}, "scores_per_subset": {"ML": {"precision": 0.8838028169014085, "recall": 0.2628272251308901, "f-measure": 0.40516545601291365}, "DC": {"precision": 0.4556489262371615, "recall": 0.4595103578154426, "f-measure": 0.4575714955461791}, "ME": {"precision": 0.515625, "recall": 0.6346153846153846, "f-measure": 0.5689655172413793}}, "scores_per_audiofile": {"DCASE2021-ML_129696.wav": {"precision": 0.8333333333333334, "recall": 0.06578947368421052, "f-measure": 0.12195121951219512}, "DCASE2021-ML_131369.wav": {"precision": 0.8181818181818182, "recall": 0.225, "f-measure": 0.35294117647058826}, "DCASE2021-ML_131198.wav": {"precision": 1.0, "recall": 0.5, "f-measure": 0.6666666666666666}, "DCASE2021-ML_197045.wav": {"precision": 1.0, "recall": 0.20270270270270271, "f-measure": 0.33707865168539325}, "DCASE2021-ML_126376.wav": {"precision": 0.875, "recall": 0.2978723404255319, "f-measure": 0.4444444444444444}, "DCASE2021-ML_191491.wav": {"precision": 1.0, "recall": 0.6666666666666666, "f-measure": 0.8}, "DCASE2021-ML_37045.wav": {"precision": 1.0, "recall": 0.08333333333333333, "f-measure": 0.15384615384615385}, "DCASE2021-ML_176488.wav": {"precision": 1.0, "recall": 0.6666666666666666, "f-measure": 0.8}, "DCASE2021-ML_40509.wav": {"precision": 1.0, "recall": 0.06504065040650407, "f-measure": 0.12213740458015267}, "DCASE2021-ML_268995.wav": {"precision": 0.8, "recall": 0.4, "f-measure": 0.5333333333333333}, "DCASE2021-ML_190099.wav": {"precision": 0.7777777777777778, "recall": 0.9333333333333333, "f-measure": 0.8484848484848485}, "DCASE2021-ML_89792.wav": {"precision": 0.9545454545454546, "recall": 0.7241379310344828, "f-measure": 0.8235294117647058}, "DCASE2021-ML_72010931.wav": {"precision": 1.0, "recall": 0.13559322033898305, "f-measure": 0.23880597014925373}, "DCASE2021-ML_273164.wav": {"precision": 1e-05, "recall": 1e-05, "f-measure": 1e-05}, "DCASE2021-ML_53963.wav": {"precision": 1.0, "recall": 0.5, "f-measure": 0.6666666666666666}, "DCASE2021-ML_521435.wav": {"precision": 0.7297297297297297, "recall": 0.46551724137931033, "f-measure": 0.5684210526315789}, "DCASE2021-ML_168236.wav": {"precision": 0.8529411764705882, "recall": 0.5272727272727272, "f-measure": 0.651685393258427}, "DC11.wav": {"precision": 0.1111111111111111, "recall": 0.1111111111111111, "f-measure": 0.1111111111111111}, "DC10.wav": {"precision": 0.42920353982300885, "recall": 0.7886178861788617, "f-measure": 0.5558739255014327}, "DC12.wav": {"precision": 0.3387096774193548, "recall": 0.4883720930232558, "f-measure": 0.4}, "DC08.wav": {"precision": 0.8539325842696629, "recall": 0.8444444444444444, "f-measure": 0.8491620111731844}, "DC02.wav": {"precision": 0.3466666666666667, "recall": 0.18571428571428572, "f-measure": 0.24186046511627907}, "DC06.wav": {"precision": 0.11267605633802817, "recall": 0.125, "f-measure": 0.11851851851851852}, "DC07.wav": {"precision": 0.7431192660550459, "recall": 0.7043478260869566, "f-measure": 0.7232142857142857}, "DC09.wav": {"precision": 0.13636363636363635, "recall": 0.5, "f-measure": 0.21428571428571427}, "DC04.wav": {"precision": 0.21875, "recall": 0.2916666666666667, "f-measure": 0.25}, "DC05.wav": {"precision": 0.17391304347826086, "recall": 0.37209302325581395, "f-measure": 0.23703703703703705}, "DC01.wav": {"precision": 0.7536231884057971, "recall": 0.49523809523809526, "f-measure": 0.5977011494252874}, "DC03.wav": {"precision": 0.28205128205128205, "recall": 0.08208955223880597, "f-measure": 0.12716763005780346}, "ME2.wav": {"precision": 0.9230769230769231, "recall": 0.5853658536585366, "f-measure": 0.7164179104477612}, "ME1.wav": {"precision": 0.23684210526315788, "recall": 0.8181818181818182, "f-measure": 0.3673469387755102}}}