{"set_name": "TEST", "report_date": "09122021_00_23_24", "overall_scores": {"precision": 0.5254524338642055, "recall": 0.35309540840253334, "fmeasure (percentage)": 42.237}, "scores_per_subset": {"ML": {"precision": 0.8237410071942446, "recall": 0.23854166666666668, "f-measure": 0.36995153473344106}, "DC": {"precision": 0.4383838383838384, "recall": 0.4086629001883239, "f-measure": 0.42300194931773877}, "ME": {"precision": 0.45161290322580644, "recall": 0.5384615384615384, "f-measure": 0.49122807017543857}}, "scores_per_audiofile": {"DCASE2021-ML_129696.wav": {"precision": 1.0, "recall": 0.039473684210526314, "f-measure": 0.0759493670886076}, "DCASE2021-ML_131369.wav": {"precision": 1.0, "recall": 0.15, "f-measure": 0.2608695652173913}, "DCASE2021-ML_131198.wav": {"precision": 1e-05, "recall": 1e-05, "f-measure": 1e-05}, "DCASE2021-ML_197045.wav": {"precision": 1.0, "recall": 0.0945945945945946, "f-measure": 0.1728395061728395}, "DCASE2021-ML_126376.wav": {"precision": 0.8709677419354839, "recall": 0.2872340425531915, "f-measure": 0.432}, "DCASE2021-ML_191491.wav": {"precision": 0.6666666666666666, "recall": 0.2222222222222222, "f-measure": 0.3333333333333333}, "DCASE2021-ML_37045.wav": {"precision": 1.0, "recall": 0.3333333333333333, "f-measure": 0.5}, "DCASE2021-ML_176488.wav": {"precision": 1.0, "recall": 0.2222222222222222, "f-measure": 0.36363636363636365}, "DCASE2021-ML_40509.wav": {"precision": 1.0, "recall": 0.07317073170731707, "f-measure": 0.13636363636363635}, "DCASE2021-ML_268995.wav": {"precision": 0.5, "recall": 0.1, "f-measure": 0.16666666666666666}, "DCASE2021-ML_190099.wav": {"precision": 0.7368421052631579, "recall": 0.9333333333333333, "f-measure": 0.8235294117647058}, "DCASE2021-ML_89792.wav": {"precision": 1.0, "recall": 0.7241379310344828, "f-measure": 0.84}, "DCASE2021-ML_72010931.wav": {"precision": 1.0, "recall": 0.2711864406779661, "f-measure": 0.4266666666666667}, "DCASE2021-ML_273164.wav": {"precision": 1e-05, "recall": 1e-05, "f-measure": 1e-05}, "DCASE2021-ML_53963.wav": {"precision": 1.0, "recall": 0.3333333333333333, "f-measure": 0.5}, "DCASE2021-ML_521435.wav": {"precision": 0.5882352941176471, "recall": 0.3448275862068966, "f-measure": 0.43478260869565216}, "DCASE2021-ML_168236.wav": {"precision": 0.7473684210526316, "recall": 0.6454545454545455, "f-measure": 0.6926829268292682}, "DC11.wav": {"precision": 0.05, "recall": 0.018518518518518517, "f-measure": 0.02702702702702703}, "DC10.wav": {"precision": 0.44285714285714284, "recall": 0.7560975609756098, "f-measure": 0.5585585585585585}, "DC12.wav": {"precision": 0.1111111111111111, "recall": 0.06976744186046512, "f-measure": 0.08571428571428572}, "DC08.wav": {"precision": 0.7894736842105263, "recall": 0.6666666666666666, "f-measure": 0.7228915662650602}, "DC02.wav": {"precision": 0.3048780487804878, "recall": 0.17857142857142858, "f-measure": 0.22522522522522523}, "DC06.wav": {"precision": 0.1095890410958904, "recall": 0.125, "f-measure": 0.11678832116788321}, "DC07.wav": {"precision": 0.717948717948718, "recall": 0.6086956521739131, "f-measure": 0.6588235294117647}, "DC09.wav": {"precision": 0.16666666666666666, "recall": 0.5833333333333334, "f-measure": 0.25925925925925924}, "DC04.wav": {"precision": 0.22580645161290322, "recall": 0.2916666666666667, "f-measure": 0.2545454545454545}, "DC05.wav": {"precision": 0.19047619047619047, "recall": 0.46511627906976744, "f-measure": 0.2702702702702703}, "DC01.wav": {"precision": 0.6829268292682927, "recall": 0.5333333333333333, "f-measure": 0.5989304812834224}, "DC03.wav": {"precision": 0.2978723404255319, "recall": 0.1044776119402985, "f-measure": 0.15469613259668508}, "ME2.wav": {"precision": 0.9047619047619048, "recall": 0.4634146341463415, "f-measure": 0.6129032258064516}, "ME1.wav": {"precision": 0.21951219512195122, "recall": 0.8181818181818182, "f-measure": 0.34615384615384615}}}