{"set_name": "TEST", "report_date": "08122021_19_11_35", "overall_scores": {"precision": 0.522953848540333, "recall": 0.36812848520656405, "fmeasure (percentage)": 43.209}, "scores_per_subset": {"ML": {"precision": 0.8157894736842105, "recall": 0.25968586387434556, "f-measure": 0.39396346306592533}, "DC": {"precision": 0.43543543543543545, "recall": 0.4096045197740113, "f-measure": 0.42212518195050946}, "ME": {"precision": 0.45161290322580644, "recall": 0.5384615384615384, "f-measure": 0.49122807017543857}}, "scores_per_audiofile": {"DCASE2021-ML_129696.wav": {"precision": 1.0, "recall": 0.05263157894736842, "f-measure": 0.1}, "DCASE2021-ML_131369.wav": {"precision": 0.8888888888888888, "recall": 0.2, "f-measure": 0.32653061224489793}, "DCASE2021-ML_131198.wav": {"precision": 1.0, "recall": 0.75, "f-measure": 0.8571428571428571}, "DCASE2021-ML_197045.wav": {"precision": 0.9, "recall": 0.12162162162162163, "f-measure": 0.21428571428571427}, "DCASE2021-ML_126376.wav": {"precision": 0.8235294117647058, "recall": 0.2978723404255319, "f-measure": 0.4375}, "DCASE2021-ML_191491.wav": {"precision": 0.75, "recall": 0.3333333333333333, "f-measure": 0.46153846153846156}, "DCASE2021-ML_37045.wav": {"precision": 1.0, "recall": 0.25, "f-measure": 0.4}, "DCASE2021-ML_176488.wav": {"precision": 1.0, "recall": 0.4444444444444444, "f-measure": 0.6153846153846154}, "DCASE2021-ML_40509.wav": {"precision": 1.0, "recall": 0.08943089430894309, "f-measure": 0.16417910447761194}, "DCASE2021-ML_268995.wav": {"precision": 0.5, "recall": 0.1, "f-measure": 0.16666666666666666}, "DCASE2021-ML_190099.wav": {"precision": 0.7142857142857143, "recall": 1.0, "f-measure": 0.8333333333333334}, "DCASE2021-ML_89792.wav": {"precision": 1.0, "recall": 0.7931034482758621, "f-measure": 0.8846153846153846}, "DCASE2021-ML_72010931.wav": {"precision": 1.0, "recall": 0.288135593220339, "f-measure": 0.4473684210526316}, "DCASE2021-ML_273164.wav": {"precision": 1e-05, "recall": 1e-05, "f-measure": 1e-05}, "DCASE2021-ML_53963.wav": {"precision": 1.0, "recall": 0.3333333333333333, "f-measure": 0.5}, "DCASE2021-ML_521435.wav": {"precision": 0.6444444444444445, "recall": 0.5, "f-measure": 0.5631067961165048}, "DCASE2021-ML_168236.wav": {"precision": 0.7272727272727273, "recall": 0.5818181818181818, "f-measure": 0.6464646464646465}, "DC11.wav": {"precision": 0.10526315789473684, "recall": 0.037037037037037035, "f-measure": 0.0547945205479452}, "DC10.wav": {"precision": 0.44761904761904764, "recall": 0.7642276422764228, "f-measure": 0.5645645645645646}, "DC12.wav": {"precision": 0.18181818181818182, "recall": 0.13953488372093023, "f-measure": 0.15789473684210525}, "DC08.wav": {"precision": 0.7972972972972973, "recall": 0.6555555555555556, "f-measure": 0.7195121951219512}, "DC02.wav": {"precision": 0.30864197530864196, "recall": 0.17857142857142858, "f-measure": 0.22624434389140272}, "DC06.wav": {"precision": 0.12, "recall": 0.140625, "f-measure": 0.12949640287769784}, "DC07.wav": {"precision": 0.7225130890052356, "recall": 0.6, "f-measure": 0.6555819477434679}, "DC09.wav": {"precision": 0.16279069767441862, "recall": 0.5833333333333334, "f-measure": 0.2545454545454545}, "DC04.wav": {"precision": 0.23529411764705882, "recall": 0.3333333333333333, "f-measure": 0.27586206896551724}, "DC05.wav": {"precision": 0.1926605504587156, "recall": 0.4883720930232558, "f-measure": 0.27631578947368424}, "DC01.wav": {"precision": 0.6206896551724138, "recall": 0.5142857142857142, "f-measure": 0.5625}, "DC03.wav": {"precision": 0.27906976744186046, "recall": 0.08955223880597014, "f-measure": 0.13559322033898305}, "ME2.wav": {"precision": 0.8636363636363636, "recall": 0.4634146341463415, "f-measure": 0.6031746031746031}, "ME1.wav": {"precision": 0.225, "recall": 0.8181818181818182, "f-measure": 0.35294117647058826}}}