{"set_name": "TEST", "report_date": "08122021_12_30_31", "overall_scores": {"precision": 0.571997905916654, "recall": 0.42387300954928514, "fmeasure (percentage)": 48.692}, "scores_per_subset": {"ML": {"precision": 0.8603174603174604, "recall": 0.2837696335078534, "f-measure": 0.4267716535433071}, "DC": {"precision": 0.4516728624535316, "recall": 0.4576271186440678, "f-measure": 0.4546304957904584}, "ME": {"precision": 0.5352112676056338, "recall": 0.7307692307692307, "f-measure": 0.6178861788617886}}, "scores_per_audiofile": {"DCASE2021-ML_129696.wav": {"precision": 1.0, "recall": 0.013157894736842105, "f-measure": 0.025974025974025976}, "DCASE2021-ML_131369.wav": {"precision": 1.0, "recall": 0.225, "f-measure": 0.3673469387755102}, "DCASE2021-ML_131198.wav": {"precision": 1.0, "recall": 1.0, "f-measure": 1.0}, "DCASE2021-ML_197045.wav": {"precision": 1.0, "recall": 0.22972972972972974, "f-measure": 0.37362637362637363}, "DCASE2021-ML_126376.wav": {"precision": 0.868421052631579, "recall": 0.35106382978723405, "f-measure": 0.5}, "DCASE2021-ML_191491.wav": {"precision": 1.0, "recall": 0.8888888888888888, "f-measure": 0.9411764705882353}, "DCASE2021-ML_37045.wav": {"precision": 1.0, "recall": 0.16666666666666666, "f-measure": 0.2857142857142857}, "DCASE2021-ML_176488.wav": {"precision": 1.0, "recall": 0.5555555555555556, "f-measure": 0.7142857142857143}, "DCASE2021-ML_40509.wav": {"precision": 1.0, "recall": 0.04065040650406504, "f-measure": 0.078125}, "DCASE2021-ML_268995.wav": {"precision": 1.0, "recall": 0.4, "f-measure": 0.5714285714285714}, "DCASE2021-ML_190099.wav": {"precision": 0.7647058823529411, "recall": 0.8666666666666667, "f-measure": 0.8125}, "DCASE2021-ML_89792.wav": {"precision": 0.875, "recall": 0.7241379310344828, "f-measure": 0.7924528301886793}, "DCASE2021-ML_72010931.wav": {"precision": 1.0, "recall": 0.2542372881355932, "f-measure": 0.40540540540540543}, "DCASE2021-ML_273164.wav": {"precision": 1e-05, "recall": 1e-05, "f-measure": 1e-05}, "DCASE2021-ML_53963.wav": {"precision": 1.0, "recall": 0.47435897435897434, "f-measure": 0.6434782608695652}, "DCASE2021-ML_521435.wav": {"precision": 0.6756756756756757, "recall": 0.43103448275862066, "f-measure": 0.5263157894736842}, "DCASE2021-ML_168236.wav": {"precision": 0.782608695652174, "recall": 0.6545454545454545, "f-measure": 0.7128712871287128}, "DC11.wav": {"precision": 0.10344827586206896, "recall": 0.1111111111111111, "f-measure": 0.10714285714285714}, "DC10.wav": {"precision": 0.42727272727272725, "recall": 0.7642276422764228, "f-measure": 0.5481049562682215}, "DC12.wav": {"precision": 0.3793103448275862, "recall": 0.5116279069767442, "f-measure": 0.43564356435643564}, "DC08.wav": {"precision": 0.8522727272727273, "recall": 0.8333333333333334, "f-measure": 0.8426966292134831}, "DC02.wav": {"precision": 0.3181818181818182, "recall": 0.15, "f-measure": 0.20388349514563106}, "DC06.wav": {"precision": 0.1323529411764706, "recall": 0.140625, "f-measure": 0.13636363636363635}, "DC07.wav": {"precision": 0.7268518518518519, "recall": 0.6826086956521739, "f-measure": 0.7040358744394619}, "DC09.wav": {"precision": 0.125, "recall": 0.5, "f-measure": 0.2}, "DC04.wav": {"precision": 0.21212121212121213, "recall": 0.2916666666666667, "f-measure": 0.24561403508771928}, "DC05.wav": {"precision": 0.17346938775510204, "recall": 0.3953488372093023, "f-measure": 0.24113475177304963}, "DC01.wav": {"precision": 0.7407407407407407, "recall": 0.5714285714285714, "f-measure": 0.6451612903225806}, "DC03.wav": {"precision": 0.2857142857142857, "recall": 0.08955223880597014, "f-measure": 0.13636363636363635}, "ME2.wav": {"precision": 0.8787878787878788, "recall": 0.7073170731707317, "f-measure": 0.7837837837837838}, "ME1.wav": {"precision": 0.23684210526315788, "recall": 0.8181818181818182, "f-measure": 0.3673469387755102}}}