{"set_name": "TEST", "report_date": "09122021_00_16_32", "overall_scores": {"precision": 0.5436067430310608, "recall": 0.33611886445639594, "fmeasure (percentage)": 41.539}, "scores_per_subset": {"ML": {"precision": 0.7992125984251969, "recall": 0.21145833333333333, "f-measure": 0.3344316309719934}, "DC": {"precision": 0.45536609829488467, "recall": 0.4274952919020716, "f-measure": 0.44099077221952404}, "ME": {"precision": 0.4827586206896552, "recall": 0.5384615384615384, "f-measure": 0.509090909090909}}, "scores_per_audiofile": {"DCASE2021-ML_129696.wav": {"precision": 1.0, "recall": 0.05263157894736842, "f-measure": 0.1}, "DCASE2021-ML_131369.wav": {"precision": 1.0, "recall": 0.15, "f-measure": 0.2608695652173913}, "DCASE2021-ML_131198.wav": {"precision": 1e-05, "recall": 1e-05, "f-measure": 1e-05}, "DCASE2021-ML_197045.wav": {"precision": 1.0, "recall": 0.08108108108108109, "f-measure": 0.15}, "DCASE2021-ML_126376.wav": {"precision": 0.8695652173913043, "recall": 0.2127659574468085, "f-measure": 0.3418803418803419}, "DCASE2021-ML_191491.wav": {"precision": 0.8571428571428571, "recall": 0.6666666666666666, "f-measure": 0.75}, "DCASE2021-ML_37045.wav": {"precision": 1.0, "recall": 0.16666666666666666, "f-measure": 0.2857142857142857}, "DCASE2021-ML_176488.wav": {"precision": 1.0, "recall": 0.1111111111111111, "f-measure": 0.2}, "DCASE2021-ML_40509.wav": {"precision": 1.0, "recall": 0.04878048780487805, "f-measure": 0.09302325581395349}, "DCASE2021-ML_268995.wav": {"precision": 0.5, "recall": 0.1, "f-measure": 0.16666666666666666}, "DCASE2021-ML_190099.wav": {"precision": 0.6842105263157895, "recall": 0.8666666666666667, "f-measure": 0.7647058823529411}, "DCASE2021-ML_89792.wav": {"precision": 1.0, "recall": 0.5517241379310345, "f-measure": 0.7111111111111111}, "DCASE2021-ML_72010931.wav": {"precision": 1.0, "recall": 0.2542372881355932, "f-measure": 0.40540540540540543}, "DCASE2021-ML_273164.wav": {"precision": 1e-05, "recall": 1e-05, "f-measure": 1e-05}, "DCASE2021-ML_53963.wav": {"precision": 1.0, "recall": 0.28205128205128205, "f-measure": 0.44}, "DCASE2021-ML_521435.wav": {"precision": 0.48484848484848486, "recall": 0.27586206896551724, "f-measure": 0.3516483516483517}, "DCASE2021-ML_168236.wav": {"precision": 0.75, "recall": 0.6272727272727273, "f-measure": 0.6831683168316832}, "DC11.wav": {"precision": 0.06666666666666667, "recall": 0.037037037037037035, "f-measure": 0.047619047619047616}, "DC10.wav": {"precision": 0.431924882629108, "recall": 0.7479674796747967, "f-measure": 0.5476190476190477}, "DC12.wav": {"precision": 0.28205128205128205, "recall": 0.2558139534883721, "f-measure": 0.2682926829268293}, "DC08.wav": {"precision": 0.7926829268292683, "recall": 0.7222222222222222, "f-measure": 0.7558139534883721}, "DC02.wav": {"precision": 0.3484848484848485, "recall": 0.16428571428571428, "f-measure": 0.22330097087378642}, "DC06.wav": {"precision": 0.10144927536231885, "recall": 0.109375, "f-measure": 0.10526315789473684}, "DC07.wav": {"precision": 0.73, "recall": 0.6347826086956522, "f-measure": 0.6790697674418604}, "DC09.wav": {"precision": 0.14583333333333334, "recall": 0.5833333333333334, "f-measure": 0.23333333333333334}, "DC04.wav": {"precision": 0.2962962962962963, "recall": 0.3333333333333333, "f-measure": 0.3137254901960784}, "DC05.wav": {"precision": 0.20618556701030927, "recall": 0.46511627906976744, "f-measure": 0.2857142857142857}, "DC01.wav": {"precision": 0.7142857142857143, "recall": 0.5714285714285714, "f-measure": 0.6349206349206349}, "DC03.wav": {"precision": 0.30952380952380953, "recall": 0.09701492537313433, "f-measure": 0.14772727272727273}, "ME2.wav": {"precision": 0.9, "recall": 0.43902439024390244, "f-measure": 0.5901639344262295}, "ME1.wav": {"precision": 0.2631578947368421, "recall": 0.9090909090909091, "f-measure": 0.40816326530612246}}}