{"set_name": "TEST", "report_date": "08122021_14_21_40", "overall_scores": {"precision": 0.5936234760199754, "recall": 0.351613685998544, "fmeasure (percentage)": 44.164}, "scores_per_subset": {"ML": {"precision": 0.8967136150234741, "recall": 0.2, "f-measure": 0.3270547945205479}, "DC": {"precision": 0.47214076246334313, "recall": 0.4548022598870056, "f-measure": 0.4633093525179856}, "ME": {"precision": 0.5492957746478874, "recall": 0.75, "f-measure": 0.6341463414634146}}, "scores_per_audiofile": {"DCASE2021-ML_129696.wav": {"precision": 1.0, "recall": 0.02631578947368421, "f-measure": 0.05128205128205128}, "DCASE2021-ML_131369.wav": {"precision": 1.0, "recall": 0.05, "f-measure": 0.09523809523809523}, "DCASE2021-ML_131198.wav": {"precision": 1e-05, "recall": 1e-05, "f-measure": 1e-05}, "DCASE2021-ML_197045.wav": {"precision": 1.0, "recall": 0.28378378378378377, "f-measure": 0.4421052631578947}, "DCASE2021-ML_126376.wav": {"precision": 1.0, "recall": 0.1702127659574468, "f-measure": 0.2909090909090909}, "DCASE2021-ML_191491.wav": {"precision": 1.0, "recall": 0.6666666666666666, "f-measure": 0.8}, "DCASE2021-ML_37045.wav": {"precision": 1.0, "recall": 0.16666666666666666, "f-measure": 0.2857142857142857}, "DCASE2021-ML_176488.wav": {"precision": 1.0, "recall": 0.5555555555555556, "f-measure": 0.7142857142857143}, "DCASE2021-ML_40509.wav": {"precision": 1.0, "recall": 0.04878048780487805, "f-measure": 0.09302325581395349}, "DCASE2021-ML_268995.wav": {"precision": 0.5, "recall": 0.1, "f-measure": 0.16666666666666666}, "DCASE2021-ML_190099.wav": {"precision": 0.7222222222222222, "recall": 0.8666666666666667, "f-measure": 0.7878787878787878}, "DCASE2021-ML_89792.wav": {"precision": 0.8421052631578947, "recall": 0.5517241379310345, "f-measure": 0.6666666666666666}, "DCASE2021-ML_72010931.wav": {"precision": 1.0, "recall": 0.2033898305084746, "f-measure": 0.3380281690140845}, "DCASE2021-ML_273164.wav": {"precision": 1.0, "recall": 0.006666666666666667, "f-measure": 0.013245033112582781}, "DCASE2021-ML_53963.wav": {"precision": 1.0, "recall": 0.038461538461538464, "f-measure": 0.07407407407407407}, "DCASE2021-ML_521435.wav": {"precision": 0.8125, "recall": 0.6724137931034483, "f-measure": 0.7358490566037735}, "DCASE2021-ML_168236.wav": {"precision": 0.92, "recall": 0.41818181818181815, "f-measure": 0.575}, "DC11.wav": {"precision": 0.18115942028985507, "recall": 0.46296296296296297, "f-measure": 0.2604166666666667}, "DC10.wav": {"precision": 0.4066666666666667, "recall": 0.4959349593495935, "f-measure": 0.4468864468864469}, "DC12.wav": {"precision": 0.29508196721311475, "recall": 0.4186046511627907, "f-measure": 0.34615384615384615}, "DC08.wav": {"precision": 0.9651162790697675, "recall": 0.9222222222222223, "f-measure": 0.9431818181818182}, "DC02.wav": {"precision": 0.3870967741935484, "recall": 0.17142857142857143, "f-measure": 0.2376237623762376}, "DC06.wav": {"precision": 0.06666666666666667, "recall": 0.046875, "f-measure": 0.05504587155963303}, "DC07.wav": {"precision": 0.7447698744769874, "recall": 0.7739130434782608, "f-measure": 0.7590618336886994}, "DC09.wav": {"precision": 0.13333333333333333, "recall": 0.5, "f-measure": 0.21052631578947367}, "DC04.wav": {"precision": 0.14285714285714285, "recall": 0.08333333333333333, "f-measure": 0.10526315789473684}, "DC05.wav": {"precision": 0.20270270270270271, "recall": 0.3488372093023256, "f-measure": 0.2564102564102564}, "DC01.wav": {"precision": 0.8028169014084507, "recall": 0.5428571428571428, "f-measure": 0.6477272727272727}, "DC03.wav": {"precision": 0.2894736842105263, "recall": 0.08208955223880597, "f-measure": 0.12790697674418605}, "ME2.wav": {"precision": 0.8823529411764706, "recall": 0.7317073170731707, "f-measure": 0.8}, "ME1.wav": {"precision": 0.24324324324324326, "recall": 0.8181818181818182, "f-measure": 0.375}}}