{"set_name": "TEST", "report_date": "08122021_21_54_44", "overall_scores": {"precision": 0.5280117737753172, "recall": 0.35875989700331057, "fmeasure (percentage)": 42.723}, "scores_per_subset": {"ML": {"precision": 0.8055555555555556, "recall": 0.24293193717277486, "f-measure": 0.37329042638777155}, "DC": {"precision": 0.4409368635437882, "recall": 0.4077212806026365, "f-measure": 0.42367906066536204}, "ME": {"precision": 0.4603174603174603, "recall": 0.5576923076923077, "f-measure": 0.5043478260869565}}, "scores_per_audiofile": {"DCASE2021-ML_129696.wav": {"precision": 1.0, "recall": 0.05263157894736842, "f-measure": 0.1}, "DCASE2021-ML_131369.wav": {"precision": 1.0, "recall": 0.125, "f-measure": 0.2222222222222222}, "DCASE2021-ML_131198.wav": {"precision": 1.0, "recall": 0.75, "f-measure": 0.8571428571428571}, "DCASE2021-ML_197045.wav": {"precision": 1.0, "recall": 0.0945945945945946, "f-measure": 0.1728395061728395}, "DCASE2021-ML_126376.wav": {"precision": 0.8518518518518519, "recall": 0.24468085106382978, "f-measure": 0.38016528925619836}, "DCASE2021-ML_191491.wav": {"precision": 0.6666666666666666, "recall": 0.2222222222222222, "f-measure": 0.3333333333333333}, "DCASE2021-ML_37045.wav": {"precision": 1.0, "recall": 0.3333333333333333, "f-measure": 0.5}, "DCASE2021-ML_176488.wav": {"precision": 1.0, "recall": 0.2222222222222222, "f-measure": 0.36363636363636365}, "DCASE2021-ML_40509.wav": {"precision": 1.0, "recall": 0.06504065040650407, "f-measure": 0.12213740458015267}, "DCASE2021-ML_268995.wav": {"precision": 0.5, "recall": 0.1, "f-measure": 0.16666666666666666}, "DCASE2021-ML_190099.wav": {"precision": 0.6666666666666666, "recall": 0.9333333333333333, "f-measure": 0.7777777777777778}, "DCASE2021-ML_89792.wav": {"precision": 0.92, "recall": 0.7931034482758621, "f-measure": 0.8518518518518519}, "DCASE2021-ML_72010931.wav": {"precision": 1.0, "recall": 0.288135593220339, "f-measure": 0.4473684210526316}, "DCASE2021-ML_273164.wav": {"precision": 1e-05, "recall": 1e-05, "f-measure": 1e-05}, "DCASE2021-ML_53963.wav": {"precision": 1.0, "recall": 0.32051282051282054, "f-measure": 0.4854368932038835}, "DCASE2021-ML_521435.wav": {"precision": 0.525, "recall": 0.3620689655172414, "f-measure": 0.42857142857142855}, "DCASE2021-ML_168236.wav": {"precision": 0.7684210526315789, "recall": 0.6636363636363637, "f-measure": 0.7121951219512195}, "DC11.wav": {"precision": 0.05263157894736842, "recall": 0.018518518518518517, "f-measure": 0.0273972602739726}, "DC10.wav": {"precision": 0.4413145539906103, "recall": 0.7642276422764228, "f-measure": 0.5595238095238095}, "DC12.wav": {"precision": 0.17857142857142858, "recall": 0.11627906976744186, "f-measure": 0.14084507042253522}, "DC08.wav": {"precision": 0.76, "recall": 0.6333333333333333, "f-measure": 0.6909090909090909}, "DC02.wav": {"precision": 0.3157894736842105, "recall": 0.17142857142857143, "f-measure": 0.2222222222222222}, "DC06.wav": {"precision": 0.1267605633802817, "recall": 0.140625, "f-measure": 0.13333333333333333}, "DC07.wav": {"precision": 0.717948717948718, "recall": 0.6086956521739131, "f-measure": 0.6588235294117647}, "DC09.wav": {"precision": 0.14285714285714285, "recall": 0.5, "f-measure": 0.2222222222222222}, "DC04.wav": {"precision": 0.26666666666666666, "recall": 0.3333333333333333, "f-measure": 0.2962962962962963}, "DC05.wav": {"precision": 0.2, "recall": 0.4883720930232558, "f-measure": 0.28378378378378377}, "DC01.wav": {"precision": 0.6585365853658537, "recall": 0.5142857142857142, "f-measure": 0.5775401069518716}, "DC03.wav": {"precision": 0.30434782608695654, "recall": 0.1044776119402985, "f-measure": 0.15555555555555556}, "ME2.wav": {"precision": 0.9090909090909091, "recall": 0.4878048780487805, "f-measure": 0.6349206349206349}, "ME1.wav": {"precision": 0.21951219512195122, "recall": 0.8181818181818182, "f-measure": 0.34615384615384615}}}