{"set_name": "TEST", "report_date": "08122021_13_48_51", "overall_scores": {"precision": 0.6372523128663866, "recall": 0.381806547346151, "fmeasure (percentage)": 47.751}, "scores_per_subset": {"ML": {"precision": 0.9274447949526814, "recall": 0.3094736842105263, "f-measure": 0.46408839779005523}, "DC": {"precision": 0.5283630470016207, "recall": 0.3069679849340866, "f-measure": 0.38832638475282905}, "ME": {"precision": 0.5757575757575758, "recall": 0.7307692307692307, "f-measure": 0.6440677966101694}}, "scores_per_audiofile": {"DCASE2021-ML_129696.wav": {"precision": 0.95, "recall": 0.25, "f-measure": 0.3958333333333333}, "DCASE2021-ML_131369.wav": {"precision": 0.8571428571428571, "recall": 0.15, "f-measure": 0.2553191489361702}, "DCASE2021-ML_131198.wav": {"precision": 0.5, "recall": 1.0, "f-measure": 0.6666666666666666}, "DCASE2021-ML_197045.wav": {"precision": 1.0, "recall": 0.6756756756756757, "f-measure": 0.8064516129032258}, "DCASE2021-ML_126376.wav": {"precision": 1.0, "recall": 0.18085106382978725, "f-measure": 0.3063063063063063}, "DCASE2021-ML_191491.wav": {"precision": 1.0, "recall": 0.3333333333333333, "f-measure": 0.5}, "DCASE2021-ML_37045.wav": {"precision": 0.9166666666666666, "recall": 0.9166666666666666, "f-measure": 0.9166666666666666}, "DCASE2021-ML_176488.wav": {"precision": 1.0, "recall": 0.2222222222222222, "f-measure": 0.36363636363636365}, "DCASE2021-ML_40509.wav": {"precision": 1.0, "recall": 0.13008130081300814, "f-measure": 0.2302158273381295}, "DCASE2021-ML_268995.wav": {"precision": 1.0, "recall": 1.0, "f-measure": 1.0}, "DCASE2021-ML_190099.wav": {"precision": 1.0, "recall": 0.6666666666666666, "f-measure": 0.8}, "DCASE2021-ML_89792.wav": {"precision": 1.0, "recall": 0.9655172413793104, "f-measure": 0.9824561403508771}, "DCASE2021-ML_72010931.wav": {"precision": 1.0, "recall": 0.1016949152542373, "f-measure": 0.18461538461538463}, "DCASE2021-ML_273164.wav": {"precision": 1.0, "recall": 0.006666666666666667, "f-measure": 0.013245033112582781}, "DCASE2021-ML_53963.wav": {"precision": 1.0, "recall": 0.10256410256410256, "f-measure": 0.18604651162790697}, "DCASE2021-ML_521435.wav": {"precision": 0.8837209302325582, "recall": 0.6551724137931034, "f-measure": 0.7524752475247525}, "DCASE2021-ML_168236.wav": {"precision": 0.8552631578947368, "recall": 0.5909090909090909, "f-measure": 0.6989247311827957}, "DC11.wav": {"precision": 0.10784313725490197, "recall": 0.2037037037037037, "f-measure": 0.14102564102564102}, "DC10.wav": {"precision": 0.5094339622641509, "recall": 0.21951219512195122, "f-measure": 0.3068181818181818}, "DC12.wav": {"precision": 1e-05, "recall": 1e-05, "f-measure": 1e-05}, "DC08.wav": {"precision": 0.9795918367346939, "recall": 0.5333333333333333, "f-measure": 0.6906474820143885}, "DC02.wav": {"precision": 0.5357142857142857, "recall": 0.10714285714285714, "f-measure": 0.17857142857142858}, "DC06.wav": {"precision": 0.0625, "recall": 0.03125, "f-measure": 0.041666666666666664}, "DC07.wav": {"precision": 0.8729281767955801, "recall": 0.6869565217391305, "f-measure": 0.7688564476885644}, "DC09.wav": {"precision": 0.14285714285714285, "recall": 0.3333333333333333, "f-measure": 0.2}, "DC04.wav": {"precision": 1e-05, "recall": 1e-05, "f-measure": 1e-05}, "DC05.wav": {"precision": 0.22448979591836735, "recall": 0.2558139534883721, "f-measure": 0.2391304347826087}, "DC01.wav": {"precision": 0.8666666666666667, "recall": 0.37142857142857144, "f-measure": 0.52}, "DC03.wav": {"precision": 0.2972972972972973, "recall": 0.08208955223880597, "f-measure": 0.1286549707602339}, "ME2.wav": {"precision": 0.8484848484848485, "recall": 0.6829268292682927, "f-measure": 0.7567567567567568}, "ME1.wav": {"precision": 0.30303030303030304, "recall": 0.9090909090909091, "f-measure": 0.45454545454545453}}}