{"set_name": "TEST", "report_date": "08122021_16_33_34", "overall_scores": {"precision": 0.5402432747671856, "recall": 0.3993680220469648, "fmeasure (percentage)": 45.924}, "scores_per_subset": {"ML": {"precision": 0.8168168168168168, "recall": 0.2848167539267016, "f-measure": 0.422360248447205}, "DC": {"precision": 0.4352482960077897, "recall": 0.4209039548022599, "f-measure": 0.4279559597893729}, "ME": {"precision": 0.49230769230769234, "recall": 0.6153846153846154, "f-measure": 0.5470085470085471}}, "scores_per_audiofile": {"DCASE2021-ML_129696.wav": {"precision": 1.0, "recall": 0.02631578947368421, "f-measure": 0.05128205128205128}, "DCASE2021-ML_131369.wav": {"precision": 0.875, "recall": 0.175, "f-measure": 0.2916666666666667}, "DCASE2021-ML_131198.wav": {"precision": 1e-05, "recall": 1e-05, "f-measure": 1e-05}, "DCASE2021-ML_197045.wav": {"precision": 1.0, "recall": 0.14864864864864866, "f-measure": 0.25882352941176473}, "DCASE2021-ML_126376.wav": {"precision": 0.8863636363636364, "recall": 0.4148936170212766, "f-measure": 0.5652173913043478}, "DCASE2021-ML_191491.wav": {"precision": 1.0, "recall": 0.2222222222222222, "f-measure": 0.36363636363636365}, "DCASE2021-ML_37045.wav": {"precision": 1.0, "recall": 0.4166666666666667, "f-measure": 0.5882352941176471}, "DCASE2021-ML_176488.wav": {"precision": 1.0, "recall": 0.4444444444444444, "f-measure": 0.6153846153846154}, "DCASE2021-ML_40509.wav": {"precision": 1.0, "recall": 0.06504065040650407, "f-measure": 0.12213740458015267}, "DCASE2021-ML_268995.wav": {"precision": 0.75, "recall": 0.3, "f-measure": 0.42857142857142855}, "DCASE2021-ML_190099.wav": {"precision": 0.5769230769230769, "recall": 1.0, "f-measure": 0.7317073170731707}, "DCASE2021-ML_89792.wav": {"precision": 1.0, "recall": 0.5862068965517241, "f-measure": 0.7391304347826086}, "DCASE2021-ML_72010931.wav": {"precision": 1.0, "recall": 0.288135593220339, "f-measure": 0.4473684210526316}, "DCASE2021-ML_273164.wav": {"precision": 1.0, "recall": 0.006666666666666667, "f-measure": 0.013245033112582781}, "DCASE2021-ML_53963.wav": {"precision": 1.0, "recall": 0.44871794871794873, "f-measure": 0.6194690265486725}, "DCASE2021-ML_521435.wav": {"precision": 0.6222222222222222, "recall": 0.4827586206896552, "f-measure": 0.5436893203883495}, "DCASE2021-ML_168236.wav": {"precision": 0.75, "recall": 0.7090909090909091, "f-measure": 0.7289719626168224}, "DC11.wav": {"precision": 0.11764705882352941, "recall": 0.037037037037037035, "f-measure": 0.056338028169014086}, "DC10.wav": {"precision": 0.4312796208530806, "recall": 0.7398373983739838, "f-measure": 0.5449101796407185}, "DC12.wav": {"precision": 0.18181818181818182, "recall": 0.13953488372093023, "f-measure": 0.15789473684210525}, "DC08.wav": {"precision": 0.7763157894736842, "recall": 0.6555555555555556, "f-measure": 0.7108433734939759}, "DC02.wav": {"precision": 0.3333333333333333, "recall": 0.18571428571428572, "f-measure": 0.23853211009174313}, "DC06.wav": {"precision": 0.12345679012345678, "recall": 0.15625, "f-measure": 0.13793103448275862}, "DC07.wav": {"precision": 0.7208121827411168, "recall": 0.6173913043478261, "f-measure": 0.6651053864168618}, "DC09.wav": {"precision": 0.15, "recall": 0.5, "f-measure": 0.23076923076923078}, "DC04.wav": {"precision": 0.19047619047619047, "recall": 0.3333333333333333, "f-measure": 0.24242424242424243}, "DC05.wav": {"precision": 0.17094017094017094, "recall": 0.46511627906976744, "f-measure": 0.25}, "DC01.wav": {"precision": 0.7011494252873564, "recall": 0.580952380952381, "f-measure": 0.6354166666666666}, "DC03.wav": {"precision": 0.3333333333333333, "recall": 0.11940298507462686, "f-measure": 0.17582417582417584}, "ME2.wav": {"precision": 0.9166666666666666, "recall": 0.5365853658536586, "f-measure": 0.676923076923077}, "ME1.wav": {"precision": 0.24390243902439024, "recall": 0.9090909090909091, "f-measure": 0.38461538461538464}}}