{"set_name": "TEST", "report_date": "08122021_18_21_17", "overall_scores": {"precision": 0.5809106961996476, "recall": 0.3583481304042196, "fmeasure (percentage)": 44.326}, "scores_per_subset": {"ML": {"precision": 0.8805309734513275, "recall": 0.20837696335078534, "f-measure": 0.3370025402201524}, "DC": {"precision": 0.4680038204393505, "recall": 0.4613935969868173, "f-measure": 0.4646752015173068}, "ME": {"precision": 0.5285714285714286, "recall": 0.7115384615384616, "f-measure": 0.6065573770491803}}, "scores_per_audiofile": {"DCASE2021-ML_129696.wav": {"precision": 0.8, "recall": 0.05263157894736842, "f-measure": 0.09876543209876543}, "DCASE2021-ML_131369.wav": {"precision": 1.0, "recall": 0.2, "f-measure": 0.3333333333333333}, "DCASE2021-ML_131198.wav": {"precision": 1.0, "recall": 0.5, "f-measure": 0.6666666666666666}, "DCASE2021-ML_197045.wav": {"precision": 0.9333333333333333, "recall": 0.1891891891891892, "f-measure": 0.3146067415730337}, "DCASE2021-ML_126376.wav": {"precision": 0.9047619047619048, "recall": 0.20212765957446807, "f-measure": 0.33043478260869563}, "DCASE2021-ML_191491.wav": {"precision": 1.0, "recall": 0.7777777777777778, "f-measure": 0.875}, "DCASE2021-ML_37045.wav": {"precision": 1.0, "recall": 0.08333333333333333, "f-measure": 0.15384615384615385}, "DCASE2021-ML_176488.wav": {"precision": 1.0, "recall": 0.4444444444444444, "f-measure": 0.6153846153846154}, "DCASE2021-ML_40509.wav": {"precision": 1.0, "recall": 0.04878048780487805, "f-measure": 0.09302325581395349}, "DCASE2021-ML_268995.wav": {"precision": 0.6666666666666666, "recall": 0.2, "f-measure": 0.3076923076923077}, "DCASE2021-ML_190099.wav": {"precision": 0.7894736842105263, "recall": 1.0, "f-measure": 0.8823529411764706}, "DCASE2021-ML_89792.wav": {"precision": 0.95, "recall": 0.6551724137931034, "f-measure": 0.7755102040816326}, "DCASE2021-ML_72010931.wav": {"precision": 1.0, "recall": 0.11864406779661017, "f-measure": 0.21212121212121213}, "DCASE2021-ML_273164.wav": {"precision": 1e-05, "recall": 1e-05, "f-measure": 1e-05}, "DCASE2021-ML_53963.wav": {"precision": 1.0, "recall": 0.1282051282051282, "f-measure": 0.22727272727272727}, "DCASE2021-ML_521435.wav": {"precision": 0.6896551724137931, "recall": 0.3448275862068966, "f-measure": 0.45977011494252873}, "DCASE2021-ML_168236.wav": {"precision": 0.8840579710144928, "recall": 0.5545454545454546, "f-measure": 0.6815642458100558}, "DC11.wav": {"precision": 0.1875, "recall": 0.2222222222222222, "f-measure": 0.2033898305084746}, "DC10.wav": {"precision": 0.4311111111111111, "recall": 0.7886178861788617, "f-measure": 0.5574712643678161}, "DC12.wav": {"precision": 0.28, "recall": 0.32558139534883723, "f-measure": 0.3010752688172043}, "DC08.wav": {"precision": 0.8695652173913043, "recall": 0.8888888888888888, "f-measure": 0.8791208791208791}, "DC02.wav": {"precision": 0.36507936507936506, "recall": 0.16428571428571428, "f-measure": 0.22660098522167488}, "DC06.wav": {"precision": 0.10606060606060606, "recall": 0.109375, "f-measure": 0.1076923076923077}, "DC07.wav": {"precision": 0.7309417040358744, "recall": 0.7086956521739131, "f-measure": 0.7196467991169978}, "DC09.wav": {"precision": 0.14285714285714285, "recall": 0.5, "f-measure": 0.2222222222222222}, "DC04.wav": {"precision": 0.2727272727272727, "recall": 0.25, "f-measure": 0.2608695652173913}, "DC05.wav": {"precision": 0.2111111111111111, "recall": 0.4418604651162791, "f-measure": 0.2857142857142857}, "DC01.wav": {"precision": 0.7391304347826086, "recall": 0.4857142857142857, "f-measure": 0.5862068965517241}, "DC03.wav": {"precision": 0.2926829268292683, "recall": 0.08955223880597014, "f-measure": 0.13714285714285715}, "ME2.wav": {"precision": 0.875, "recall": 0.6829268292682927, "f-measure": 0.7671232876712328}, "ME1.wav": {"precision": 0.23684210526315788, "recall": 0.8181818181818182, "f-measure": 0.3673469387755102}}}