{"set_name": "TEST", "report_date": "08122021_10_43_33", "overall_scores": {"precision": 0.6370123376246163, "recall": 0.38078462146878816, "fmeasure (percentage)": 47.665}, "scores_per_subset": {"ML": {"precision": 0.9238095238095239, "recall": 0.3063157894736842, "f-measure": 0.4600790513833992}, "DC": {"precision": 0.5270700636942676, "recall": 0.3116760828625235, "f-measure": 0.39171597633136096}, "ME": {"precision": 0.578125, "recall": 0.7115384615384616, "f-measure": 0.6379310344827587}}, "scores_per_audiofile": {"DCASE2021-ML_129696.wav": {"precision": 1.0, "recall": 0.14473684210526316, "f-measure": 0.25287356321839083}, "DCASE2021-ML_131369.wav": {"precision": 0.8888888888888888, "recall": 0.2, "f-measure": 0.32653061224489793}, "DCASE2021-ML_131198.wav": {"precision": 0.5, "recall": 1.0, "f-measure": 0.6666666666666666}, "DCASE2021-ML_197045.wav": {"precision": 1.0, "recall": 0.6621621621621622, "f-measure": 0.7967479674796748}, "DCASE2021-ML_126376.wav": {"precision": 1.0, "recall": 0.1702127659574468, "f-measure": 0.2909090909090909}, "DCASE2021-ML_191491.wav": {"precision": 1.0, "recall": 0.4444444444444444, "f-measure": 0.6153846153846154}, "DCASE2021-ML_37045.wav": {"precision": 0.9166666666666666, "recall": 0.9166666666666666, "f-measure": 0.9166666666666666}, "DCASE2021-ML_176488.wav": {"precision": 1.0, "recall": 0.4444444444444444, "f-measure": 0.6153846153846154}, "DCASE2021-ML_40509.wav": {"precision": 1.0, "recall": 0.10569105691056911, "f-measure": 0.19117647058823528}, "DCASE2021-ML_268995.wav": {"precision": 1.0, "recall": 1.0, "f-measure": 1.0}, "DCASE2021-ML_190099.wav": {"precision": 1.0, "recall": 0.6, "f-measure": 0.75}, "DCASE2021-ML_89792.wav": {"precision": 1.0, "recall": 0.9655172413793104, "f-measure": 0.9824561403508771}, "DCASE2021-ML_72010931.wav": {"precision": 1.0, "recall": 0.11864406779661017, "f-measure": 0.21212121212121213}, "DCASE2021-ML_273164.wav": {"precision": 1.0, "recall": 0.006666666666666667, "f-measure": 0.013245033112582781}, "DCASE2021-ML_53963.wav": {"precision": 1.0, "recall": 0.08974358974358974, "f-measure": 0.16470588235294117}, "DCASE2021-ML_521435.wav": {"precision": 0.8888888888888888, "recall": 0.6896551724137931, "f-measure": 0.7766990291262136}, "DCASE2021-ML_168236.wav": {"precision": 0.8414634146341463, "recall": 0.6272727272727273, "f-measure": 0.71875}, "DC11.wav": {"precision": 0.11578947368421053, "recall": 0.2037037037037037, "f-measure": 0.1476510067114094}, "DC10.wav": {"precision": 0.48, "recall": 0.1951219512195122, "f-measure": 0.2774566473988439}, "DC12.wav": {"precision": 1e-05, "recall": 1e-05, "f-measure": 1e-05}, "DC08.wav": {"precision": 0.9818181818181818, "recall": 0.6, "f-measure": 0.7448275862068966}, "DC02.wav": {"precision": 0.5172413793103449, "recall": 0.10714285714285714, "f-measure": 0.17751479289940827}, "DC06.wav": {"precision": 0.05555555555555555, "recall": 0.03125, "f-measure": 0.04}, "DC07.wav": {"precision": 0.8571428571428571, "recall": 0.6782608695652174, "f-measure": 0.7572815533980582}, "DC09.wav": {"precision": 0.16666666666666666, "recall": 0.4166666666666667, "f-measure": 0.23809523809523808}, "DC04.wav": {"precision": 1e-05, "recall": 1e-05, "f-measure": 1e-05}, "DC05.wav": {"precision": 0.2545454545454545, "recall": 0.32558139534883723, "f-measure": 0.2857142857142857}, "DC01.wav": {"precision": 0.8695652173913043, "recall": 0.38095238095238093, "f-measure": 0.5298013245033113}, "DC03.wav": {"precision": 0.2857142857142857, "recall": 0.07462686567164178, "f-measure": 0.11834319526627218}, "ME2.wav": {"precision": 0.84375, "recall": 0.6585365853658537, "f-measure": 0.7397260273972602}, "ME1.wav": {"precision": 0.3125, "recall": 0.9090909090909091, "f-measure": 0.46511627906976744}}}