{"set_name": "TEST", "report_date": "08122021_12_38_52", "overall_scores": {"precision": 0.5769361442038689, "recall": 0.39094172838267893, "fmeasure (percentage)": 46.607}, "scores_per_subset": {"ML": {"precision": 0.8661710037174721, "recall": 0.24270833333333333, "f-measure": 0.3791700569568755}, "DC": {"precision": 0.45935727788279773, "recall": 0.4576271186440678, "f-measure": 0.45849056603773586}, "ME": {"precision": 0.5352112676056338, "recall": 0.7307692307692307, "f-measure": 0.6178861788617886}}, "scores_per_audiofile": {"DCASE2021-ML_129696.wav": {"precision": 1.0, "recall": 0.013157894736842105, "f-measure": 0.025974025974025976}, "DCASE2021-ML_131369.wav": {"precision": 0.9444444444444444, "recall": 0.425, "f-measure": 0.5862068965517241}, "DCASE2021-ML_131198.wav": {"precision": 1e-05, "recall": 1e-05, "f-measure": 1e-05}, "DCASE2021-ML_197045.wav": {"precision": 1.0, "recall": 0.06756756756756757, "f-measure": 0.12658227848101267}, "DCASE2021-ML_126376.wav": {"precision": 0.8823529411764706, "recall": 0.3191489361702128, "f-measure": 0.46875}, "DCASE2021-ML_191491.wav": {"precision": 1.0, "recall": 0.5555555555555556, "f-measure": 0.7142857142857143}, "DCASE2021-ML_37045.wav": {"precision": 1.0, "recall": 0.4166666666666667, "f-measure": 0.5882352941176471}, "DCASE2021-ML_176488.wav": {"precision": 0.8333333333333334, "recall": 0.5555555555555556, "f-measure": 0.6666666666666666}, "DCASE2021-ML_40509.wav": {"precision": 1.0, "recall": 0.056910569105691054, "f-measure": 0.1076923076923077}, "DCASE2021-ML_268995.wav": {"precision": 1.0, "recall": 0.2, "f-measure": 0.3333333333333333}, "DCASE2021-ML_190099.wav": {"precision": 0.7777777777777778, "recall": 0.9333333333333333, "f-measure": 0.8484848484848485}, "DCASE2021-ML_89792.wav": {"precision": 0.8695652173913043, "recall": 0.6896551724137931, "f-measure": 0.7692307692307693}, "DCASE2021-ML_72010931.wav": {"precision": 1.0, "recall": 0.2711864406779661, "f-measure": 0.4266666666666667}, "DCASE2021-ML_273164.wav": {"precision": 1e-05, "recall": 1e-05, "f-measure": 1e-05}, "DCASE2021-ML_53963.wav": {"precision": 1.0, "recall": 0.19230769230769232, "f-measure": 0.3225806451612903}, "DCASE2021-ML_521435.wav": {"precision": 0.6511627906976745, "recall": 0.4827586206896552, "f-measure": 0.5544554455445545}, "DCASE2021-ML_168236.wav": {"precision": 0.8873239436619719, "recall": 0.5727272727272728, "f-measure": 0.6961325966850829}, "DC11.wav": {"precision": 0.14545454545454545, "recall": 0.14814814814814814, "f-measure": 0.14678899082568808}, "DC10.wav": {"precision": 0.4369369369369369, "recall": 0.7886178861788617, "f-measure": 0.5623188405797102}, "DC12.wav": {"precision": 0.3333333333333333, "recall": 0.4418604651162791, "f-measure": 0.38}, "DC08.wav": {"precision": 0.8604651162790697, "recall": 0.8222222222222222, "f-measure": 0.8409090909090909}, "DC02.wav": {"precision": 0.2876712328767123, "recall": 0.15, "f-measure": 0.19718309859154928}, "DC06.wav": {"precision": 0.14925373134328357, "recall": 0.15625, "f-measure": 0.15267175572519084}, "DC07.wav": {"precision": 0.7285067873303167, "recall": 0.7, "f-measure": 0.7139689578713969}, "DC09.wav": {"precision": 0.13953488372093023, "recall": 0.5, "f-measure": 0.21818181818181817}, "DC04.wav": {"precision": 0.1875, "recall": 0.25, "f-measure": 0.21428571428571427}, "DC05.wav": {"precision": 0.18478260869565216, "recall": 0.3953488372093023, "f-measure": 0.2518518518518518}, "DC01.wav": {"precision": 0.7971014492753623, "recall": 0.5238095238095238, "f-measure": 0.632183908045977}, "DC03.wav": {"precision": 0.2926829268292683, "recall": 0.08955223880597014, "f-measure": 0.13714285714285715}, "ME2.wav": {"precision": 0.90625, "recall": 0.7073170731707317, "f-measure": 0.7945205479452054}, "ME1.wav": {"precision": 0.23076923076923078, "recall": 0.8181818181818182, "f-measure": 0.36}}}