{"set_name": "TEST", "report_date": "08122021_15_43_55", "overall_scores": {"precision": 0.5448676832674682, "recall": 0.38635563380281696, "fmeasure (percentage)": 45.212}, "scores_per_subset": {"ML": {"precision": 0.8721311475409836, "recall": 0.27708333333333335, "f-measure": 0.4205533596837945}, "DC": {"precision": 0.451171875, "recall": 0.4350282485875706, "f-measure": 0.4429530201342282}, "ME": {"precision": 0.4666666666666667, "recall": 0.5384615384615384, "f-measure": 0.5}}, "scores_per_audiofile": {"DCASE2021-ML_129696.wav": {"precision": 1e-05, "recall": 1e-05, "f-measure": 1e-05}, "DCASE2021-ML_131369.wav": {"precision": 1.0, "recall": 0.275, "f-measure": 0.43137254901960786}, "DCASE2021-ML_131198.wav": {"precision": 1.0, "recall": 0.75, "f-measure": 0.8571428571428571}, "DCASE2021-ML_197045.wav": {"precision": 0.9090909090909091, "recall": 0.13513513513513514, "f-measure": 0.23529411764705882}, "DCASE2021-ML_126376.wav": {"precision": 0.9142857142857143, "recall": 0.3404255319148936, "f-measure": 0.49612403100775193}, "DCASE2021-ML_191491.wav": {"precision": 0.8, "recall": 0.4444444444444444, "f-measure": 0.5714285714285714}, "DCASE2021-ML_37045.wav": {"precision": 1.0, "recall": 0.25, "f-measure": 0.4}, "DCASE2021-ML_176488.wav": {"precision": 1.0, "recall": 0.4444444444444444, "f-measure": 0.6153846153846154}, "DCASE2021-ML_40509.wav": {"precision": 1.0, "recall": 0.056910569105691054, "f-measure": 0.1076923076923077}, "DCASE2021-ML_268995.wav": {"precision": 0.6666666666666666, "recall": 0.2, "f-measure": 0.3076923076923077}, "DCASE2021-ML_190099.wav": {"precision": 0.8333333333333334, "recall": 1.0, "f-measure": 0.9090909090909091}, "DCASE2021-ML_89792.wav": {"precision": 0.9166666666666666, "recall": 0.7586206896551724, "f-measure": 0.8301886792452831}, "DCASE2021-ML_72010931.wav": {"precision": 1.0, "recall": 0.2711864406779661, "f-measure": 0.4266666666666667}, "DCASE2021-ML_273164.wav": {"precision": 1e-05, "recall": 1e-05, "f-measure": 1e-05}, "DCASE2021-ML_53963.wav": {"precision": 1.0, "recall": 0.3333333333333333, "f-measure": 0.5}, "DCASE2021-ML_521435.wav": {"precision": 0.851063829787234, "recall": 0.6896551724137931, "f-measure": 0.7619047619047619}, "DCASE2021-ML_168236.wav": {"precision": 0.7717391304347826, "recall": 0.6454545454545455, "f-measure": 0.7029702970297029}, "DC11.wav": {"precision": 0.07142857142857142, "recall": 0.037037037037037035, "f-measure": 0.04878048780487805}, "DC10.wav": {"precision": 0.4292237442922374, "recall": 0.7642276422764228, "f-measure": 0.5497076023391813}, "DC12.wav": {"precision": 0.30952380952380953, "recall": 0.3023255813953488, "f-measure": 0.3058823529411765}, "DC08.wav": {"precision": 0.8192771084337349, "recall": 0.7555555555555555, "f-measure": 0.7861271676300579}, "DC02.wav": {"precision": 0.35064935064935066, "recall": 0.19285714285714287, "f-measure": 0.2488479262672811}, "DC06.wav": {"precision": 0.125, "recall": 0.140625, "f-measure": 0.1323529411764706}, "DC07.wav": {"precision": 0.7286432160804021, "recall": 0.6304347826086957, "f-measure": 0.675990675990676}, "DC09.wav": {"precision": 0.16279069767441862, "recall": 0.5833333333333334, "f-measure": 0.2545454545454545}, "DC04.wav": {"precision": 0.23529411764705882, "recall": 0.3333333333333333, "f-measure": 0.27586206896551724}, "DC05.wav": {"precision": 0.19230769230769232, "recall": 0.46511627906976744, "f-measure": 0.272108843537415}, "DC01.wav": {"precision": 0.7012987012987013, "recall": 0.5142857142857142, "f-measure": 0.5934065934065934}, "DC03.wav": {"precision": 0.32608695652173914, "recall": 0.11194029850746269, "f-measure": 0.16666666666666666}, "ME2.wav": {"precision": 0.9047619047619048, "recall": 0.4634146341463415, "f-measure": 0.6129032258064516}, "ME1.wav": {"precision": 0.23076923076923078, "recall": 0.8181818181818182, "f-measure": 0.36}}}