{"set_name": "TEST", "report_date": "08122021_18_14_51", "overall_scores": {"precision": 0.5791639472134227, "recall": 0.3539282804577015, "fmeasure (percentage)": 43.936}, "scores_per_subset": {"ML": {"precision": 0.853448275862069, "recall": 0.20732984293193718, "f-measure": 0.33361415332771693}, "DC": {"precision": 0.47115384615384615, "recall": 0.4613935969868173, "f-measure": 0.46622264509990485}, "ME": {"precision": 0.5303030303030303, "recall": 0.6730769230769231, "f-measure": 0.5932203389830508}}, "scores_per_audiofile": {"DCASE2021-ML_129696.wav": {"precision": 0.75, "recall": 0.039473684210526314, "f-measure": 0.075}, "DCASE2021-ML_131369.wav": {"precision": 1.0, "recall": 0.2, "f-measure": 0.3333333333333333}, "DCASE2021-ML_131198.wav": {"precision": 1.0, "recall": 0.75, "f-measure": 0.8571428571428571}, "DCASE2021-ML_197045.wav": {"precision": 1.0, "recall": 0.14864864864864866, "f-measure": 0.25882352941176473}, "DCASE2021-ML_126376.wav": {"precision": 0.8571428571428571, "recall": 0.19148936170212766, "f-measure": 0.3130434782608696}, "DCASE2021-ML_191491.wav": {"precision": 1.0, "recall": 0.7777777777777778, "f-measure": 0.875}, "DCASE2021-ML_37045.wav": {"precision": 1.0, "recall": 0.16666666666666666, "f-measure": 0.2857142857142857}, "DCASE2021-ML_176488.wav": {"precision": 1.0, "recall": 0.1111111111111111, "f-measure": 0.2}, "DCASE2021-ML_40509.wav": {"precision": 1.0, "recall": 0.08130081300813008, "f-measure": 0.15037593984962405}, "DCASE2021-ML_268995.wav": {"precision": 0.6666666666666666, "recall": 0.2, "f-measure": 0.3076923076923077}, "DCASE2021-ML_190099.wav": {"precision": 0.8823529411764706, "recall": 1.0, "f-measure": 0.9375}, "DCASE2021-ML_89792.wav": {"precision": 1.0, "recall": 0.6896551724137931, "f-measure": 0.8163265306122449}, "DCASE2021-ML_72010931.wav": {"precision": 1.0, "recall": 0.2711864406779661, "f-measure": 0.4266666666666667}, "DCASE2021-ML_273164.wav": {"precision": 1e-05, "recall": 1e-05, "f-measure": 1e-05}, "DCASE2021-ML_53963.wav": {"precision": 1.0, "recall": 0.08974358974358974, "f-measure": 0.16470588235294117}, "DCASE2021-ML_521435.wav": {"precision": 0.5806451612903226, "recall": 0.3103448275862069, "f-measure": 0.4044943820224719}, "DCASE2021-ML_168236.wav": {"precision": 0.8028169014084507, "recall": 0.5181818181818182, "f-measure": 0.6298342541436464}, "DC11.wav": {"precision": 0.1111111111111111, "recall": 0.12962962962962962, "f-measure": 0.11965811965811966}, "DC10.wav": {"precision": 0.4304932735426009, "recall": 0.7804878048780488, "f-measure": 0.5549132947976878}, "DC12.wav": {"precision": 0.29411764705882354, "recall": 0.3488372093023256, "f-measure": 0.3191489361702128}, "DC08.wav": {"precision": 0.8804347826086957, "recall": 0.9, "f-measure": 0.8901098901098901}, "DC02.wav": {"precision": 0.30357142857142855, "recall": 0.12142857142857143, "f-measure": 0.17346938775510204}, "DC06.wav": {"precision": 0.12121212121212122, "recall": 0.125, "f-measure": 0.12307692307692308}, "DC07.wav": {"precision": 0.7488584474885844, "recall": 0.7130434782608696, "f-measure": 0.7305122494432071}, "DC09.wav": {"precision": 0.1590909090909091, "recall": 0.5833333333333334, "f-measure": 0.25}, "DC04.wav": {"precision": 0.25, "recall": 0.3333333333333333, "f-measure": 0.2857142857142857}, "DC05.wav": {"precision": 0.21428571428571427, "recall": 0.4186046511627907, "f-measure": 0.28346456692913385}, "DC01.wav": {"precision": 0.8181818181818182, "recall": 0.5142857142857142, "f-measure": 0.631578947368421}, "DC03.wav": {"precision": 0.3409090909090909, "recall": 0.11194029850746269, "f-measure": 0.16853932584269662}, "ME2.wav": {"precision": 0.9285714285714286, "recall": 0.6341463414634146, "f-measure": 0.7536231884057971}, "ME1.wav": {"precision": 0.23684210526315788, "recall": 0.8181818181818182, "f-measure": 0.3673469387755102}}}