{"set_name": "TEST", "report_date": "08122021_18_52_58", "overall_scores": {"precision": 0.5622686157016907, "recall": 0.3882964861825841, "fmeasure (percentage)": 45.936}, "scores_per_subset": {"ML": {"precision": 0.8410596026490066, "recall": 0.26596858638743454, "f-measure": 0.4041368337311058}, "DC": {"precision": 0.46586345381526106, "recall": 0.4369114877589454, "f-measure": 0.4509232264334305}, "ME": {"precision": 0.5, "recall": 0.5961538461538461, "f-measure": 0.543859649122807}}, "scores_per_audiofile": {"DCASE2021-ML_129696.wav": {"precision": 1.0, "recall": 0.013157894736842105, "f-measure": 0.025974025974025976}, "DCASE2021-ML_131369.wav": {"precision": 0.8888888888888888, "recall": 0.2, "f-measure": 0.32653061224489793}, "DCASE2021-ML_131198.wav": {"precision": 1.0, "recall": 1.0, "f-measure": 1.0}, "DCASE2021-ML_197045.wav": {"precision": 1.0, "recall": 0.17567567567567569, "f-measure": 0.2988505747126437}, "DCASE2021-ML_126376.wav": {"precision": 0.8846153846153846, "recall": 0.24468085106382978, "f-measure": 0.38333333333333336}, "DCASE2021-ML_191491.wav": {"precision": 0.875, "recall": 0.7777777777777778, "f-measure": 0.8235294117647058}, "DCASE2021-ML_37045.wav": {"precision": 1.0, "recall": 0.16666666666666666, "f-measure": 0.2857142857142857}, "DCASE2021-ML_176488.wav": {"precision": 1.0, "recall": 0.2222222222222222, "f-measure": 0.36363636363636365}, "DCASE2021-ML_40509.wav": {"precision": 1.0, "recall": 0.04878048780487805, "f-measure": 0.09302325581395349}, "DCASE2021-ML_268995.wav": {"precision": 0.5, "recall": 0.1, "f-measure": 0.16666666666666666}, "DCASE2021-ML_190099.wav": {"precision": 0.7, "recall": 0.9333333333333333, "f-measure": 0.8}, "DCASE2021-ML_89792.wav": {"precision": 0.8928571428571429, "recall": 0.8620689655172413, "f-measure": 0.8771929824561403}, "DCASE2021-ML_72010931.wav": {"precision": 1.0, "recall": 0.2711864406779661, "f-measure": 0.4266666666666667}, "DCASE2021-ML_273164.wav": {"precision": 1e-05, "recall": 1e-05, "f-measure": 1e-05}, "DCASE2021-ML_53963.wav": {"precision": 1.0, "recall": 0.3076923076923077, "f-measure": 0.47058823529411764}, "DCASE2021-ML_521435.wav": {"precision": 0.7954545454545454, "recall": 0.603448275862069, "f-measure": 0.6862745098039216}, "DCASE2021-ML_168236.wav": {"precision": 0.7525773195876289, "recall": 0.6636363636363637, "f-measure": 0.7053140096618358}, "DC11.wav": {"precision": 0.07142857142857142, "recall": 0.037037037037037035, "f-measure": 0.04878048780487805}, "DC10.wav": {"precision": 0.44339622641509435, "recall": 0.7642276422764228, "f-measure": 0.5611940298507463}, "DC12.wav": {"precision": 0.3409090909090909, "recall": 0.3488372093023256, "f-measure": 0.3448275862068966}, "DC08.wav": {"precision": 0.8214285714285714, "recall": 0.7666666666666667, "f-measure": 0.7931034482758621}, "DC02.wav": {"precision": 0.3382352941176471, "recall": 0.16428571428571428, "f-measure": 0.22115384615384615}, "DC06.wav": {"precision": 0.1044776119402985, "recall": 0.109375, "f-measure": 0.10687022900763359}, "DC07.wav": {"precision": 0.7268292682926829, "recall": 0.6478260869565218, "f-measure": 0.6850574712643678}, "DC09.wav": {"precision": 0.1590909090909091, "recall": 0.5833333333333334, "f-measure": 0.25}, "DC04.wav": {"precision": 0.26666666666666666, "recall": 0.3333333333333333, "f-measure": 0.2962962962962963}, "DC05.wav": {"precision": 0.17346938775510204, "recall": 0.3953488372093023, "f-measure": 0.24113475177304963}, "DC01.wav": {"precision": 0.8169014084507042, "recall": 0.5523809523809524, "f-measure": 0.6590909090909091}, "DC03.wav": {"precision": 0.3333333333333333, "recall": 0.11194029850746269, "f-measure": 0.16759776536312848}, "ME2.wav": {"precision": 0.9130434782608695, "recall": 0.5121951219512195, "f-measure": 0.65625}, "ME1.wav": {"precision": 0.2564102564102564, "recall": 0.9090909090909091, "f-measure": 0.4}}}