{"set_name": "TEST", "report_date": "08122021_20_04_29", "overall_scores": {"precision": 0.5949635013058183, "recall": 0.34467844661006897, "fmeasure (percentage)": 43.649}, "scores_per_subset": {"ML": {"precision": 0.8970588235294118, "recall": 0.19162303664921465, "f-measure": 0.3157894736842105}, "DC": {"precision": 0.4700193423597679, "recall": 0.4576271186440678, "f-measure": 0.4637404580152672}, "ME": {"precision": 0.5555555555555556, "recall": 0.7692307692307693, "f-measure": 0.6451612903225806}}, "scores_per_audiofile": {"DCASE2021-ML_129696.wav": {"precision": 1.0, "recall": 0.013157894736842105, "f-measure": 0.025974025974025976}, "DCASE2021-ML_131369.wav": {"precision": 1.0, "recall": 0.025, "f-measure": 0.04878048780487805}, "DCASE2021-ML_131198.wav": {"precision": 1e-05, "recall": 1e-05, "f-measure": 1e-05}, "DCASE2021-ML_197045.wav": {"precision": 1.0, "recall": 0.25675675675675674, "f-measure": 0.40860215053763443}, "DCASE2021-ML_126376.wav": {"precision": 1.0, "recall": 0.1595744680851064, "f-measure": 0.27522935779816515}, "DCASE2021-ML_191491.wav": {"precision": 1.0, "recall": 0.5555555555555556, "f-measure": 0.7142857142857143}, "DCASE2021-ML_37045.wav": {"precision": 1.0, "recall": 0.08333333333333333, "f-measure": 0.15384615384615385}, "DCASE2021-ML_176488.wav": {"precision": 1.0, "recall": 0.3333333333333333, "f-measure": 0.5}, "DCASE2021-ML_40509.wav": {"precision": 1.0, "recall": 0.04065040650406504, "f-measure": 0.078125}, "DCASE2021-ML_268995.wav": {"precision": 1.0, "recall": 0.1, "f-measure": 0.18181818181818182}, "DCASE2021-ML_190099.wav": {"precision": 0.8125, "recall": 0.8666666666666667, "f-measure": 0.8387096774193549}, "DCASE2021-ML_89792.wav": {"precision": 0.8888888888888888, "recall": 0.5517241379310345, "f-measure": 0.6808510638297872}, "DCASE2021-ML_72010931.wav": {"precision": 1.0, "recall": 0.1864406779661017, "f-measure": 0.3142857142857143}, "DCASE2021-ML_273164.wav": {"precision": 1.0, "recall": 0.006666666666666667, "f-measure": 0.013245033112582781}, "DCASE2021-ML_53963.wav": {"precision": 1.0, "recall": 0.07692307692307693, "f-measure": 0.14285714285714285}, "DCASE2021-ML_521435.wav": {"precision": 0.8367346938775511, "recall": 0.7068965517241379, "f-measure": 0.7663551401869159}, "DCASE2021-ML_168236.wav": {"precision": 0.8461538461538461, "recall": 0.4, "f-measure": 0.5432098765432098}, "DC11.wav": {"precision": 0.15789473684210525, "recall": 0.4444444444444444, "f-measure": 0.23300970873786409}, "DC10.wav": {"precision": 0.4025974025974026, "recall": 0.5040650406504065, "f-measure": 0.44765342960288806}, "DC12.wav": {"precision": 0.3, "recall": 0.4186046511627907, "f-measure": 0.34951456310679613}, "DC08.wav": {"precision": 0.9438202247191011, "recall": 0.9333333333333333, "f-measure": 0.9385474860335196}, "DC02.wav": {"precision": 0.3898305084745763, "recall": 0.16428571428571428, "f-measure": 0.23115577889447236}, "DC06.wav": {"precision": 0.0851063829787234, "recall": 0.0625, "f-measure": 0.07207207207207207}, "DC07.wav": {"precision": 0.7510373443983402, "recall": 0.7869565217391304, "f-measure": 0.7685774946921444}, "DC09.wav": {"precision": 0.1276595744680851, "recall": 0.5, "f-measure": 0.2033898305084746}, "DC04.wav": {"precision": 0.1, "recall": 0.041666666666666664, "f-measure": 0.058823529411764705}, "DC05.wav": {"precision": 0.20588235294117646, "recall": 0.32558139534883723, "f-measure": 0.25225225225225223}, "DC01.wav": {"precision": 0.8285714285714286, "recall": 0.5523809523809524, "f-measure": 0.6628571428571428}, "DC03.wav": {"precision": 0.2972972972972973, "recall": 0.08208955223880597, "f-measure": 0.1286549707602339}, "ME2.wav": {"precision": 0.8823529411764706, "recall": 0.7317073170731707, "f-measure": 0.8}, "ME1.wav": {"precision": 0.2631578947368421, "recall": 0.9090909090909091, "f-measure": 0.40816326530612246}}}