{"set_name": "TEST", "report_date": "08122021_22_55_07", "overall_scores": {"precision": 0.5921670760050769, "recall": 0.334289331919829, "fmeasure (percentage)": 42.734}, "scores_per_subset": {"ML": {"precision": 0.8928571428571429, "recall": 0.18324607329842932, "f-measure": 0.3040834057341442}, "DC": {"precision": 0.4659533073929961, "recall": 0.4510357815442561, "f-measure": 0.4583732057416268}, "ME": {"precision": 0.5555555555555556, "recall": 0.7692307692307693, "f-measure": 0.6451612903225806}}, "scores_per_audiofile": {"DCASE2021-ML_129696.wav": {"precision": 1.0, "recall": 0.013157894736842105, "f-measure": 0.025974025974025976}, "DCASE2021-ML_131369.wav": {"precision": 1.0, "recall": 0.025, "f-measure": 0.04878048780487805}, "DCASE2021-ML_131198.wav": {"precision": 1e-05, "recall": 1e-05, "f-measure": 1e-05}, "DCASE2021-ML_197045.wav": {"precision": 1.0, "recall": 0.2702702702702703, "f-measure": 0.425531914893617}, "DCASE2021-ML_126376.wav": {"precision": 1.0, "recall": 0.14893617021276595, "f-measure": 0.25925925925925924}, "DCASE2021-ML_191491.wav": {"precision": 1.0, "recall": 0.6666666666666666, "f-measure": 0.8}, "DCASE2021-ML_37045.wav": {"precision": 1.0, "recall": 0.08333333333333333, "f-measure": 0.15384615384615385}, "DCASE2021-ML_176488.wav": {"precision": 1.0, "recall": 0.2222222222222222, "f-measure": 0.36363636363636365}, "DCASE2021-ML_40509.wav": {"precision": 1.0, "recall": 0.04878048780487805, "f-measure": 0.09302325581395349}, "DCASE2021-ML_268995.wav": {"precision": 1.0, "recall": 0.1, "f-measure": 0.18181818181818182}, "DCASE2021-ML_190099.wav": {"precision": 0.8571428571428571, "recall": 0.8, "f-measure": 0.8275862068965517}, "DCASE2021-ML_89792.wav": {"precision": 0.875, "recall": 0.4827586206896552, "f-measure": 0.6222222222222222}, "DCASE2021-ML_72010931.wav": {"precision": 1.0, "recall": 0.1864406779661017, "f-measure": 0.3142857142857143}, "DCASE2021-ML_273164.wav": {"precision": 1.0, "recall": 0.006666666666666667, "f-measure": 0.013245033112582781}, "DCASE2021-ML_53963.wav": {"precision": 1.0, "recall": 0.08974358974358974, "f-measure": 0.16470588235294117}, "DCASE2021-ML_521435.wav": {"precision": 0.7857142857142857, "recall": 0.5689655172413793, "f-measure": 0.66}, "DCASE2021-ML_168236.wav": {"precision": 0.8490566037735849, "recall": 0.4090909090909091, "f-measure": 0.5521472392638037}, "DC11.wav": {"precision": 0.1513157894736842, "recall": 0.42592592592592593, "f-measure": 0.22330097087378642}, "DC10.wav": {"precision": 0.3973509933774834, "recall": 0.4878048780487805, "f-measure": 0.43795620437956206}, "DC12.wav": {"precision": 0.2982456140350877, "recall": 0.3953488372093023, "f-measure": 0.34}, "DC08.wav": {"precision": 0.9545454545454546, "recall": 0.9333333333333333, "f-measure": 0.9438202247191011}, "DC02.wav": {"precision": 0.35714285714285715, "recall": 0.14285714285714285, "f-measure": 0.20408163265306123}, "DC06.wav": {"precision": 0.0851063829787234, "recall": 0.0625, "f-measure": 0.07207207207207207}, "DC07.wav": {"precision": 0.7459016393442623, "recall": 0.7913043478260869, "f-measure": 0.7679324894514767}, "DC09.wav": {"precision": 0.125, "recall": 0.5, "f-measure": 0.2}, "DC04.wav": {"precision": 0.1, "recall": 0.041666666666666664, "f-measure": 0.058823529411764705}, "DC05.wav": {"precision": 0.2, "recall": 0.32558139534883723, "f-measure": 0.24778761061946902}, "DC01.wav": {"precision": 0.8405797101449275, "recall": 0.5523809523809524, "f-measure": 0.6666666666666666}, "DC03.wav": {"precision": 0.2777777777777778, "recall": 0.07462686567164178, "f-measure": 0.11764705882352941}, "ME2.wav": {"precision": 0.8823529411764706, "recall": 0.7317073170731707, "f-measure": 0.8}, "ME1.wav": {"precision": 0.2631578947368421, "recall": 0.9090909090909091, "f-measure": 0.40816326530612246}}}