{"set_name": "TEST", "report_date": "08122021_21_41_39", "overall_scores": {"precision": 0.5333793421971179, "recall": 0.3697814745636392, "fmeasure (percentage)": 43.676}, "scores_per_subset": {"ML": {"precision": 0.842809364548495, "recall": 0.2638743455497382, "f-measure": 0.4019138755980861}, "DC": {"precision": 0.4438877755511022, "recall": 0.4171374764595104, "f-measure": 0.4300970873786408}, "ME": {"precision": 0.4576271186440678, "recall": 0.5192307692307693, "f-measure": 0.4864864864864865}}, "scores_per_audiofile": {"DCASE2021-ML_129696.wav": {"precision": 1.0, "recall": 0.06578947368421052, "f-measure": 0.12345679012345678}, "DCASE2021-ML_131369.wav": {"precision": 1.0, "recall": 0.125, "f-measure": 0.2222222222222222}, "DCASE2021-ML_131198.wav": {"precision": 1.0, "recall": 0.25, "f-measure": 0.4}, "DCASE2021-ML_197045.wav": {"precision": 1.0, "recall": 0.12162162162162163, "f-measure": 0.21686746987951808}, "DCASE2021-ML_126376.wav": {"precision": 0.9032258064516129, "recall": 0.2978723404255319, "f-measure": 0.448}, "DCASE2021-ML_191491.wav": {"precision": 0.75, "recall": 0.3333333333333333, "f-measure": 0.46153846153846156}, "DCASE2021-ML_37045.wav": {"precision": 1.0, "recall": 0.4166666666666667, "f-measure": 0.5882352941176471}, "DCASE2021-ML_176488.wav": {"precision": 1.0, "recall": 0.2222222222222222, "f-measure": 0.36363636363636365}, "DCASE2021-ML_40509.wav": {"precision": 1.0, "recall": 0.07317073170731707, "f-measure": 0.13636363636363635}, "DCASE2021-ML_268995.wav": {"precision": 1.0, "recall": 0.1, "f-measure": 0.18181818181818182}, "DCASE2021-ML_190099.wav": {"precision": 0.7142857142857143, "recall": 1.0, "f-measure": 0.8333333333333334}, "DCASE2021-ML_89792.wav": {"precision": 0.8888888888888888, "recall": 0.8275862068965517, "f-measure": 0.8571428571428571}, "DCASE2021-ML_72010931.wav": {"precision": 1.0, "recall": 0.288135593220339, "f-measure": 0.4473684210526316}, "DCASE2021-ML_273164.wav": {"precision": 1e-05, "recall": 1e-05, "f-measure": 1e-05}, "DCASE2021-ML_53963.wav": {"precision": 1.0, "recall": 0.3333333333333333, "f-measure": 0.5}, "DCASE2021-ML_521435.wav": {"precision": 0.6190476190476191, "recall": 0.4482758620689655, "f-measure": 0.52}, "DCASE2021-ML_168236.wav": {"precision": 0.8085106382978723, "recall": 0.6909090909090909, "f-measure": 0.7450980392156863}, "DC11.wav": {"precision": 0.05, "recall": 0.018518518518518517, "f-measure": 0.02702702702702703}, "DC10.wav": {"precision": 0.45454545454545453, "recall": 0.7723577235772358, "f-measure": 0.572289156626506}, "DC12.wav": {"precision": 0.28125, "recall": 0.20930232558139536, "f-measure": 0.24}, "DC08.wav": {"precision": 0.7837837837837838, "recall": 0.6444444444444445, "f-measure": 0.7073170731707317}, "DC02.wav": {"precision": 0.3411764705882353, "recall": 0.20714285714285716, "f-measure": 0.2577777777777778}, "DC06.wav": {"precision": 0.10526315789473684, "recall": 0.125, "f-measure": 0.11428571428571428}, "DC07.wav": {"precision": 0.71875, "recall": 0.6, "f-measure": 0.6540284360189573}, "DC09.wav": {"precision": 0.16279069767441862, "recall": 0.5833333333333334, "f-measure": 0.2545454545454545}, "DC04.wav": {"precision": 0.2413793103448276, "recall": 0.2916666666666667, "f-measure": 0.2641509433962264}, "DC05.wav": {"precision": 0.17757009345794392, "recall": 0.4418604651162791, "f-measure": 0.25333333333333335}, "DC01.wav": {"precision": 0.6705882352941176, "recall": 0.5428571428571428, "f-measure": 0.6}, "DC03.wav": {"precision": 0.32608695652173914, "recall": 0.11194029850746269, "f-measure": 0.16666666666666666}, "ME2.wav": {"precision": 0.9, "recall": 0.43902439024390244, "f-measure": 0.5901639344262295}, "ME1.wav": {"precision": 0.23076923076923078, "recall": 0.8181818181818182, "f-measure": 0.36}}}