{"set_name": "TEST", "report_date": "08122021_11_05_53", "overall_scores": {"precision": 0.6338067127096954, "recall": 0.3877359879878189, "fmeasure (percentage)": 48.113}, "scores_per_subset": {"ML": {"precision": 0.9310344827586207, "recall": 0.3126315789473684, "f-measure": 0.46808510638297873}, "DC": {"precision": 0.5201863354037267, "recall": 0.3154425612052731, "f-measure": 0.39273153575615477}, "ME": {"precision": 0.5757575757575758, "recall": 0.7307692307692307, "f-measure": 0.6440677966101694}}, "scores_per_audiofile": {"DCASE2021-ML_129696.wav": {"precision": 1.0, "recall": 0.18421052631578946, "f-measure": 0.3111111111111111}, "DCASE2021-ML_131369.wav": {"precision": 1.0, "recall": 0.35, "f-measure": 0.5185185185185185}, "DCASE2021-ML_131198.wav": {"precision": 0.2857142857142857, "recall": 0.5, "f-measure": 0.36363636363636365}, "DCASE2021-ML_197045.wav": {"precision": 1.0, "recall": 0.7702702702702703, "f-measure": 0.8702290076335878}, "DCASE2021-ML_126376.wav": {"precision": 0.95, "recall": 0.20212765957446807, "f-measure": 0.3333333333333333}, "DCASE2021-ML_191491.wav": {"precision": 1.0, "recall": 0.4444444444444444, "f-measure": 0.6153846153846154}, "DCASE2021-ML_37045.wav": {"precision": 0.9166666666666666, "recall": 0.9166666666666666, "f-measure": 0.9166666666666666}, "DCASE2021-ML_176488.wav": {"precision": 1.0, "recall": 0.2222222222222222, "f-measure": 0.36363636363636365}, "DCASE2021-ML_40509.wav": {"precision": 1.0, "recall": 0.08943089430894309, "f-measure": 0.16417910447761194}, "DCASE2021-ML_268995.wav": {"precision": 1.0, "recall": 1.0, "f-measure": 1.0}, "DCASE2021-ML_190099.wav": {"precision": 1.0, "recall": 0.6, "f-measure": 0.75}, "DCASE2021-ML_89792.wav": {"precision": 1.0, "recall": 0.9655172413793104, "f-measure": 0.9824561403508771}, "DCASE2021-ML_72010931.wav": {"precision": 1.0, "recall": 0.1694915254237288, "f-measure": 0.2898550724637681}, "DCASE2021-ML_273164.wav": {"precision": 1.0, "recall": 0.006666666666666667, "f-measure": 0.013245033112582781}, "DCASE2021-ML_53963.wav": {"precision": 1.0, "recall": 0.08974358974358974, "f-measure": 0.16470588235294117}, "DCASE2021-ML_521435.wav": {"precision": 0.8717948717948718, "recall": 0.5862068965517241, "f-measure": 0.7010309278350515}, "DCASE2021-ML_168236.wav": {"precision": 0.8648648648648649, "recall": 0.5818181818181818, "f-measure": 0.6956521739130435}, "DC11.wav": {"precision": 0.11214953271028037, "recall": 0.2222222222222222, "f-measure": 0.14906832298136646}, "DC10.wav": {"precision": 0.49019607843137253, "recall": 0.2032520325203252, "f-measure": 0.28735632183908044}, "DC12.wav": {"precision": 1e-05, "recall": 1e-05, "f-measure": 1e-05}, "DC08.wav": {"precision": 0.9615384615384616, "recall": 0.5555555555555556, "f-measure": 0.704225352112676}, "DC02.wav": {"precision": 0.5135135135135135, "recall": 0.1357142857142857, "f-measure": 0.21468926553672316}, "DC06.wav": {"precision": 0.0625, "recall": 0.03125, "f-measure": 0.041666666666666664}, "DC07.wav": {"precision": 0.8594594594594595, "recall": 0.691304347826087, "f-measure": 0.7662650602409639}, "DC09.wav": {"precision": 0.17857142857142858, "recall": 0.4166666666666667, "f-measure": 0.25}, "DC04.wav": {"precision": 1e-05, "recall": 1e-05, "f-measure": 1e-05}, "DC05.wav": {"precision": 0.24528301886792453, "recall": 0.3023255813953488, "f-measure": 0.2708333333333333}, "DC01.wav": {"precision": 0.8478260869565217, "recall": 0.37142857142857144, "f-measure": 0.5165562913907285}, "DC03.wav": {"precision": 0.2894736842105263, "recall": 0.08208955223880597, "f-measure": 0.12790697674418605}, "ME2.wav": {"precision": 0.8235294117647058, "recall": 0.6829268292682927, "f-measure": 0.7466666666666667}, "ME1.wav": {"precision": 0.3125, "recall": 0.9090909090909091, "f-measure": 0.46511627906976744}}}