{"set_name": "TEST", "report_date": "08122021_21_28_14", "overall_scores": {"precision": 0.5422354811292427, "recall": 0.34397297070427263, "fmeasure (percentage)": 42.093}, "scores_per_subset": {"ML": {"precision": 0.8409090909090909, "recall": 0.23125, "f-measure": 0.3627450980392157}, "DC": {"precision": 0.45670103092783504, "recall": 0.4171374764595104, "f-measure": 0.4360236220472441}, "ME": {"precision": 0.4642857142857143, "recall": 0.5, "f-measure": 0.48148148148148145}}, "scores_per_audiofile": {"DCASE2021-ML_129696.wav": {"precision": 1.0, "recall": 0.013157894736842105, "f-measure": 0.025974025974025976}, "DCASE2021-ML_131369.wav": {"precision": 1.0, "recall": 0.1, "f-measure": 0.18181818181818182}, "DCASE2021-ML_131198.wav": {"precision": 1e-05, "recall": 1e-05, "f-measure": 1e-05}, "DCASE2021-ML_197045.wav": {"precision": 1.0, "recall": 0.08108108108108109, "f-measure": 0.15}, "DCASE2021-ML_126376.wav": {"precision": 0.8620689655172413, "recall": 0.26595744680851063, "f-measure": 0.4065040650406504}, "DCASE2021-ML_191491.wav": {"precision": 0.875, "recall": 0.7777777777777778, "f-measure": 0.8235294117647058}, "DCASE2021-ML_37045.wav": {"precision": 1.0, "recall": 0.3333333333333333, "f-measure": 0.5}, "DCASE2021-ML_176488.wav": {"precision": 1.0, "recall": 0.1111111111111111, "f-measure": 0.2}, "DCASE2021-ML_40509.wav": {"precision": 1.0, "recall": 0.056910569105691054, "f-measure": 0.1076923076923077}, "DCASE2021-ML_268995.wav": {"precision": 1.0, "recall": 0.1, "f-measure": 0.18181818181818182}, "DCASE2021-ML_190099.wav": {"precision": 0.8333333333333334, "recall": 1.0, "f-measure": 0.9090909090909091}, "DCASE2021-ML_89792.wav": {"precision": 1.0, "recall": 0.5172413793103449, "f-measure": 0.6818181818181818}, "DCASE2021-ML_72010931.wav": {"precision": 1.0, "recall": 0.2542372881355932, "f-measure": 0.40540540540540543}, "DCASE2021-ML_273164.wav": {"precision": 1e-05, "recall": 1e-05, "f-measure": 1e-05}, "DCASE2021-ML_53963.wav": {"precision": 1.0, "recall": 0.2948717948717949, "f-measure": 0.45544554455445546}, "DCASE2021-ML_521435.wav": {"precision": 0.7142857142857143, "recall": 0.5172413793103449, "f-measure": 0.6}, "DCASE2021-ML_168236.wav": {"precision": 0.7555555555555555, "recall": 0.6181818181818182, "f-measure": 0.68}, "DC11.wav": {"precision": 0.06666666666666667, "recall": 0.037037037037037035, "f-measure": 0.047619047619047616}, "DC10.wav": {"precision": 0.42924528301886794, "recall": 0.7398373983739838, "f-measure": 0.5432835820895522}, "DC12.wav": {"precision": 0.17142857142857143, "recall": 0.13953488372093023, "f-measure": 0.15384615384615385}, "DC08.wav": {"precision": 0.8148148148148148, "recall": 0.7333333333333333, "f-measure": 0.7719298245614035}, "DC02.wav": {"precision": 0.3382352941176471, "recall": 0.16428571428571428, "f-measure": 0.22115384615384615}, "DC06.wav": {"precision": 0.1111111111111111, "recall": 0.109375, "f-measure": 0.11023622047244094}, "DC07.wav": {"precision": 0.7619047619047619, "recall": 0.6260869565217392, "f-measure": 0.6873508353221957}, "DC09.wav": {"precision": 0.14583333333333334, "recall": 0.5833333333333334, "f-measure": 0.23333333333333334}, "DC04.wav": {"precision": 0.26666666666666666, "recall": 0.3333333333333333, "f-measure": 0.2962962962962963}, "DC05.wav": {"precision": 0.19148936170212766, "recall": 0.4186046511627907, "f-measure": 0.26277372262773724}, "DC01.wav": {"precision": 0.7432432432432432, "recall": 0.5238095238095238, "f-measure": 0.6145251396648045}, "DC03.wav": {"precision": 0.34782608695652173, "recall": 0.11940298507462686, "f-measure": 0.17777777777777778}, "ME2.wav": {"precision": 0.8888888888888888, "recall": 0.3902439024390244, "f-measure": 0.5423728813559322}, "ME1.wav": {"precision": 0.2631578947368421, "recall": 0.9090909090909091, "f-measure": 0.40816326530612246}}}