{"set_name": "TEST", "report_date": "08122021_16_46_14", "overall_scores": {"precision": 0.6337099351264899, "recall": 0.3806752838773658, "fmeasure (percentage)": 47.563}, "scores_per_subset": {"ML": {"precision": 0.9356913183279743, "recall": 0.3063157894736842, "f-measure": 0.46153846153846156}, "DC": {"precision": 0.5257234726688103, "recall": 0.307909604519774, "f-measure": 0.38836104513064135}, "ME": {"precision": 0.5671641791044776, "recall": 0.7307692307692307, "f-measure": 0.6386554621848739}}, "scores_per_audiofile": {"DCASE2021-ML_129696.wav": {"precision": 1.0, "recall": 0.18421052631578946, "f-measure": 0.3111111111111111}, "DCASE2021-ML_131369.wav": {"precision": 1.0, "recall": 0.275, "f-measure": 0.43137254901960786}, "DCASE2021-ML_131198.wav": {"precision": 0.4444444444444444, "recall": 1.0, "f-measure": 0.6153846153846154}, "DCASE2021-ML_197045.wav": {"precision": 1.0, "recall": 0.6756756756756757, "f-measure": 0.8064516129032258}, "DCASE2021-ML_126376.wav": {"precision": 1.0, "recall": 0.22340425531914893, "f-measure": 0.3652173913043478}, "DCASE2021-ML_191491.wav": {"precision": 1.0, "recall": 0.3333333333333333, "f-measure": 0.5}, "DCASE2021-ML_37045.wav": {"precision": 0.9166666666666666, "recall": 0.9166666666666666, "f-measure": 0.9166666666666666}, "DCASE2021-ML_176488.wav": {"precision": 1.0, "recall": 0.3333333333333333, "f-measure": 0.5}, "DCASE2021-ML_40509.wav": {"precision": 1.0, "recall": 0.08130081300813008, "f-measure": 0.15037593984962405}, "DCASE2021-ML_268995.wav": {"precision": 1.0, "recall": 1.0, "f-measure": 1.0}, "DCASE2021-ML_190099.wav": {"precision": 1.0, "recall": 0.6666666666666666, "f-measure": 0.8}, "DCASE2021-ML_89792.wav": {"precision": 1.0, "recall": 0.9655172413793104, "f-measure": 0.9824561403508771}, "DCASE2021-ML_72010931.wav": {"precision": 1.0, "recall": 0.1016949152542373, "f-measure": 0.18461538461538463}, "DCASE2021-ML_273164.wav": {"precision": 1.0, "recall": 0.006666666666666667, "f-measure": 0.013245033112582781}, "DCASE2021-ML_53963.wav": {"precision": 1.0, "recall": 0.10256410256410256, "f-measure": 0.18604651162790697}, "DCASE2021-ML_521435.wav": {"precision": 0.8974358974358975, "recall": 0.603448275862069, "f-measure": 0.7216494845360825}, "DCASE2021-ML_168236.wav": {"precision": 0.868421052631579, "recall": 0.6, "f-measure": 0.7096774193548387}, "DC11.wav": {"precision": 0.09259259259259259, "recall": 0.18518518518518517, "f-measure": 0.12345679012345678}, "DC10.wav": {"precision": 0.5094339622641509, "recall": 0.21951219512195122, "f-measure": 0.3068181818181818}, "DC12.wav": {"precision": 1e-05, "recall": 1e-05, "f-measure": 1e-05}, "DC08.wav": {"precision": 0.9803921568627451, "recall": 0.5555555555555556, "f-measure": 0.7092198581560284}, "DC02.wav": {"precision": 0.5357142857142857, "recall": 0.10714285714285714, "f-measure": 0.17857142857142858}, "DC06.wav": {"precision": 0.05714285714285714, "recall": 0.03125, "f-measure": 0.04040404040404041}, "DC07.wav": {"precision": 0.8555555555555555, "recall": 0.6695652173913044, "f-measure": 0.751219512195122}, "DC09.wav": {"precision": 0.19230769230769232, "recall": 0.4166666666666667, "f-measure": 0.2631578947368421}, "DC04.wav": {"precision": 1e-05, "recall": 1e-05, "f-measure": 1e-05}, "DC05.wav": {"precision": 0.2826086956521739, "recall": 0.3023255813953488, "f-measure": 0.29213483146067415}, "DC01.wav": {"precision": 0.8888888888888888, "recall": 0.38095238095238093, "f-measure": 0.5333333333333333}, "DC03.wav": {"precision": 0.2894736842105263, "recall": 0.08208955223880597, "f-measure": 0.12790697674418605}, "ME2.wav": {"precision": 0.8235294117647058, "recall": 0.6829268292682927, "f-measure": 0.7466666666666667}, "ME1.wav": {"precision": 0.30303030303030304, "recall": 0.9090909090909091, "f-measure": 0.45454545454545453}}}