{"set_name": "TEST", "report_date": "08122021_23_49_03", "overall_scores": {"precision": 0.5552075828988173, "recall": 0.34336732789719326, "fmeasure (percentage)": 42.432}, "scores_per_subset": {"ML": {"precision": 0.8146718146718147, "recall": 0.21865284974093263, "f-measure": 0.34477124183006536}, "DC": {"precision": 0.4459183673469388, "recall": 0.4114877589453861, "f-measure": 0.42801175318315376}, "ME": {"precision": 0.5172413793103449, "recall": 0.5769230769230769, "f-measure": 0.5454545454545454}}, "scores_per_audiofile": {"DCASE2021-ML_129696.wav": {"precision": 1e-05, "recall": 1e-05, "f-measure": 1e-05}, "DCASE2021-ML_131369.wav": {"precision": 1.0, "recall": 0.15, "f-measure": 0.2608695652173913}, "DCASE2021-ML_131198.wav": {"precision": 1e-05, "recall": 1e-05, "f-measure": 1e-05}, "DCASE2021-ML_197045.wav": {"precision": 1.0, "recall": 0.08108108108108109, "f-measure": 0.15}, "DCASE2021-ML_126376.wav": {"precision": 0.8571428571428571, "recall": 0.19148936170212766, "f-measure": 0.3130434782608696}, "DCASE2021-ML_191491.wav": {"precision": 0.875, "recall": 0.7777777777777778, "f-measure": 0.8235294117647058}, "DCASE2021-ML_37045.wav": {"precision": 1.0, "recall": 0.08333333333333333, "f-measure": 0.15384615384615385}, "DCASE2021-ML_176488.wav": {"precision": 1.0, "recall": 0.1111111111111111, "f-measure": 0.2}, "DCASE2021-ML_40509.wav": {"precision": 1.0, "recall": 0.056910569105691054, "f-measure": 0.1076923076923077}, "DCASE2021-ML_268995.wav": {"precision": 0.5, "recall": 0.1, "f-measure": 0.16666666666666666}, "DCASE2021-ML_190099.wav": {"precision": 0.8333333333333334, "recall": 1.0, "f-measure": 0.9090909090909091}, "DCASE2021-ML_89792.wav": {"precision": 0.9047619047619048, "recall": 0.6551724137931034, "f-measure": 0.76}, "DCASE2021-ML_72010931.wav": {"precision": 1.0, "recall": 0.2542372881355932, "f-measure": 0.40540540540540543}, "DCASE2021-ML_273164.wav": {"precision": 1e-05, "recall": 1e-05, "f-measure": 1e-05}, "DCASE2021-ML_53963.wav": {"precision": 1.0, "recall": 0.28205128205128205, "f-measure": 0.44}, "DCASE2021-ML_521435.wav": {"precision": 0.6, "recall": 0.41379310344827586, "f-measure": 0.4897959183673469}, "DCASE2021-ML_168236.wav": {"precision": 0.7582417582417582, "recall": 0.6272727272727273, "f-measure": 0.6865671641791045}, "DC11.wav": {"precision": 0.06451612903225806, "recall": 0.037037037037037035, "f-measure": 0.047058823529411764}, "DC10.wav": {"precision": 0.43317972350230416, "recall": 0.7642276422764228, "f-measure": 0.5529411764705883}, "DC12.wav": {"precision": 0.28205128205128205, "recall": 0.2558139534883721, "f-measure": 0.2682926829268293}, "DC08.wav": {"precision": 0.782051282051282, "recall": 0.6777777777777778, "f-measure": 0.7261904761904762}, "DC02.wav": {"precision": 0.3333333333333333, "recall": 0.15714285714285714, "f-measure": 0.21359223300970873}, "DC06.wav": {"precision": 0.09090909090909091, "recall": 0.09375, "f-measure": 0.09230769230769231}, "DC07.wav": {"precision": 0.7373737373737373, "recall": 0.6347826086956522, "f-measure": 0.6822429906542056}, "DC09.wav": {"precision": 0.14583333333333334, "recall": 0.5833333333333334, "f-measure": 0.23333333333333334}, "DC04.wav": {"precision": 0.21428571428571427, "recall": 0.25, "f-measure": 0.23076923076923078}, "DC05.wav": {"precision": 0.16842105263157894, "recall": 0.37209302325581395, "f-measure": 0.2318840579710145}, "DC01.wav": {"precision": 0.75, "recall": 0.5142857142857142, "f-measure": 0.6101694915254238}, "DC03.wav": {"precision": 0.2857142857142857, "recall": 0.08955223880597014, "f-measure": 0.13636363636363635}, "ME2.wav": {"precision": 0.9090909090909091, "recall": 0.4878048780487805, "f-measure": 0.6349206349206349}, "ME1.wav": {"precision": 0.2777777777777778, "recall": 0.9090909090909091, "f-measure": 0.425531914893617}}}