{"set_name": "TEST", "report_date": "08122021_19_52_05", "overall_scores": {"precision": 0.6332903867755051, "recall": 0.38019466745002006, "fmeasure (percentage)": 47.514}, "scores_per_subset": {"ML": {"precision": 0.9326923076923077, "recall": 0.3063157894736842, "f-measure": 0.4611727416798732}, "DC": {"precision": 0.5258064516129032, "recall": 0.3069679849340866, "f-measure": 0.3876337693222354}, "ME": {"precision": 0.5671641791044776, "recall": 0.7307692307692307, "f-measure": 0.6386554621848739}}, "scores_per_audiofile": {"DCASE2021-ML_129696.wav": {"precision": 1.0, "recall": 0.19736842105263158, "f-measure": 0.32967032967032966}, "DCASE2021-ML_131369.wav": {"precision": 0.9090909090909091, "recall": 0.25, "f-measure": 0.39215686274509803}, "DCASE2021-ML_131198.wav": {"precision": 0.5714285714285714, "recall": 1.0, "f-measure": 0.7272727272727273}, "DCASE2021-ML_197045.wav": {"precision": 1.0, "recall": 0.6756756756756757, "f-measure": 0.8064516129032258}, "DCASE2021-ML_126376.wav": {"precision": 1.0, "recall": 0.20212765957446807, "f-measure": 0.336283185840708}, "DCASE2021-ML_191491.wav": {"precision": 1.0, "recall": 0.4444444444444444, "f-measure": 0.6153846153846154}, "DCASE2021-ML_37045.wav": {"precision": 0.9166666666666666, "recall": 0.9166666666666666, "f-measure": 0.9166666666666666}, "DCASE2021-ML_176488.wav": {"precision": 1.0, "recall": 0.3333333333333333, "f-measure": 0.5}, "DCASE2021-ML_40509.wav": {"precision": 1.0, "recall": 0.08130081300813008, "f-measure": 0.15037593984962405}, "DCASE2021-ML_268995.wav": {"precision": 1.0, "recall": 1.0, "f-measure": 1.0}, "DCASE2021-ML_190099.wav": {"precision": 1.0, "recall": 0.6, "f-measure": 0.75}, "DCASE2021-ML_89792.wav": {"precision": 1.0, "recall": 0.9655172413793104, "f-measure": 0.9824561403508771}, "DCASE2021-ML_72010931.wav": {"precision": 1.0, "recall": 0.0847457627118644, "f-measure": 0.15625}, "DCASE2021-ML_273164.wav": {"precision": 1.0, "recall": 0.006666666666666667, "f-measure": 0.013245033112582781}, "DCASE2021-ML_53963.wav": {"precision": 1.0, "recall": 0.10256410256410256, "f-measure": 0.18604651162790697}, "DCASE2021-ML_521435.wav": {"precision": 0.8780487804878049, "recall": 0.6206896551724138, "f-measure": 0.7272727272727273}, "DCASE2021-ML_168236.wav": {"precision": 0.8607594936708861, "recall": 0.6181818181818182, "f-measure": 0.7195767195767195}, "DC11.wav": {"precision": 0.1111111111111111, "recall": 0.2222222222222222, "f-measure": 0.14814814814814814}, "DC10.wav": {"precision": 0.5208333333333334, "recall": 0.2032520325203252, "f-measure": 0.29239766081871343}, "DC12.wav": {"precision": 1e-05, "recall": 1e-05, "f-measure": 1e-05}, "DC08.wav": {"precision": 0.9807692307692307, "recall": 0.5666666666666667, "f-measure": 0.7183098591549296}, "DC02.wav": {"precision": 0.5357142857142857, "recall": 0.10714285714285714, "f-measure": 0.17857142857142858}, "DC06.wav": {"precision": 0.06896551724137931, "recall": 0.03125, "f-measure": 0.043010752688172046}, "DC07.wav": {"precision": 0.8659217877094972, "recall": 0.6739130434782609, "f-measure": 0.7579462102689487}, "DC09.wav": {"precision": 0.13333333333333333, "recall": 0.3333333333333333, "f-measure": 0.19047619047619047}, "DC04.wav": {"precision": 1e-05, "recall": 1e-05, "f-measure": 1e-05}, "DC05.wav": {"precision": 0.2549019607843137, "recall": 0.3023255813953488, "f-measure": 0.2765957446808511}, "DC01.wav": {"precision": 0.8636363636363636, "recall": 0.3619047619047619, "f-measure": 0.5100671140939598}, "DC03.wav": {"precision": 0.2972972972972973, "recall": 0.08208955223880597, "f-measure": 0.1286549707602339}, "ME2.wav": {"precision": 0.8235294117647058, "recall": 0.6829268292682927, "f-measure": 0.7466666666666667}, "ME1.wav": {"precision": 0.30303030303030304, "recall": 0.9090909090909091, "f-measure": 0.45454545454545453}}}