{"set_name": "TEST", "report_date": "09122021_00_02_48", "overall_scores": {"precision": 0.544626043119871, "recall": 0.35264857903991, "fmeasure (percentage)": 42.81}, "scores_per_subset": {"ML": {"precision": 0.8421052631578947, "recall": 0.23455497382198953, "f-measure": 0.3669123669123669}, "DC": {"precision": 0.44455544455544455, "recall": 0.4190207156308851, "f-measure": 0.43141056713523995}, "ME": {"precision": 0.4827586206896552, "recall": 0.5384615384615384, "f-measure": 0.509090909090909}}, "scores_per_audiofile": {"DCASE2021-ML_129696.wav": {"precision": 1.0, "recall": 0.039473684210526314, "f-measure": 0.0759493670886076}, "DCASE2021-ML_131369.wav": {"precision": 1.0, "recall": 0.175, "f-measure": 0.2978723404255319}, "DCASE2021-ML_131198.wav": {"precision": 1.0, "recall": 0.25, "f-measure": 0.4}, "DCASE2021-ML_197045.wav": {"precision": 1.0, "recall": 0.08108108108108109, "f-measure": 0.15}, "DCASE2021-ML_126376.wav": {"precision": 0.8636363636363636, "recall": 0.20212765957446807, "f-measure": 0.3275862068965517}, "DCASE2021-ML_191491.wav": {"precision": 0.875, "recall": 0.7777777777777778, "f-measure": 0.8235294117647058}, "DCASE2021-ML_37045.wav": {"precision": 1.0, "recall": 0.16666666666666666, "f-measure": 0.2857142857142857}, "DCASE2021-ML_176488.wav": {"precision": 1.0, "recall": 0.3333333333333333, "f-measure": 0.5}, "DCASE2021-ML_40509.wav": {"precision": 1.0, "recall": 0.04878048780487805, "f-measure": 0.09302325581395349}, "DCASE2021-ML_268995.wav": {"precision": 0.5, "recall": 0.1, "f-measure": 0.16666666666666666}, "DCASE2021-ML_190099.wav": {"precision": 0.7894736842105263, "recall": 1.0, "f-measure": 0.8823529411764706}, "DCASE2021-ML_89792.wav": {"precision": 1.0, "recall": 0.7241379310344828, "f-measure": 0.84}, "DCASE2021-ML_72010931.wav": {"precision": 1.0, "recall": 0.23728813559322035, "f-measure": 0.3835616438356164}, "DCASE2021-ML_273164.wav": {"precision": 1e-05, "recall": 1e-05, "f-measure": 1e-05}, "DCASE2021-ML_53963.wav": {"precision": 1.0, "recall": 0.2692307692307692, "f-measure": 0.42424242424242425}, "DCASE2021-ML_521435.wav": {"precision": 0.7, "recall": 0.4827586206896552, "f-measure": 0.5714285714285714}, "DCASE2021-ML_168236.wav": {"precision": 0.7692307692307693, "recall": 0.6363636363636364, "f-measure": 0.6965174129353234}, "DC11.wav": {"precision": 0.06896551724137931, "recall": 0.037037037037037035, "f-measure": 0.04819277108433735}, "DC10.wav": {"precision": 0.4253393665158371, "recall": 0.7642276422764228, "f-measure": 0.5465116279069767}, "DC12.wav": {"precision": 0.15789473684210525, "recall": 0.13953488372093023, "f-measure": 0.14814814814814814}, "DC08.wav": {"precision": 0.7974683544303798, "recall": 0.7, "f-measure": 0.7455621301775148}, "DC02.wav": {"precision": 0.34782608695652173, "recall": 0.17142857142857143, "f-measure": 0.22966507177033493}, "DC06.wav": {"precision": 0.09722222222222222, "recall": 0.109375, "f-measure": 0.10294117647058823}, "DC07.wav": {"precision": 0.7213930348258707, "recall": 0.6304347826086957, "f-measure": 0.6728538283062645}, "DC09.wav": {"precision": 0.14583333333333334, "recall": 0.5833333333333334, "f-measure": 0.23333333333333334}, "DC04.wav": {"precision": 0.26666666666666666, "recall": 0.3333333333333333, "f-measure": 0.2962962962962963}, "DC05.wav": {"precision": 0.20618556701030927, "recall": 0.46511627906976744, "f-measure": 0.2857142857142857}, "DC01.wav": {"precision": 0.7333333333333333, "recall": 0.5238095238095238, "f-measure": 0.6111111111111112}, "DC03.wav": {"precision": 0.3333333333333333, "recall": 0.1044776119402985, "f-measure": 0.1590909090909091}, "ME2.wav": {"precision": 0.9, "recall": 0.43902439024390244, "f-measure": 0.5901639344262295}, "ME1.wav": {"precision": 0.2631578947368421, "recall": 0.9090909090909091, "f-measure": 0.40816326530612246}}}