{"set_name": "TEST", "report_date": "08122021_18_27_18", "overall_scores": {"precision": 0.5846101132118879, "recall": 0.3489548523630138, "fmeasure (percentage)": 43.704}, "scores_per_subset": {"ML": {"precision": 0.8899082568807339, "recall": 0.20208333333333334, "f-measure": 0.3293718166383701}, "DC": {"precision": 0.4712092130518234, "recall": 0.4623352165725047, "f-measure": 0.4667300380228137}, "ME": {"precision": 0.5303030303030303, "recall": 0.6730769230769231, "f-measure": 0.5932203389830508}}, "scores_per_audiofile": {"DCASE2021-ML_129696.wav": {"precision": 0.75, "recall": 0.039473684210526314, "f-measure": 0.075}, "DCASE2021-ML_131369.wav": {"precision": 1.0, "recall": 0.15, "f-measure": 0.2608695652173913}, "DCASE2021-ML_131198.wav": {"precision": 1e-05, "recall": 1e-05, "f-measure": 1e-05}, "DCASE2021-ML_197045.wav": {"precision": 1.0, "recall": 0.06756756756756757, "f-measure": 0.12658227848101267}, "DCASE2021-ML_126376.wav": {"precision": 0.9565217391304348, "recall": 0.23404255319148937, "f-measure": 0.37606837606837606}, "DCASE2021-ML_191491.wav": {"precision": 1.0, "recall": 0.7777777777777778, "f-measure": 0.875}, "DCASE2021-ML_37045.wav": {"precision": 1.0, "recall": 0.16666666666666666, "f-measure": 0.2857142857142857}, "DCASE2021-ML_176488.wav": {"precision": 1.0, "recall": 0.2222222222222222, "f-measure": 0.36363636363636365}, "DCASE2021-ML_40509.wav": {"precision": 1.0, "recall": 0.08130081300813008, "f-measure": 0.15037593984962405}, "DCASE2021-ML_268995.wav": {"precision": 0.5, "recall": 0.1, "f-measure": 0.16666666666666666}, "DCASE2021-ML_190099.wav": {"precision": 0.8235294117647058, "recall": 0.9333333333333333, "f-measure": 0.875}, "DCASE2021-ML_89792.wav": {"precision": 1.0, "recall": 0.7241379310344828, "f-measure": 0.84}, "DCASE2021-ML_72010931.wav": {"precision": 1.0, "recall": 0.1864406779661017, "f-measure": 0.3142857142857143}, "DCASE2021-ML_273164.wav": {"precision": 1e-05, "recall": 1e-05, "f-measure": 1e-05}, "DCASE2021-ML_53963.wav": {"precision": 1.0, "recall": 0.1282051282051282, "f-measure": 0.22727272727272727}, "DCASE2021-ML_521435.wav": {"precision": 0.6666666666666666, "recall": 0.3448275862068966, "f-measure": 0.45454545454545453}, "DCASE2021-ML_168236.wav": {"precision": 0.8823529411764706, "recall": 0.5454545454545454, "f-measure": 0.6741573033707865}, "DC11.wav": {"precision": 0.12962962962962962, "recall": 0.12962962962962962, "f-measure": 0.12962962962962962}, "DC10.wav": {"precision": 0.4185022026431718, "recall": 0.7723577235772358, "f-measure": 0.5428571428571428}, "DC12.wav": {"precision": 0.3225806451612903, "recall": 0.46511627906976744, "f-measure": 0.38095238095238093}, "DC08.wav": {"precision": 0.8791208791208791, "recall": 0.8888888888888888, "f-measure": 0.8839779005524862}, "DC02.wav": {"precision": 0.3333333333333333, "recall": 0.17142857142857143, "f-measure": 0.22641509433962265}, "DC06.wav": {"precision": 0.11475409836065574, "recall": 0.109375, "f-measure": 0.112}, "DC07.wav": {"precision": 0.7387387387387387, "recall": 0.7130434782608696, "f-measure": 0.7256637168141593}, "DC09.wav": {"precision": 0.16666666666666666, "recall": 0.5833333333333334, "f-measure": 0.25925925925925924}, "DC04.wav": {"precision": 0.19047619047619047, "recall": 0.16666666666666666, "f-measure": 0.17777777777777778}, "DC05.wav": {"precision": 0.2, "recall": 0.3953488372093023, "f-measure": 0.265625}, "DC01.wav": {"precision": 0.8125, "recall": 0.49523809523809526, "f-measure": 0.6153846153846154}, "DC03.wav": {"precision": 0.34146341463414637, "recall": 0.1044776119402985, "f-measure": 0.16}, "ME2.wav": {"precision": 0.9285714285714286, "recall": 0.6341463414634146, "f-measure": 0.7536231884057971}, "ME1.wav": {"precision": 0.23684210526315788, "recall": 0.8181818181818182, "f-measure": 0.3673469387755102}}}