{"set_name": "TEST", "report_date": "08122021_15_24_27", "overall_scores": {"precision": 0.5299522717262852, "recall": 0.35084984260068963, "fmeasure (percentage)": 42.219}, "scores_per_subset": {"ML": {"precision": 0.8055555555555556, "recall": 0.24421052631578946, "f-measure": 0.37479806138933763}, "DC": {"precision": 0.4425742574257426, "recall": 0.4209039548022599, "f-measure": 0.4314671814671815}, "ME": {"precision": 0.46296296296296297, "recall": 0.4807692307692308, "f-measure": 0.4716981132075472}}, "scores_per_audiofile": {"DCASE2021-ML_129696.wav": {"precision": 1.0, "recall": 0.02631578947368421, "f-measure": 0.05128205128205128}, "DCASE2021-ML_131369.wav": {"precision": 0.8333333333333334, "recall": 0.125, "f-measure": 0.21739130434782608}, "DCASE2021-ML_131198.wav": {"precision": 1.0, "recall": 0.25, "f-measure": 0.4}, "DCASE2021-ML_197045.wav": {"precision": 0.8571428571428571, "recall": 0.08108108108108109, "f-measure": 0.14814814814814814}, "DCASE2021-ML_126376.wav": {"precision": 0.9090909090909091, "recall": 0.3191489361702128, "f-measure": 0.47244094488188976}, "DCASE2021-ML_191491.wav": {"precision": 0.875, "recall": 0.7777777777777778, "f-measure": 0.8235294117647058}, "DCASE2021-ML_37045.wav": {"precision": 1.0, "recall": 0.3333333333333333, "f-measure": 0.5}, "DCASE2021-ML_176488.wav": {"precision": 1.0, "recall": 0.2222222222222222, "f-measure": 0.36363636363636365}, "DCASE2021-ML_40509.wav": {"precision": 1.0, "recall": 0.07317073170731707, "f-measure": 0.13636363636363635}, "DCASE2021-ML_268995.wav": {"precision": 1.0, "recall": 0.3, "f-measure": 0.46153846153846156}, "DCASE2021-ML_190099.wav": {"precision": 0.7, "recall": 0.9333333333333333, "f-measure": 0.8}, "DCASE2021-ML_89792.wav": {"precision": 1.0, "recall": 0.6551724137931034, "f-measure": 0.7916666666666666}, "DCASE2021-ML_72010931.wav": {"precision": 1.0, "recall": 0.2542372881355932, "f-measure": 0.40540540540540543}, "DCASE2021-ML_273164.wav": {"precision": 1.0, "recall": 0.006666666666666667, "f-measure": 0.013245033112582781}, "DCASE2021-ML_53963.wav": {"precision": 1.0, "recall": 0.32051282051282054, "f-measure": 0.4854368932038835}, "DCASE2021-ML_521435.wav": {"precision": 0.4634146341463415, "recall": 0.3275862068965517, "f-measure": 0.3838383838383838}, "DCASE2021-ML_168236.wav": {"precision": 0.7608695652173914, "recall": 0.6363636363636364, "f-measure": 0.693069306930693}, "DC11.wav": {"precision": 0.06451612903225806, "recall": 0.037037037037037035, "f-measure": 0.047058823529411764}, "DC10.wav": {"precision": 0.4144144144144144, "recall": 0.7479674796747967, "f-measure": 0.5333333333333333}, "DC12.wav": {"precision": 0.21621621621621623, "recall": 0.18604651162790697, "f-measure": 0.2}, "DC08.wav": {"precision": 0.8313253012048193, "recall": 0.7666666666666667, "f-measure": 0.7976878612716763}, "DC02.wav": {"precision": 0.33783783783783783, "recall": 0.17857142857142858, "f-measure": 0.2336448598130841}, "DC06.wav": {"precision": 0.125, "recall": 0.140625, "f-measure": 0.1323529411764706}, "DC07.wav": {"precision": 0.7315789473684211, "recall": 0.6043478260869565, "f-measure": 0.6619047619047619}, "DC09.wav": {"precision": 0.16279069767441862, "recall": 0.5833333333333334, "f-measure": 0.2545454545454545}, "DC04.wav": {"precision": 0.23333333333333334, "recall": 0.2916666666666667, "f-measure": 0.25925925925925924}, "DC05.wav": {"precision": 0.20202020202020202, "recall": 0.46511627906976744, "f-measure": 0.28169014084507044}, "DC01.wav": {"precision": 0.6547619047619048, "recall": 0.5238095238095238, "f-measure": 0.582010582010582}, "DC03.wav": {"precision": 0.3111111111111111, "recall": 0.1044776119402985, "f-measure": 0.1564245810055866}, "ME2.wav": {"precision": 0.8823529411764706, "recall": 0.36585365853658536, "f-measure": 0.5172413793103449}, "ME1.wav": {"precision": 0.2702702702702703, "recall": 0.9090909090909091, "f-measure": 0.4166666666666667}}}