{"set_name": "TEST", "report_date": "08122021_14_27_30", "overall_scores": {"precision": 0.5868877276270551, "recall": 0.35495510360259364, "fmeasure (percentage)": 44.236}, "scores_per_subset": {"ML": {"precision": 0.8940092165898618, "recall": 0.20208333333333334, "f-measure": 0.3296516567544605}, "DC": {"precision": 0.4666021297192643, "recall": 0.4538606403013183, "f-measure": 0.46014319809069215}, "ME": {"precision": 0.5405405405405406, "recall": 0.7692307692307693, "f-measure": 0.6349206349206349}}, "scores_per_audiofile": {"DCASE2021-ML_129696.wav": {"precision": 1.0, "recall": 0.039473684210526314, "f-measure": 0.0759493670886076}, "DCASE2021-ML_131369.wav": {"precision": 1.0, "recall": 0.1, "f-measure": 0.18181818181818182}, "DCASE2021-ML_131198.wav": {"precision": 1e-05, "recall": 1e-05, "f-measure": 1e-05}, "DCASE2021-ML_197045.wav": {"precision": 1.0, "recall": 0.28378378378378377, "f-measure": 0.4421052631578947}, "DCASE2021-ML_126376.wav": {"precision": 0.9230769230769231, "recall": 0.1276595744680851, "f-measure": 0.22429906542056074}, "DCASE2021-ML_191491.wav": {"precision": 1.0, "recall": 0.5555555555555556, "f-measure": 0.7142857142857143}, "DCASE2021-ML_37045.wav": {"precision": 1.0, "recall": 0.08333333333333333, "f-measure": 0.15384615384615385}, "DCASE2021-ML_176488.wav": {"precision": 1.0, "recall": 0.3333333333333333, "f-measure": 0.5}, "DCASE2021-ML_40509.wav": {"precision": 1.0, "recall": 0.07317073170731707, "f-measure": 0.13636363636363635}, "DCASE2021-ML_268995.wav": {"precision": 0.75, "recall": 0.3, "f-measure": 0.42857142857142855}, "DCASE2021-ML_190099.wav": {"precision": 0.7647058823529411, "recall": 0.8666666666666667, "f-measure": 0.8125}, "DCASE2021-ML_89792.wav": {"precision": 0.8666666666666667, "recall": 0.4482758620689655, "f-measure": 0.5909090909090909}, "DCASE2021-ML_72010931.wav": {"precision": 1.0, "recall": 0.1864406779661017, "f-measure": 0.3142857142857143}, "DCASE2021-ML_273164.wav": {"precision": 1e-05, "recall": 1e-05, "f-measure": 1e-05}, "DCASE2021-ML_53963.wav": {"precision": 1.0, "recall": 0.08974358974358974, "f-measure": 0.16470588235294117}, "DCASE2021-ML_521435.wav": {"precision": 0.8653846153846154, "recall": 0.7758620689655172, "f-measure": 0.8181818181818182}, "DCASE2021-ML_168236.wav": {"precision": 0.8461538461538461, "recall": 0.4, "f-measure": 0.5432098765432098}, "DC11.wav": {"precision": 0.1513157894736842, "recall": 0.42592592592592593, "f-measure": 0.22330097087378642}, "DC10.wav": {"precision": 0.3961038961038961, "recall": 0.4959349593495935, "f-measure": 0.4404332129963899}, "DC12.wav": {"precision": 0.2711864406779661, "recall": 0.37209302325581395, "f-measure": 0.3137254901960784}, "DC08.wav": {"precision": 0.9659090909090909, "recall": 0.9444444444444444, "f-measure": 0.9550561797752809}, "DC02.wav": {"precision": 0.2916666666666667, "recall": 0.1, "f-measure": 0.14893617021276595}, "DC06.wav": {"precision": 0.08333333333333333, "recall": 0.0625, "f-measure": 0.07142857142857142}, "DC07.wav": {"precision": 0.7541666666666667, "recall": 0.7869565217391304, "f-measure": 0.7702127659574468}, "DC09.wav": {"precision": 0.13636363636363635, "recall": 0.5, "f-measure": 0.21428571428571427}, "DC04.wav": {"precision": 0.1, "recall": 0.041666666666666664, "f-measure": 0.058823529411764705}, "DC05.wav": {"precision": 0.19736842105263158, "recall": 0.3488372093023256, "f-measure": 0.25210084033613445}, "DC01.wav": {"precision": 0.8767123287671232, "recall": 0.6095238095238096, "f-measure": 0.7191011235955056}, "DC03.wav": {"precision": 0.2926829268292683, "recall": 0.08955223880597014, "f-measure": 0.13714285714285715}, "ME2.wav": {"precision": 0.8823529411764706, "recall": 0.7317073170731707, "f-measure": 0.8}, "ME1.wav": {"precision": 0.25, "recall": 0.9090909090909091, "f-measure": 0.39215686274509803}}}