{"set_name": "TEST", "report_date": "08122021_19_58_06", "overall_scores": {"precision": 0.6374221067768345, "recall": 0.3816313508857886, "fmeasure (percentage)": 47.742}, "scores_per_subset": {"ML": {"precision": 0.9267515923566879, "recall": 0.3063157894736842, "f-measure": 0.46044303797468356}, "DC": {"precision": 0.5289389067524116, "recall": 0.3097928436911488, "f-measure": 0.39073634204275537}, "ME": {"precision": 0.5757575757575758, "recall": 0.7307692307692307, "f-measure": 0.6440677966101694}}, "scores_per_audiofile": {"DCASE2021-ML_129696.wav": {"precision": 1.0, "recall": 0.13157894736842105, "f-measure": 0.23255813953488372}, "DCASE2021-ML_131369.wav": {"precision": 0.9090909090909091, "recall": 0.25, "f-measure": 0.39215686274509803}, "DCASE2021-ML_131198.wav": {"precision": 0.4444444444444444, "recall": 1.0, "f-measure": 0.6153846153846154}, "DCASE2021-ML_197045.wav": {"precision": 1.0, "recall": 0.7027027027027027, "f-measure": 0.8253968253968254}, "DCASE2021-ML_126376.wav": {"precision": 1.0, "recall": 0.20212765957446807, "f-measure": 0.336283185840708}, "DCASE2021-ML_191491.wav": {"precision": 1.0, "recall": 0.3333333333333333, "f-measure": 0.5}, "DCASE2021-ML_37045.wav": {"precision": 0.9166666666666666, "recall": 0.9166666666666666, "f-measure": 0.9166666666666666}, "DCASE2021-ML_176488.wav": {"precision": 1.0, "recall": 0.3333333333333333, "f-measure": 0.5}, "DCASE2021-ML_40509.wav": {"precision": 1.0, "recall": 0.07317073170731707, "f-measure": 0.13636363636363635}, "DCASE2021-ML_268995.wav": {"precision": 1.0, "recall": 1.0, "f-measure": 1.0}, "DCASE2021-ML_190099.wav": {"precision": 1.0, "recall": 0.7333333333333333, "f-measure": 0.8461538461538461}, "DCASE2021-ML_89792.wav": {"precision": 1.0, "recall": 0.9655172413793104, "f-measure": 0.9824561403508771}, "DCASE2021-ML_72010931.wav": {"precision": 1.0, "recall": 0.0847457627118644, "f-measure": 0.15625}, "DCASE2021-ML_273164.wav": {"precision": 1.0, "recall": 0.006666666666666667, "f-measure": 0.013245033112582781}, "DCASE2021-ML_53963.wav": {"precision": 1.0, "recall": 0.10256410256410256, "f-measure": 0.18604651162790697}, "DCASE2021-ML_521435.wav": {"precision": 0.8837209302325582, "recall": 0.6551724137931034, "f-measure": 0.7524752475247525}, "DCASE2021-ML_168236.wav": {"precision": 0.8625, "recall": 0.6272727272727273, "f-measure": 0.7263157894736842}, "DC11.wav": {"precision": 0.10091743119266056, "recall": 0.2037037037037037, "f-measure": 0.13496932515337423}, "DC10.wav": {"precision": 0.5192307692307693, "recall": 0.21951219512195122, "f-measure": 0.30857142857142855}, "DC12.wav": {"precision": 1e-05, "recall": 1e-05, "f-measure": 1e-05}, "DC08.wav": {"precision": 0.9803921568627451, "recall": 0.5555555555555556, "f-measure": 0.7092198581560284}, "DC02.wav": {"precision": 0.5333333333333333, "recall": 0.11428571428571428, "f-measure": 0.18823529411764706}, "DC06.wav": {"precision": 0.0625, "recall": 0.03125, "f-measure": 0.041666666666666664}, "DC07.wav": {"precision": 0.8707865168539326, "recall": 0.6739130434782609, "f-measure": 0.7598039215686274}, "DC09.wav": {"precision": 0.14814814814814814, "recall": 0.3333333333333333, "f-measure": 0.20512820512820512}, "DC04.wav": {"precision": 1e-05, "recall": 1e-05, "f-measure": 1e-05}, "DC05.wav": {"precision": 0.2765957446808511, "recall": 0.3023255813953488, "f-measure": 0.28888888888888886}, "DC01.wav": {"precision": 0.8695652173913043, "recall": 0.38095238095238093, "f-measure": 0.5298013245033113}, "DC03.wav": {"precision": 0.2972972972972973, "recall": 0.08208955223880597, "f-measure": 0.1286549707602339}, "ME2.wav": {"precision": 0.8484848484848485, "recall": 0.6829268292682927, "f-measure": 0.7567567567567568}, "ME1.wav": {"precision": 0.30303030303030304, "recall": 0.9090909090909091, "f-measure": 0.45454545454545453}}}