{"set_name": "TEST", "report_date": "09122021_00_09_43", "overall_scores": {"precision": 0.5446163651170202, "recall": 0.33701425040753014, "fmeasure (percentage)": 41.637}, "scores_per_subset": {"ML": {"precision": 0.8, "recall": 0.2125, "f-measure": 0.3358024691358025}, "DC": {"precision": 0.4496439471007121, "recall": 0.416195856873823, "f-measure": 0.4322738386308069}, "ME": {"precision": 0.4915254237288136, "recall": 0.5576923076923077, "f-measure": 0.5225225225225225}}, "scores_per_audiofile": {"DCASE2021-ML_129696.wav": {"precision": 1e-05, "recall": 1e-05, "f-measure": 1e-05}, "DCASE2021-ML_131369.wav": {"precision": 1.0, "recall": 0.25, "f-measure": 0.4}, "DCASE2021-ML_131198.wav": {"precision": 1.0, "recall": 0.75, "f-measure": 0.8571428571428571}, "DCASE2021-ML_197045.wav": {"precision": 1.0, "recall": 0.0945945945945946, "f-measure": 0.1728395061728395}, "DCASE2021-ML_126376.wav": {"precision": 0.8421052631578947, "recall": 0.1702127659574468, "f-measure": 0.2831858407079646}, "DCASE2021-ML_191491.wav": {"precision": 0.8333333333333334, "recall": 0.5555555555555556, "f-measure": 0.6666666666666666}, "DCASE2021-ML_37045.wav": {"precision": 1.0, "recall": 0.08333333333333333, "f-measure": 0.15384615384615385}, "DCASE2021-ML_176488.wav": {"precision": 1.0, "recall": 0.2222222222222222, "f-measure": 0.36363636363636365}, "DCASE2021-ML_40509.wav": {"precision": 1.0, "recall": 0.04878048780487805, "f-measure": 0.09302325581395349}, "DCASE2021-ML_268995.wav": {"precision": 0.5, "recall": 0.1, "f-measure": 0.16666666666666666}, "DCASE2021-ML_190099.wav": {"precision": 0.7222222222222222, "recall": 0.8666666666666667, "f-measure": 0.7878787878787878}, "DCASE2021-ML_89792.wav": {"precision": 1.0, "recall": 0.5517241379310345, "f-measure": 0.7111111111111111}, "DCASE2021-ML_72010931.wav": {"precision": 1.0, "recall": 0.2542372881355932, "f-measure": 0.40540540540540543}, "DCASE2021-ML_273164.wav": {"precision": 1e-05, "recall": 1e-05, "f-measure": 1e-05}, "DCASE2021-ML_53963.wav": {"precision": 1.0, "recall": 0.2692307692307692, "f-measure": 0.42424242424242425}, "DCASE2021-ML_521435.wav": {"precision": 0.5135135135135135, "recall": 0.3275862068965517, "f-measure": 0.4}, "DCASE2021-ML_168236.wav": {"precision": 0.75, "recall": 0.6272727272727273, "f-measure": 0.6831683168316832}, "DC11.wav": {"precision": 0.06896551724137931, "recall": 0.037037037037037035, "f-measure": 0.04819277108433735}, "DC10.wav": {"precision": 0.43119266055045874, "recall": 0.7642276422764228, "f-measure": 0.5513196480938416}, "DC12.wav": {"precision": 0.28205128205128205, "recall": 0.2558139534883721, "f-measure": 0.2682926829268293}, "DC08.wav": {"precision": 0.8048780487804879, "recall": 0.7333333333333333, "f-measure": 0.7674418604651163}, "DC02.wav": {"precision": 0.35384615384615387, "recall": 0.16428571428571428, "f-measure": 0.22439024390243903}, "DC06.wav": {"precision": 0.1076923076923077, "recall": 0.109375, "f-measure": 0.10852713178294573}, "DC07.wav": {"precision": 0.73, "recall": 0.6347826086956522, "f-measure": 0.6790697674418604}, "DC09.wav": {"precision": 0.14893617021276595, "recall": 0.5833333333333334, "f-measure": 0.23728813559322035}, "DC04.wav": {"precision": 0.26666666666666666, "recall": 0.3333333333333333, "f-measure": 0.2962962962962963}, "DC05.wav": {"precision": 0.15555555555555556, "recall": 0.32558139534883723, "f-measure": 0.21052631578947367}, "DC01.wav": {"precision": 0.6842105263157895, "recall": 0.49523809523809526, "f-measure": 0.574585635359116}, "DC03.wav": {"precision": 0.2857142857142857, "recall": 0.08955223880597014, "f-measure": 0.13636363636363635}, "ME2.wav": {"precision": 0.9047619047619048, "recall": 0.4634146341463415, "f-measure": 0.6129032258064516}, "ME1.wav": {"precision": 0.2631578947368421, "recall": 0.9090909090909091, "f-measure": 0.40816326530612246}}}