{"set_name": "TEST", "report_date": "08122021_11_53_01", "overall_scores": {"precision": 0.6184654872193034, "recall": 0.38573151295468333, "fmeasure (percentage)": 47.513}, "scores_per_subset": {"ML": {"precision": 0.91701244813278, "recall": 0.2326315789473684, "f-measure": 0.3711167086481948}, "DC": {"precision": 0.4718779790276454, "recall": 0.4661016949152542, "f-measure": 0.4689720511605874}, "ME": {"precision": 0.609375, "recall": 0.75, "f-measure": 0.6724137931034483}}, "scores_per_audiofile": {"DCASE2021-ML_129696.wav": {"precision": 1.0, "recall": 0.05263157894736842, "f-measure": 0.1}, "DCASE2021-ML_131369.wav": {"precision": 1.0, "recall": 0.15, "f-measure": 0.2608695652173913}, "DCASE2021-ML_131198.wav": {"precision": 1.0, "recall": 1.0, "f-measure": 1.0}, "DCASE2021-ML_197045.wav": {"precision": 1.0, "recall": 0.44594594594594594, "f-measure": 0.616822429906542}, "DCASE2021-ML_126376.wav": {"precision": 0.8823529411764706, "recall": 0.1595744680851064, "f-measure": 0.2702702702702703}, "DCASE2021-ML_191491.wav": {"precision": 1.0, "recall": 0.5555555555555556, "f-measure": 0.7142857142857143}, "DCASE2021-ML_37045.wav": {"precision": 1.0, "recall": 0.08333333333333333, "f-measure": 0.15384615384615385}, "DCASE2021-ML_176488.wav": {"precision": 1.0, "recall": 0.2222222222222222, "f-measure": 0.36363636363636365}, "DCASE2021-ML_40509.wav": {"precision": 1.0, "recall": 0.032520325203252036, "f-measure": 0.06299212598425197}, "DCASE2021-ML_268995.wav": {"precision": 1.0, "recall": 0.1, "f-measure": 0.18181818181818182}, "DCASE2021-ML_190099.wav": {"precision": 1.0, "recall": 0.9333333333333333, "f-measure": 0.9655172413793104}, "DCASE2021-ML_89792.wav": {"precision": 0.6666666666666666, "recall": 0.5517241379310345, "f-measure": 0.6037735849056604}, "DCASE2021-ML_72010931.wav": {"precision": 1.0, "recall": 0.1864406779661017, "f-measure": 0.3142857142857143}, "DCASE2021-ML_273164.wav": {"precision": 1.0, "recall": 0.006666666666666667, "f-measure": 0.013245033112582781}, "DCASE2021-ML_53963.wav": {"precision": 1.0, "recall": 0.10256410256410256, "f-measure": 0.18604651162790697}, "DCASE2021-ML_521435.wav": {"precision": 0.8653846153846154, "recall": 0.7758620689655172, "f-measure": 0.8181818181818182}, "DCASE2021-ML_168236.wav": {"precision": 0.9444444444444444, "recall": 0.4636363636363636, "f-measure": 0.6219512195121951}, "DC11.wav": {"precision": 0.16546762589928057, "recall": 0.42592592592592593, "f-measure": 0.23834196891191708}, "DC10.wav": {"precision": 0.4012345679012346, "recall": 0.5284552845528455, "f-measure": 0.45614035087719296}, "DC12.wav": {"precision": 0.3225806451612903, "recall": 0.46511627906976744, "f-measure": 0.38095238095238093}, "DC08.wav": {"precision": 0.9655172413793104, "recall": 0.9333333333333333, "f-measure": 0.9491525423728814}, "DC02.wav": {"precision": 0.4, "recall": 0.17142857142857143, "f-measure": 0.24}, "DC06.wav": {"precision": 0.06976744186046512, "recall": 0.046875, "f-measure": 0.056074766355140186}, "DC07.wav": {"precision": 0.7389558232931727, "recall": 0.8, "f-measure": 0.7682672233820459}, "DC09.wav": {"precision": 0.14583333333333334, "recall": 0.5833333333333334, "f-measure": 0.23333333333333334}, "DC04.wav": {"precision": 0.2, "recall": 0.08333333333333333, "f-measure": 0.11764705882352941}, "DC05.wav": {"precision": 0.21518987341772153, "recall": 0.3953488372093023, "f-measure": 0.2786885245901639}, "DC01.wav": {"precision": 0.7702702702702703, "recall": 0.5428571428571428, "f-measure": 0.6368715083798883}, "DC03.wav": {"precision": 0.25, "recall": 0.06716417910447761, "f-measure": 0.10588235294117647}, "ME2.wav": {"precision": 0.8823529411764706, "recall": 0.7317073170731707, "f-measure": 0.8}, "ME1.wav": {"precision": 0.3, "recall": 0.8181818181818182, "f-measure": 0.43902439024390244}}}