{"set_name": "TEST", "report_date": "08122021_19_46_14", "overall_scores": {"precision": 0.6309290957307173, "recall": 0.3779381956393661, "fmeasure (percentage)": 47.271}, "scores_per_subset": {"ML": {"precision": 0.9255663430420712, "recall": 0.30105263157894735, "f-measure": 0.45432883240667193}, "DC": {"precision": 0.5232, "recall": 0.307909604519774, "f-measure": 0.3876704208654416}, "ME": {"precision": 0.5671641791044776, "recall": 0.7307692307692307, "f-measure": 0.6386554621848739}}, "scores_per_audiofile": {"DCASE2021-ML_129696.wav": {"precision": 1.0, "recall": 0.18421052631578946, "f-measure": 0.3111111111111111}, "DCASE2021-ML_131369.wav": {"precision": 0.9, "recall": 0.225, "f-measure": 0.36}, "DCASE2021-ML_131198.wav": {"precision": 0.5, "recall": 1.0, "f-measure": 0.6666666666666666}, "DCASE2021-ML_197045.wav": {"precision": 1.0, "recall": 0.6891891891891891, "f-measure": 0.816}, "DCASE2021-ML_126376.wav": {"precision": 1.0, "recall": 0.13829787234042554, "f-measure": 0.24299065420560748}, "DCASE2021-ML_191491.wav": {"precision": 1.0, "recall": 0.3333333333333333, "f-measure": 0.5}, "DCASE2021-ML_37045.wav": {"precision": 0.9166666666666666, "recall": 0.9166666666666666, "f-measure": 0.9166666666666666}, "DCASE2021-ML_176488.wav": {"precision": 1.0, "recall": 0.2222222222222222, "f-measure": 0.36363636363636365}, "DCASE2021-ML_40509.wav": {"precision": 1.0, "recall": 0.0975609756097561, "f-measure": 0.17777777777777778}, "DCASE2021-ML_268995.wav": {"precision": 1.0, "recall": 1.0, "f-measure": 1.0}, "DCASE2021-ML_190099.wav": {"precision": 1.0, "recall": 0.6666666666666666, "f-measure": 0.8}, "DCASE2021-ML_89792.wav": {"precision": 1.0, "recall": 0.9655172413793104, "f-measure": 0.9824561403508771}, "DCASE2021-ML_72010931.wav": {"precision": 1.0, "recall": 0.1016949152542373, "f-measure": 0.18461538461538463}, "DCASE2021-ML_273164.wav": {"precision": 1.0, "recall": 0.006666666666666667, "f-measure": 0.013245033112582781}, "DCASE2021-ML_53963.wav": {"precision": 1.0, "recall": 0.07692307692307693, "f-measure": 0.14285714285714285}, "DCASE2021-ML_521435.wav": {"precision": 0.8809523809523809, "recall": 0.6379310344827587, "f-measure": 0.74}, "DCASE2021-ML_168236.wav": {"precision": 0.8518518518518519, "recall": 0.6272727272727273, "f-measure": 0.7225130890052356}, "DC11.wav": {"precision": 0.11320754716981132, "recall": 0.2222222222222222, "f-measure": 0.15}, "DC10.wav": {"precision": 0.4807692307692308, "recall": 0.2032520325203252, "f-measure": 0.2857142857142857}, "DC12.wav": {"precision": 1e-05, "recall": 1e-05, "f-measure": 1e-05}, "DC08.wav": {"precision": 0.9803921568627451, "recall": 0.5555555555555556, "f-measure": 0.7092198581560284}, "DC02.wav": {"precision": 0.5172413793103449, "recall": 0.10714285714285714, "f-measure": 0.17751479289940827}, "DC06.wav": {"precision": 0.06451612903225806, "recall": 0.03125, "f-measure": 0.042105263157894736}, "DC07.wav": {"precision": 0.8715083798882681, "recall": 0.6782608695652174, "f-measure": 0.7628361858190709}, "DC09.wav": {"precision": 0.14285714285714285, "recall": 0.3333333333333333, "f-measure": 0.2}, "DC04.wav": {"precision": 1e-05, "recall": 1e-05, "f-measure": 1e-05}, "DC05.wav": {"precision": 0.24528301886792453, "recall": 0.3023255813953488, "f-measure": 0.2708333333333333}, "DC01.wav": {"precision": 0.8666666666666667, "recall": 0.37142857142857144, "f-measure": 0.52}, "DC03.wav": {"precision": 0.2972972972972973, "recall": 0.08208955223880597, "f-measure": 0.1286549707602339}, "ME2.wav": {"precision": 0.8235294117647058, "recall": 0.6829268292682927, "f-measure": 0.7466666666666667}, "ME1.wav": {"precision": 0.30303030303030304, "recall": 0.9090909090909091, "f-measure": 0.45454545454545453}}}