{"set_name": "TEST", "report_date": "08122021_16_53_55", "overall_scores": {"precision": 0.6324586792984218, "recall": 0.3773840858473375, "fmeasure (percentage)": 47.271}, "scores_per_subset": {"ML": {"precision": 0.9223300970873787, "recall": 0.3, "f-measure": 0.4527402700555997}, "DC": {"precision": 0.5274193548387097, "recall": 0.307909604519774, "f-measure": 0.38882282996432815}, "ME": {"precision": 0.5671641791044776, "recall": 0.7307692307692307, "f-measure": 0.6386554621848739}}, "scores_per_audiofile": {"DCASE2021-ML_129696.wav": {"precision": 1.0, "recall": 0.18421052631578946, "f-measure": 0.3111111111111111}, "DCASE2021-ML_131369.wav": {"precision": 0.9230769230769231, "recall": 0.3, "f-measure": 0.4528301886792453}, "DCASE2021-ML_131198.wav": {"precision": 0.2857142857142857, "recall": 0.5, "f-measure": 0.36363636363636365}, "DCASE2021-ML_197045.wav": {"precision": 1.0, "recall": 0.6756756756756757, "f-measure": 0.8064516129032258}, "DCASE2021-ML_126376.wav": {"precision": 1.0, "recall": 0.1595744680851064, "f-measure": 0.27522935779816515}, "DCASE2021-ML_191491.wav": {"precision": 1.0, "recall": 0.3333333333333333, "f-measure": 0.5}, "DCASE2021-ML_37045.wav": {"precision": 0.9166666666666666, "recall": 0.9166666666666666, "f-measure": 0.9166666666666666}, "DCASE2021-ML_176488.wav": {"precision": 1.0, "recall": 0.3333333333333333, "f-measure": 0.5}, "DCASE2021-ML_40509.wav": {"precision": 1.0, "recall": 0.0975609756097561, "f-measure": 0.17777777777777778}, "DCASE2021-ML_268995.wav": {"precision": 1.0, "recall": 1.0, "f-measure": 1.0}, "DCASE2021-ML_190099.wav": {"precision": 1.0, "recall": 0.6666666666666666, "f-measure": 0.8}, "DCASE2021-ML_89792.wav": {"precision": 1.0, "recall": 0.9655172413793104, "f-measure": 0.9824561403508771}, "DCASE2021-ML_72010931.wav": {"precision": 1.0, "recall": 0.0847457627118644, "f-measure": 0.15625}, "DCASE2021-ML_273164.wav": {"precision": 1.0, "recall": 0.006666666666666667, "f-measure": 0.013245033112582781}, "DCASE2021-ML_53963.wav": {"precision": 1.0, "recall": 0.08974358974358974, "f-measure": 0.16470588235294117}, "DCASE2021-ML_521435.wav": {"precision": 0.8780487804878049, "recall": 0.6206896551724138, "f-measure": 0.7272727272727273}, "DCASE2021-ML_168236.wav": {"precision": 0.8461538461538461, "recall": 0.6, "f-measure": 0.7021276595744681}, "DC11.wav": {"precision": 0.10909090909090909, "recall": 0.2222222222222222, "f-measure": 0.14634146341463414}, "DC10.wav": {"precision": 0.48, "recall": 0.1951219512195122, "f-measure": 0.2774566473988439}, "DC12.wav": {"precision": 1e-05, "recall": 1e-05, "f-measure": 1e-05}, "DC08.wav": {"precision": 0.98, "recall": 0.5444444444444444, "f-measure": 0.7}, "DC02.wav": {"precision": 0.5333333333333333, "recall": 0.11428571428571428, "f-measure": 0.18823529411764706}, "DC06.wav": {"precision": 0.06896551724137931, "recall": 0.03125, "f-measure": 0.043010752688172046}, "DC07.wav": {"precision": 0.8813559322033898, "recall": 0.6782608695652174, "f-measure": 0.7665847665847666}, "DC09.wav": {"precision": 0.1724137931034483, "recall": 0.4166666666666667, "f-measure": 0.24390243902439024}, "DC04.wav": {"precision": 1e-05, "recall": 1e-05, "f-measure": 1e-05}, "DC05.wav": {"precision": 0.26, "recall": 0.3023255813953488, "f-measure": 0.27956989247311825}, "DC01.wav": {"precision": 0.8666666666666667, "recall": 0.37142857142857144, "f-measure": 0.52}, "DC03.wav": {"precision": 0.2972972972972973, "recall": 0.08208955223880597, "f-measure": 0.1286549707602339}, "ME2.wav": {"precision": 0.8235294117647058, "recall": 0.6829268292682927, "f-measure": 0.7466666666666667}, "ME1.wav": {"precision": 0.30303030303030304, "recall": 0.9090909090909091, "f-measure": 0.45454545454545453}}}