{"set_name": "TEST", "report_date": "08122021_23_21_50", "overall_scores": {"precision": 0.5828956237520507, "recall": 0.3426703351750641, "fmeasure (percentage)": 43.161}, "scores_per_subset": {"ML": {"precision": 0.8873239436619719, "recall": 0.196875, "f-measure": 0.32225063938618925}, "DC": {"precision": 0.46859903381642515, "recall": 0.4566854990583804, "f-measure": 0.4625655698617072}, "ME": {"precision": 0.5303030303030303, "recall": 0.6730769230769231, "f-measure": 0.5932203389830508}}, "scores_per_audiofile": {"DCASE2021-ML_129696.wav": {"precision": 0.75, "recall": 0.039473684210526314, "f-measure": 0.075}, "DCASE2021-ML_131369.wav": {"precision": 1.0, "recall": 0.175, "f-measure": 0.2978723404255319}, "DCASE2021-ML_131198.wav": {"precision": 1e-05, "recall": 1e-05, "f-measure": 1e-05}, "DCASE2021-ML_197045.wav": {"precision": 1.0, "recall": 0.14864864864864866, "f-measure": 0.25882352941176473}, "DCASE2021-ML_126376.wav": {"precision": 0.9411764705882353, "recall": 0.1702127659574468, "f-measure": 0.2882882882882883}, "DCASE2021-ML_191491.wav": {"precision": 1.0, "recall": 0.6666666666666666, "f-measure": 0.8}, "DCASE2021-ML_37045.wav": {"precision": 1.0, "recall": 0.08333333333333333, "f-measure": 0.15384615384615385}, "DCASE2021-ML_176488.wav": {"precision": 1.0, "recall": 0.1111111111111111, "f-measure": 0.2}, "DCASE2021-ML_40509.wav": {"precision": 1.0, "recall": 0.056910569105691054, "f-measure": 0.1076923076923077}, "DCASE2021-ML_268995.wav": {"precision": 0.6666666666666666, "recall": 0.2, "f-measure": 0.3076923076923077}, "DCASE2021-ML_190099.wav": {"precision": 0.8333333333333334, "recall": 1.0, "f-measure": 0.9090909090909091}, "DCASE2021-ML_89792.wav": {"precision": 1.0, "recall": 0.6551724137931034, "f-measure": 0.7916666666666666}, "DCASE2021-ML_72010931.wav": {"precision": 1.0, "recall": 0.2711864406779661, "f-measure": 0.4266666666666667}, "DCASE2021-ML_273164.wav": {"precision": 1e-05, "recall": 1e-05, "f-measure": 1e-05}, "DCASE2021-ML_53963.wav": {"precision": 1.0, "recall": 0.11538461538461539, "f-measure": 0.20689655172413793}, "DCASE2021-ML_521435.wav": {"precision": 0.6428571428571429, "recall": 0.3103448275862069, "f-measure": 0.4186046511627907}, "DCASE2021-ML_168236.wav": {"precision": 0.8787878787878788, "recall": 0.5272727272727272, "f-measure": 0.6590909090909091}, "DC11.wav": {"precision": 0.15384615384615385, "recall": 0.18518518518518517, "f-measure": 0.16806722689075632}, "DC10.wav": {"precision": 0.4222222222222222, "recall": 0.7723577235772358, "f-measure": 0.5459770114942529}, "DC12.wav": {"precision": 0.29411764705882354, "recall": 0.3488372093023256, "f-measure": 0.3191489361702128}, "DC08.wav": {"precision": 0.8695652173913043, "recall": 0.8888888888888888, "f-measure": 0.8791208791208791}, "DC02.wav": {"precision": 0.3484848484848485, "recall": 0.16428571428571428, "f-measure": 0.22330097087378642}, "DC06.wav": {"precision": 0.11475409836065574, "recall": 0.109375, "f-measure": 0.112}, "DC07.wav": {"precision": 0.7420814479638009, "recall": 0.7130434782608696, "f-measure": 0.7272727272727273}, "DC09.wav": {"precision": 0.16279069767441862, "recall": 0.5833333333333334, "f-measure": 0.2545454545454545}, "DC04.wav": {"precision": 0.18181818181818182, "recall": 0.16666666666666666, "f-measure": 0.17391304347826086}, "DC05.wav": {"precision": 0.19767441860465115, "recall": 0.3953488372093023, "f-measure": 0.26356589147286824}, "DC01.wav": {"precision": 0.8, "recall": 0.49523809523809526, "f-measure": 0.611764705882353}, "DC03.wav": {"precision": 0.2894736842105263, "recall": 0.08208955223880597, "f-measure": 0.12790697674418605}, "ME2.wav": {"precision": 0.9285714285714286, "recall": 0.6341463414634146, "f-measure": 0.7536231884057971}, "ME1.wav": {"precision": 0.23684210526315788, "recall": 0.8181818181818182, "f-measure": 0.3673469387755102}}}