{"set_name": "TEST", "report_date": "08122021_18_08_19", "overall_scores": {"precision": 0.585195624336366, "recall": 0.3548580825434175, "fmeasure (percentage)": 44.181}, "scores_per_subset": {"ML": {"precision": 0.8596491228070176, "recall": 0.20523560209424083, "f-measure": 0.33136094674556216}, "DC": {"precision": 0.4765625, "recall": 0.4595103578154426, "f-measure": 0.4678811121764142}, "ME": {"precision": 0.5362318840579711, "recall": 0.7115384615384616, "f-measure": 0.6115702479338843}}, "scores_per_audiofile": {"DCASE2021-ML_129696.wav": {"precision": 0.8, "recall": 0.05263157894736842, "f-measure": 0.09876543209876543}, "DCASE2021-ML_131369.wav": {"precision": 1.0, "recall": 0.175, "f-measure": 0.2978723404255319}, "DCASE2021-ML_131198.wav": {"precision": 1.0, "recall": 0.5, "f-measure": 0.6666666666666666}, "DCASE2021-ML_197045.wav": {"precision": 1.0, "recall": 0.13513513513513514, "f-measure": 0.23809523809523808}, "DCASE2021-ML_126376.wav": {"precision": 0.9, "recall": 0.19148936170212766, "f-measure": 0.3157894736842105}, "DCASE2021-ML_191491.wav": {"precision": 1.0, "recall": 0.6666666666666666, "f-measure": 0.8}, "DCASE2021-ML_37045.wav": {"precision": 1.0, "recall": 0.3333333333333333, "f-measure": 0.5}, "DCASE2021-ML_176488.wav": {"precision": 1.0, "recall": 0.2222222222222222, "f-measure": 0.36363636363636365}, "DCASE2021-ML_40509.wav": {"precision": 1.0, "recall": 0.056910569105691054, "f-measure": 0.1076923076923077}, "DCASE2021-ML_268995.wav": {"precision": 0.5, "recall": 0.1, "f-measure": 0.16666666666666666}, "DCASE2021-ML_190099.wav": {"precision": 0.7894736842105263, "recall": 1.0, "f-measure": 0.8823529411764706}, "DCASE2021-ML_89792.wav": {"precision": 0.9565217391304348, "recall": 0.7586206896551724, "f-measure": 0.8461538461538461}, "DCASE2021-ML_72010931.wav": {"precision": 1.0, "recall": 0.15254237288135594, "f-measure": 0.2647058823529412}, "DCASE2021-ML_273164.wav": {"precision": 1e-05, "recall": 1e-05, "f-measure": 1e-05}, "DCASE2021-ML_53963.wav": {"precision": 1.0, "recall": 0.14102564102564102, "f-measure": 0.24719101123595505}, "DCASE2021-ML_521435.wav": {"precision": 0.6285714285714286, "recall": 0.3793103448275862, "f-measure": 0.4731182795698925}, "DCASE2021-ML_168236.wav": {"precision": 0.8484848484848485, "recall": 0.509090909090909, "f-measure": 0.6363636363636364}, "DC11.wav": {"precision": 0.11290322580645161, "recall": 0.12962962962962962, "f-measure": 0.1206896551724138}, "DC10.wav": {"precision": 0.43636363636363634, "recall": 0.7804878048780488, "f-measure": 0.5597667638483965}, "DC12.wav": {"precision": 0.3191489361702128, "recall": 0.3488372093023256, "f-measure": 0.3333333333333333}, "DC08.wav": {"precision": 0.9010989010989011, "recall": 0.9111111111111111, "f-measure": 0.9060773480662984}, "DC02.wav": {"precision": 0.29508196721311475, "recall": 0.12857142857142856, "f-measure": 0.1791044776119403}, "DC06.wav": {"precision": 0.11290322580645161, "recall": 0.109375, "f-measure": 0.1111111111111111}, "DC07.wav": {"precision": 0.7442922374429224, "recall": 0.7086956521739131, "f-measure": 0.7260579064587973}, "DC09.wav": {"precision": 0.13636363636363635, "recall": 0.5, "f-measure": 0.21428571428571427}, "DC04.wav": {"precision": 0.2916666666666667, "recall": 0.2916666666666667, "f-measure": 0.2916666666666667}, "DC05.wav": {"precision": 0.21176470588235294, "recall": 0.4186046511627907, "f-measure": 0.28125}, "DC01.wav": {"precision": 0.8260869565217391, "recall": 0.5428571428571428, "f-measure": 0.6551724137931034}, "DC03.wav": {"precision": 0.3, "recall": 0.08955223880597014, "f-measure": 0.13793103448275862}, "ME2.wav": {"precision": 0.9032258064516129, "recall": 0.6829268292682927, "f-measure": 0.7777777777777778}, "ME1.wav": {"precision": 0.23684210526315788, "recall": 0.8181818181818182, "f-measure": 0.3673469387755102}}}