{"set_name": "TEST", "report_date": "08122021_12_50_41", "overall_scores": {"precision": 0.5549012578280536, "recall": 0.41783626556719666, "fmeasure (percentage)": 47.671}, "scores_per_subset": {"ML": {"precision": 0.8011695906432749, "recall": 0.2869109947643979, "f-measure": 0.4225134926754048}, "DC": {"precision": 0.44612476370510395, "recall": 0.4444444444444444, "f-measure": 0.44528301886792454}, "ME": {"precision": 0.5217391304347826, "recall": 0.6923076923076923, "f-measure": 0.5950413223140496}}, "scores_per_audiofile": {"DCASE2021-ML_129696.wav": {"precision": 1.0, "recall": 0.05263157894736842, "f-measure": 0.1}, "DCASE2021-ML_131369.wav": {"precision": 1.0, "recall": 0.15, "f-measure": 0.2608695652173913}, "DCASE2021-ML_131198.wav": {"precision": 1.0, "recall": 0.25, "f-measure": 0.4}, "DCASE2021-ML_197045.wav": {"precision": 0.8888888888888888, "recall": 0.10810810810810811, "f-measure": 0.1927710843373494}, "DCASE2021-ML_126376.wav": {"precision": 0.9047619047619048, "recall": 0.40425531914893614, "f-measure": 0.5588235294117647}, "DCASE2021-ML_191491.wav": {"precision": 0.8571428571428571, "recall": 0.6666666666666666, "f-measure": 0.75}, "DCASE2021-ML_37045.wav": {"precision": 1.0, "recall": 0.25, "f-measure": 0.4}, "DCASE2021-ML_176488.wav": {"precision": 1.0, "recall": 0.6666666666666666, "f-measure": 0.8}, "DCASE2021-ML_40509.wav": {"precision": 1.0, "recall": 0.07317073170731707, "f-measure": 0.13636363636363635}, "DCASE2021-ML_268995.wav": {"precision": 0.6666666666666666, "recall": 0.4, "f-measure": 0.5}, "DCASE2021-ML_190099.wav": {"precision": 0.43333333333333335, "recall": 0.8666666666666667, "f-measure": 0.5777777777777777}, "DCASE2021-ML_89792.wav": {"precision": 1.0, "recall": 0.7241379310344828, "f-measure": 0.84}, "DCASE2021-ML_72010931.wav": {"precision": 1.0, "recall": 0.3389830508474576, "f-measure": 0.5063291139240507}, "DCASE2021-ML_273164.wav": {"precision": 1e-05, "recall": 1e-05, "f-measure": 1e-05}, "DCASE2021-ML_53963.wav": {"precision": 1.0, "recall": 0.358974358974359, "f-measure": 0.5283018867924528}, "DCASE2021-ML_521435.wav": {"precision": 0.5925925925925926, "recall": 0.5517241379310345, "f-measure": 0.5714285714285714}, "DCASE2021-ML_168236.wav": {"precision": 0.78125, "recall": 0.6818181818181818, "f-measure": 0.7281553398058253}, "DC11.wav": {"precision": 0.06896551724137931, "recall": 0.037037037037037035, "f-measure": 0.04819277108433735}, "DC10.wav": {"precision": 0.4549763033175355, "recall": 0.7804878048780488, "f-measure": 0.5748502994011976}, "DC12.wav": {"precision": 0.3333333333333333, "recall": 0.3488372093023256, "f-measure": 0.3409090909090909}, "DC08.wav": {"precision": 0.8072289156626506, "recall": 0.7444444444444445, "f-measure": 0.7745664739884393}, "DC02.wav": {"precision": 0.35714285714285715, "recall": 0.21428571428571427, "f-measure": 0.26785714285714285}, "DC06.wav": {"precision": 0.11392405063291139, "recall": 0.140625, "f-measure": 0.1258741258741259}, "DC07.wav": {"precision": 0.7277486910994765, "recall": 0.6043478260869565, "f-measure": 0.6603325415676959}, "DC09.wav": {"precision": 0.13953488372093023, "recall": 0.5, "f-measure": 0.21818181818181817}, "DC04.wav": {"precision": 0.21052631578947367, "recall": 0.3333333333333333, "f-measure": 0.25806451612903225}, "DC05.wav": {"precision": 0.2288135593220339, "recall": 0.627906976744186, "f-measure": 0.33540372670807456}, "DC01.wav": {"precision": 0.6373626373626373, "recall": 0.5523809523809524, "f-measure": 0.5918367346938775}, "DC03.wav": {"precision": 0.32608695652173914, "recall": 0.11194029850746269, "f-measure": 0.16666666666666666}, "ME2.wav": {"precision": 0.896551724137931, "recall": 0.6341463414634146, "f-measure": 0.7428571428571429}, "ME1.wav": {"precision": 0.25, "recall": 0.9090909090909091, "f-measure": 0.39215686274509803}}}