{"set_name": "TEST", "report_date": "08122021_14_52_16", "overall_scores": {"precision": 0.5733771285652481, "recall": 0.3704029785580286, "fmeasure (percentage)": 45.006}, "scores_per_subset": {"ML": {"precision": 0.8594377510040161, "recall": 0.22291666666666668, "f-measure": 0.35401157981803144}, "DC": {"precision": 0.4594078319006686, "recall": 0.4529190207156309, "f-measure": 0.45614035087719296}, "ME": {"precision": 0.5285714285714286, "recall": 0.7115384615384616, "f-measure": 0.6065573770491803}}, "scores_per_audiofile": {"DCASE2021-ML_129696.wav": {"precision": 0.8, "recall": 0.05263157894736842, "f-measure": 0.09876543209876543}, "DCASE2021-ML_131369.wav": {"precision": 1.0, "recall": 0.2, "f-measure": 0.3333333333333333}, "DCASE2021-ML_131198.wav": {"precision": 1e-05, "recall": 1e-05, "f-measure": 1e-05}, "DCASE2021-ML_197045.wav": {"precision": 1.0, "recall": 0.14864864864864866, "f-measure": 0.25882352941176473}, "DCASE2021-ML_126376.wav": {"precision": 0.8947368421052632, "recall": 0.18085106382978725, "f-measure": 0.3008849557522124}, "DCASE2021-ML_191491.wav": {"precision": 0.875, "recall": 0.7777777777777778, "f-measure": 0.8235294117647058}, "DCASE2021-ML_37045.wav": {"precision": 1.0, "recall": 0.4166666666666667, "f-measure": 0.5882352941176471}, "DCASE2021-ML_176488.wav": {"precision": 0.8, "recall": 0.4444444444444444, "f-measure": 0.5714285714285714}, "DCASE2021-ML_40509.wav": {"precision": 1.0, "recall": 0.056910569105691054, "f-measure": 0.1076923076923077}, "DCASE2021-ML_268995.wav": {"precision": 1.0, "recall": 0.2, "f-measure": 0.3333333333333333}, "DCASE2021-ML_190099.wav": {"precision": 0.8333333333333334, "recall": 1.0, "f-measure": 0.9090909090909091}, "DCASE2021-ML_89792.wav": {"precision": 0.9565217391304348, "recall": 0.7586206896551724, "f-measure": 0.8461538461538461}, "DCASE2021-ML_72010931.wav": {"precision": 1.0, "recall": 0.22033898305084745, "f-measure": 0.3611111111111111}, "DCASE2021-ML_273164.wav": {"precision": 1e-05, "recall": 1e-05, "f-measure": 1e-05}, "DCASE2021-ML_53963.wav": {"precision": 1.0, "recall": 0.11538461538461539, "f-measure": 0.20689655172413793}, "DCASE2021-ML_521435.wav": {"precision": 0.7714285714285715, "recall": 0.46551724137931033, "f-measure": 0.5806451612903226}, "DCASE2021-ML_168236.wav": {"precision": 0.7777777777777778, "recall": 0.5727272727272728, "f-measure": 0.6596858638743456}, "DC11.wav": {"precision": 0.12280701754385964, "recall": 0.12962962962962962, "f-measure": 0.12612612612612611}, "DC10.wav": {"precision": 0.43243243243243246, "recall": 0.7804878048780488, "f-measure": 0.5565217391304348}, "DC12.wav": {"precision": 0.3333333333333333, "recall": 0.4883720930232558, "f-measure": 0.39622641509433965}, "DC08.wav": {"precision": 0.8735632183908046, "recall": 0.8444444444444444, "f-measure": 0.8587570621468926}, "DC02.wav": {"precision": 0.29850746268656714, "recall": 0.14285714285714285, "f-measure": 0.1932367149758454}, "DC06.wav": {"precision": 0.11764705882352941, "recall": 0.125, "f-measure": 0.12121212121212122}, "DC07.wav": {"precision": 0.7419354838709677, "recall": 0.7, "f-measure": 0.7203579418344519}, "DC09.wav": {"precision": 0.13953488372093023, "recall": 0.5, "f-measure": 0.21818181818181817}, "DC04.wav": {"precision": 0.08, "recall": 0.08333333333333333, "f-measure": 0.08163265306122448}, "DC05.wav": {"precision": 0.17857142857142858, "recall": 0.3488372093023256, "f-measure": 0.23622047244094488}, "DC01.wav": {"precision": 0.8088235294117647, "recall": 0.5238095238095238, "f-measure": 0.6358381502890174}, "DC03.wav": {"precision": 0.30434782608695654, "recall": 0.1044776119402985, "f-measure": 0.15555555555555556}, "ME2.wav": {"precision": 0.875, "recall": 0.6829268292682927, "f-measure": 0.7671232876712328}, "ME1.wav": {"precision": 0.23684210526315788, "recall": 0.8181818181818182, "f-measure": 0.3673469387755102}}}