{"set_name": "TEST", "report_date": "08122021_13_43_31", "overall_scores": {"precision": 0.6294988881786933, "recall": 0.37570812523990166, "fmeasure (percentage)": 47.057}, "scores_per_subset": {"ML": {"precision": 0.9215686274509803, "recall": 0.2968421052631579, "f-measure": 0.44904458598726116}, "DC": {"precision": 0.5215311004784688, "recall": 0.307909604519774, "f-measure": 0.3872113676731794}, "ME": {"precision": 0.5671641791044776, "recall": 0.7307692307692307, "f-measure": 0.6386554621848739}}, "scores_per_audiofile": {"DCASE2021-ML_129696.wav": {"precision": 1.0, "recall": 0.18421052631578946, "f-measure": 0.3111111111111111}, "DCASE2021-ML_131369.wav": {"precision": 0.9285714285714286, "recall": 0.325, "f-measure": 0.48148148148148145}, "DCASE2021-ML_131198.wav": {"precision": 0.5714285714285714, "recall": 1.0, "f-measure": 0.7272727272727273}, "DCASE2021-ML_197045.wav": {"precision": 1.0, "recall": 0.6621621621621622, "f-measure": 0.7967479674796748}, "DCASE2021-ML_126376.wav": {"precision": 1.0, "recall": 0.11702127659574468, "f-measure": 0.20952380952380953}, "DCASE2021-ML_191491.wav": {"precision": 1.0, "recall": 0.4444444444444444, "f-measure": 0.6153846153846154}, "DCASE2021-ML_37045.wav": {"precision": 0.9166666666666666, "recall": 0.9166666666666666, "f-measure": 0.9166666666666666}, "DCASE2021-ML_176488.wav": {"precision": 1.0, "recall": 0.2222222222222222, "f-measure": 0.36363636363636365}, "DCASE2021-ML_40509.wav": {"precision": 1.0, "recall": 0.07317073170731707, "f-measure": 0.13636363636363635}, "DCASE2021-ML_268995.wav": {"precision": 1.0, "recall": 1.0, "f-measure": 1.0}, "DCASE2021-ML_190099.wav": {"precision": 1.0, "recall": 0.6, "f-measure": 0.75}, "DCASE2021-ML_89792.wav": {"precision": 1.0, "recall": 0.9655172413793104, "f-measure": 0.9824561403508771}, "DCASE2021-ML_72010931.wav": {"precision": 1.0, "recall": 0.0847457627118644, "f-measure": 0.15625}, "DCASE2021-ML_273164.wav": {"precision": 1.0, "recall": 0.006666666666666667, "f-measure": 0.013245033112582781}, "DCASE2021-ML_53963.wav": {"precision": 1.0, "recall": 0.10256410256410256, "f-measure": 0.18604651162790697}, "DCASE2021-ML_521435.wav": {"precision": 0.8780487804878049, "recall": 0.6206896551724138, "f-measure": 0.7272727272727273}, "DCASE2021-ML_168236.wav": {"precision": 0.8292682926829268, "recall": 0.6181818181818182, "f-measure": 0.7083333333333334}, "DC11.wav": {"precision": 0.09259259259259259, "recall": 0.18518518518518517, "f-measure": 0.12345679012345678}, "DC10.wav": {"precision": 0.4583333333333333, "recall": 0.17886178861788618, "f-measure": 0.2573099415204678}, "DC12.wav": {"precision": 1e-05, "recall": 1e-05, "f-measure": 1e-05}, "DC08.wav": {"precision": 0.9811320754716981, "recall": 0.5777777777777777, "f-measure": 0.7272727272727273}, "DC02.wav": {"precision": 0.4838709677419355, "recall": 0.10714285714285714, "f-measure": 0.17543859649122806}, "DC06.wav": {"precision": 0.058823529411764705, "recall": 0.03125, "f-measure": 0.04081632653061224}, "DC07.wav": {"precision": 0.8770949720670391, "recall": 0.6826086956521739, "f-measure": 0.7677261613691931}, "DC09.wav": {"precision": 0.19230769230769232, "recall": 0.4166666666666667, "f-measure": 0.2631578947368421}, "DC04.wav": {"precision": 1e-05, "recall": 1e-05, "f-measure": 1e-05}, "DC05.wav": {"precision": 0.2653061224489796, "recall": 0.3023255813953488, "f-measure": 0.2826086956521739}, "DC01.wav": {"precision": 0.851063829787234, "recall": 0.38095238095238093, "f-measure": 0.5263157894736842}, "DC03.wav": {"precision": 0.2894736842105263, "recall": 0.08208955223880597, "f-measure": 0.12790697674418605}, "ME2.wav": {"precision": 0.8235294117647058, "recall": 0.6829268292682927, "f-measure": 0.7466666666666667}, "ME1.wav": {"precision": 0.30303030303030304, "recall": 0.9090909090909091, "f-measure": 0.45454545454545453}}}