{"set_name": "TEST", "report_date": "08122021_20_55_41", "overall_scores": {"precision": 0.5822949472819389, "recall": 0.34284677711936146, "fmeasure (percentage)": 43.158}, "scores_per_subset": {"ML": {"precision": 0.875, "recall": 0.196875, "f-measure": 0.32142857142857145}, "DC": {"precision": 0.47093023255813954, "recall": 0.4576271186440678, "f-measure": 0.46418338108882523}, "ME": {"precision": 0.5303030303030303, "recall": 0.6730769230769231, "f-measure": 0.5932203389830508}}, "scores_per_audiofile": {"DCASE2021-ML_129696.wav": {"precision": 0.8, "recall": 0.05263157894736842, "f-measure": 0.09876543209876543}, "DCASE2021-ML_131369.wav": {"precision": 1.0, "recall": 0.2, "f-measure": 0.3333333333333333}, "DCASE2021-ML_131198.wav": {"precision": 1e-05, "recall": 1e-05, "f-measure": 1e-05}, "DCASE2021-ML_197045.wav": {"precision": 1.0, "recall": 0.05405405405405406, "f-measure": 0.10256410256410256}, "DCASE2021-ML_126376.wav": {"precision": 0.8888888888888888, "recall": 0.1702127659574468, "f-measure": 0.2857142857142857}, "DCASE2021-ML_191491.wav": {"precision": 1.0, "recall": 0.6666666666666666, "f-measure": 0.8}, "DCASE2021-ML_37045.wav": {"precision": 1.0, "recall": 0.08333333333333333, "f-measure": 0.15384615384615385}, "DCASE2021-ML_176488.wav": {"precision": 1.0, "recall": 0.2222222222222222, "f-measure": 0.36363636363636365}, "DCASE2021-ML_40509.wav": {"precision": 1.0, "recall": 0.04878048780487805, "f-measure": 0.09302325581395349}, "DCASE2021-ML_268995.wav": {"precision": 0.5, "recall": 0.1, "f-measure": 0.16666666666666666}, "DCASE2021-ML_190099.wav": {"precision": 0.7777777777777778, "recall": 0.9333333333333333, "f-measure": 0.8484848484848485}, "DCASE2021-ML_89792.wav": {"precision": 1.0, "recall": 0.6551724137931034, "f-measure": 0.7916666666666666}, "DCASE2021-ML_72010931.wav": {"precision": 0.9444444444444444, "recall": 0.288135593220339, "f-measure": 0.44155844155844154}, "DCASE2021-ML_273164.wav": {"precision": 1e-05, "recall": 1e-05, "f-measure": 1e-05}, "DCASE2021-ML_53963.wav": {"precision": 1.0, "recall": 0.1282051282051282, "f-measure": 0.22727272727272727}, "DCASE2021-ML_521435.wav": {"precision": 0.7, "recall": 0.3620689655172414, "f-measure": 0.4772727272727273}, "DCASE2021-ML_168236.wav": {"precision": 0.8695652173913043, "recall": 0.5454545454545454, "f-measure": 0.6703910614525139}, "DC11.wav": {"precision": 0.16071428571428573, "recall": 0.16666666666666666, "f-measure": 0.16363636363636364}, "DC10.wav": {"precision": 0.4304932735426009, "recall": 0.7804878048780488, "f-measure": 0.5549132947976878}, "DC12.wav": {"precision": 0.29411764705882354, "recall": 0.3488372093023256, "f-measure": 0.3191489361702128}, "DC08.wav": {"precision": 0.8695652173913043, "recall": 0.8888888888888888, "f-measure": 0.8791208791208791}, "DC02.wav": {"precision": 0.34328358208955223, "recall": 0.16428571428571428, "f-measure": 0.2222222222222222}, "DC06.wav": {"precision": 0.11666666666666667, "recall": 0.109375, "f-measure": 0.11290322580645161}, "DC07.wav": {"precision": 0.7373271889400922, "recall": 0.6956521739130435, "f-measure": 0.7158836689038032}, "DC09.wav": {"precision": 0.1590909090909091, "recall": 0.5833333333333334, "f-measure": 0.25}, "DC04.wav": {"precision": 0.2608695652173913, "recall": 0.25, "f-measure": 0.2553191489361702}, "DC05.wav": {"precision": 0.2, "recall": 0.4186046511627907, "f-measure": 0.2706766917293233}, "DC01.wav": {"precision": 0.7571428571428571, "recall": 0.5047619047619047, "f-measure": 0.6057142857142858}, "DC03.wav": {"precision": 0.3076923076923077, "recall": 0.08955223880597014, "f-measure": 0.13872832369942195}, "ME2.wav": {"precision": 0.9285714285714286, "recall": 0.6341463414634146, "f-measure": 0.7536231884057971}, "ME1.wav": {"precision": 0.23684210526315788, "recall": 0.8181818181818182, "f-measure": 0.3673469387755102}}}