{"set_name": "TEST", "report_date": "09122021_00_30_12", "overall_scores": {"precision": 0.5283791049606665, "recall": 0.3679237053076125, "fmeasure (percentage)": 43.379}, "scores_per_subset": {"ML": {"precision": 0.8339100346020761, "recall": 0.2523560209424084, "f-measure": 0.387459807073955}, "DC": {"precision": 0.44871794871794873, "recall": 0.4284369114877589, "f-measure": 0.43834296724470134}, "ME": {"precision": 0.4444444444444444, "recall": 0.5384615384615384, "f-measure": 0.48695652173913045}}, "scores_per_audiofile": {"DCASE2021-ML_129696.wav": {"precision": 1.0, "recall": 0.02631578947368421, "f-measure": 0.05128205128205128}, "DCASE2021-ML_131369.wav": {"precision": 1.0, "recall": 0.175, "f-measure": 0.2978723404255319}, "DCASE2021-ML_131198.wav": {"precision": 1.0, "recall": 0.25, "f-measure": 0.4}, "DCASE2021-ML_197045.wav": {"precision": 1.0, "recall": 0.0945945945945946, "f-measure": 0.1728395061728395}, "DCASE2021-ML_126376.wav": {"precision": 0.896551724137931, "recall": 0.2765957446808511, "f-measure": 0.42276422764227645}, "DCASE2021-ML_191491.wav": {"precision": 0.6666666666666666, "recall": 0.2222222222222222, "f-measure": 0.3333333333333333}, "DCASE2021-ML_37045.wav": {"precision": 1.0, "recall": 0.25, "f-measure": 0.4}, "DCASE2021-ML_176488.wav": {"precision": 1.0, "recall": 0.2222222222222222, "f-measure": 0.36363636363636365}, "DCASE2021-ML_40509.wav": {"precision": 1.0, "recall": 0.07317073170731707, "f-measure": 0.13636363636363635}, "DCASE2021-ML_268995.wav": {"precision": 0.5, "recall": 0.1, "f-measure": 0.16666666666666666}, "DCASE2021-ML_190099.wav": {"precision": 0.75, "recall": 1.0, "f-measure": 0.8571428571428571}, "DCASE2021-ML_89792.wav": {"precision": 1.0, "recall": 0.6896551724137931, "f-measure": 0.8163265306122449}, "DCASE2021-ML_72010931.wav": {"precision": 1.0, "recall": 0.288135593220339, "f-measure": 0.4473684210526316}, "DCASE2021-ML_273164.wav": {"precision": 1e-05, "recall": 1e-05, "f-measure": 1e-05}, "DCASE2021-ML_53963.wav": {"precision": 1.0, "recall": 0.3333333333333333, "f-measure": 0.5}, "DCASE2021-ML_521435.wav": {"precision": 0.6511627906976745, "recall": 0.4827586206896552, "f-measure": 0.5544554455445545}, "DCASE2021-ML_168236.wav": {"precision": 0.7653061224489796, "recall": 0.6818181818181818, "f-measure": 0.7211538461538461}, "DC11.wav": {"precision": 0.045454545454545456, "recall": 0.018518518518518517, "f-measure": 0.02631578947368421}, "DC10.wav": {"precision": 0.4528301886792453, "recall": 0.7804878048780488, "f-measure": 0.573134328358209}, "DC12.wav": {"precision": 0.22580645161290322, "recall": 0.16279069767441862, "f-measure": 0.1891891891891892}, "DC08.wav": {"precision": 0.8133333333333334, "recall": 0.6777777777777778, "f-measure": 0.7393939393939394}, "DC02.wav": {"precision": 0.3181818181818182, "recall": 0.2, "f-measure": 0.24561403508771928}, "DC06.wav": {"precision": 0.10526315789473684, "recall": 0.125, "f-measure": 0.11428571428571428}, "DC07.wav": {"precision": 0.7236180904522613, "recall": 0.6260869565217392, "f-measure": 0.6713286713286714}, "DC09.wav": {"precision": 0.14634146341463414, "recall": 0.5, "f-measure": 0.22641509433962265}, "DC04.wav": {"precision": 0.25925925925925924, "recall": 0.2916666666666667, "f-measure": 0.27450980392156865}, "DC05.wav": {"precision": 0.20353982300884957, "recall": 0.5348837209302325, "f-measure": 0.2948717948717949}, "DC01.wav": {"precision": 0.7073170731707317, "recall": 0.5523809523809524, "f-measure": 0.6203208556149733}, "DC03.wav": {"precision": 0.3333333333333333, "recall": 0.11940298507462686, "f-measure": 0.17582417582417584}, "ME2.wav": {"precision": 0.9047619047619048, "recall": 0.4634146341463415, "f-measure": 0.6129032258064516}, "ME1.wav": {"precision": 0.21428571428571427, "recall": 0.8181818181818182, "f-measure": 0.33962264150943394}}}