{"set_name": "TEST", "report_date": "08122021_12_21_07", "overall_scores": {"precision": 0.5752344244072669, "recall": 0.3935921003292132, "fmeasure (percentage)": 46.739}, "scores_per_subset": {"ML": {"precision": 0.8492647058823529, "recall": 0.2431578947368421, "f-measure": 0.3780687397708674}, "DC": {"precision": 0.46096654275092935, "recall": 0.4670433145009416, "f-measure": 0.4639850327408793}, "ME": {"precision": 0.5352112676056338, "recall": 0.7307692307692307, "f-measure": 0.6178861788617886}}, "scores_per_audiofile": {"DCASE2021-ML_129696.wav": {"precision": 1e-05, "recall": 1e-05, "f-measure": 1e-05}, "DCASE2021-ML_131369.wav": {"precision": 0.9285714285714286, "recall": 0.325, "f-measure": 0.48148148148148145}, "DCASE2021-ML_131198.wav": {"precision": 1.0, "recall": 1.0, "f-measure": 1.0}, "DCASE2021-ML_197045.wav": {"precision": 0.9444444444444444, "recall": 0.22972972972972974, "f-measure": 0.3695652173913043}, "DCASE2021-ML_126376.wav": {"precision": 0.8695652173913043, "recall": 0.2127659574468085, "f-measure": 0.3418803418803419}, "DCASE2021-ML_191491.wav": {"precision": 1.0, "recall": 0.6666666666666666, "f-measure": 0.8}, "DCASE2021-ML_37045.wav": {"precision": 1.0, "recall": 0.25, "f-measure": 0.4}, "DCASE2021-ML_176488.wav": {"precision": 1.0, "recall": 0.4444444444444444, "f-measure": 0.6153846153846154}, "DCASE2021-ML_40509.wav": {"precision": 1.0, "recall": 0.07317073170731707, "f-measure": 0.13636363636363635}, "DCASE2021-ML_268995.wav": {"precision": 0.5, "recall": 0.1, "f-measure": 0.16666666666666666}, "DCASE2021-ML_190099.wav": {"precision": 0.7, "recall": 0.9333333333333333, "f-measure": 0.8}, "DCASE2021-ML_89792.wav": {"precision": 1.0, "recall": 0.7931034482758621, "f-measure": 0.8846153846153846}, "DCASE2021-ML_72010931.wav": {"precision": 1.0, "recall": 0.3220338983050847, "f-measure": 0.48717948717948717}, "DCASE2021-ML_273164.wav": {"precision": 1.0, "recall": 0.006666666666666667, "f-measure": 0.013245033112582781}, "DCASE2021-ML_53963.wav": {"precision": 1.0, "recall": 0.2692307692307692, "f-measure": 0.42424242424242425}, "DCASE2021-ML_521435.wav": {"precision": 0.5769230769230769, "recall": 0.25862068965517243, "f-measure": 0.35714285714285715}, "DCASE2021-ML_168236.wav": {"precision": 0.782051282051282, "recall": 0.5545454545454546, "f-measure": 0.648936170212766}, "DC11.wav": {"precision": 0.109375, "recall": 0.12962962962962962, "f-measure": 0.11864406779661017}, "DC10.wav": {"precision": 0.44651162790697674, "recall": 0.7804878048780488, "f-measure": 0.5680473372781065}, "DC12.wav": {"precision": 0.2727272727272727, "recall": 0.27906976744186046, "f-measure": 0.27586206896551724}, "DC08.wav": {"precision": 0.8488372093023255, "recall": 0.8111111111111111, "f-measure": 0.8295454545454546}, "DC02.wav": {"precision": 0.3333333333333333, "recall": 0.15714285714285714, "f-measure": 0.21359223300970873}, "DC06.wav": {"precision": 0.13432835820895522, "recall": 0.140625, "f-measure": 0.13740458015267176}, "DC07.wav": {"precision": 0.740909090909091, "recall": 0.7086956521739131, "f-measure": 0.7244444444444444}, "DC09.wav": {"precision": 0.13333333333333333, "recall": 0.5, "f-measure": 0.21052631578947367}, "DC04.wav": {"precision": 0.21621621621621623, "recall": 0.3333333333333333, "f-measure": 0.26229508196721313}, "DC05.wav": {"precision": 0.20192307692307693, "recall": 0.4883720930232558, "f-measure": 0.2857142857142857}, "DC01.wav": {"precision": 0.75, "recall": 0.6, "f-measure": 0.6666666666666666}, "DC03.wav": {"precision": 0.36363636363636365, "recall": 0.11940298507462686, "f-measure": 0.1797752808988764}, "ME2.wav": {"precision": 0.875, "recall": 0.6829268292682927, "f-measure": 0.7671232876712328}, "ME1.wav": {"precision": 0.2564102564102564, "recall": 0.9090909090909091, "f-measure": 0.4}}}