{"set_name": "TEST", "report_date": "08122021_12_44_46", "overall_scores": {"precision": 0.548062015503876, "recall": 0.42696882815836024, "fmeasure (percentage)": 48.0}, "scores_per_subset": {"ML": {"precision": 0.8416666666666667, "recall": 0.3172774869109948, "f-measure": 0.46083650190114067}, "DC": {"precision": 0.43177570093457945, "recall": 0.4350282485875706, "f-measure": 0.4333958724202627}, "ME": {"precision": 0.5076923076923077, "recall": 0.6346153846153846, "f-measure": 0.5641025641025641}}, "scores_per_audiofile": {"DCASE2021-ML_129696.wav": {"precision": 1.0, "recall": 0.05263157894736842, "f-measure": 0.1}, "DCASE2021-ML_131369.wav": {"precision": 1.0, "recall": 0.425, "f-measure": 0.5964912280701754}, "DCASE2021-ML_131198.wav": {"precision": 1.0, "recall": 0.25, "f-measure": 0.4}, "DCASE2021-ML_197045.wav": {"precision": 0.9230769230769231, "recall": 0.16216216216216217, "f-measure": 0.27586206896551724}, "DCASE2021-ML_126376.wav": {"precision": 0.9090909090909091, "recall": 0.425531914893617, "f-measure": 0.5797101449275363}, "DCASE2021-ML_191491.wav": {"precision": 0.8888888888888888, "recall": 0.8888888888888888, "f-measure": 0.8888888888888888}, "DCASE2021-ML_37045.wav": {"precision": 1.0, "recall": 0.25, "f-measure": 0.4}, "DCASE2021-ML_176488.wav": {"precision": 1.0, "recall": 0.5555555555555556, "f-measure": 0.7142857142857143}, "DCASE2021-ML_40509.wav": {"precision": 1.0, "recall": 0.13008130081300814, "f-measure": 0.2302158273381295}, "DCASE2021-ML_268995.wav": {"precision": 0.75, "recall": 0.3, "f-measure": 0.42857142857142855}, "DCASE2021-ML_190099.wav": {"precision": 0.6521739130434783, "recall": 1.0, "f-measure": 0.7894736842105263}, "DCASE2021-ML_89792.wav": {"precision": 1.0, "recall": 0.6206896551724138, "f-measure": 0.7659574468085106}, "DCASE2021-ML_72010931.wav": {"precision": 1.0, "recall": 0.3050847457627119, "f-measure": 0.4675324675324675}, "DCASE2021-ML_273164.wav": {"precision": 1e-05, "recall": 1e-05, "f-measure": 1e-05}, "DCASE2021-ML_53963.wav": {"precision": 1.0, "recall": 0.4230769230769231, "f-measure": 0.5945945945945946}, "DCASE2021-ML_521435.wav": {"precision": 0.7115384615384616, "recall": 0.6379310344827587, "f-measure": 0.6727272727272727}, "DCASE2021-ML_168236.wav": {"precision": 0.73, "recall": 0.6636363636363637, "f-measure": 0.6952380952380952}, "DC11.wav": {"precision": 0.05555555555555555, "recall": 0.037037037037037035, "f-measure": 0.044444444444444446}, "DC10.wav": {"precision": 0.42452830188679247, "recall": 0.7317073170731707, "f-measure": 0.5373134328358209}, "DC12.wav": {"precision": 0.3333333333333333, "recall": 0.3488372093023256, "f-measure": 0.3409090909090909}, "DC08.wav": {"precision": 0.8048780487804879, "recall": 0.7333333333333333, "f-measure": 0.7674418604651163}, "DC02.wav": {"precision": 0.3411764705882353, "recall": 0.20714285714285716, "f-measure": 0.2577777777777778}, "DC06.wav": {"precision": 0.14102564102564102, "recall": 0.171875, "f-measure": 0.15492957746478872}, "DC07.wav": {"precision": 0.7526315789473684, "recall": 0.6217391304347826, "f-measure": 0.680952380952381}, "DC09.wav": {"precision": 0.16666666666666666, "recall": 0.5833333333333334, "f-measure": 0.25925925925925924}, "DC04.wav": {"precision": 0.15555555555555556, "recall": 0.2916666666666667, "f-measure": 0.2028985507246377}, "DC05.wav": {"precision": 0.1885245901639344, "recall": 0.5348837209302325, "f-measure": 0.2787878787878788}, "DC01.wav": {"precision": 0.6046511627906976, "recall": 0.49523809523809526, "f-measure": 0.5445026178010471}, "DC03.wav": {"precision": 0.3617021276595745, "recall": 0.12686567164179105, "f-measure": 0.1878453038674033}, "ME2.wav": {"precision": 0.8846153846153846, "recall": 0.5609756097560976, "f-measure": 0.6865671641791045}, "ME1.wav": {"precision": 0.2564102564102564, "recall": 0.9090909090909091, "f-measure": 0.4}}}