{"set_name": "TEST", "report_date": "08122021_17_37_10", "overall_scores": {"precision": 0.5887986297404396, "recall": 0.3625574971680036, "fmeasure (percentage)": 44.878}, "scores_per_subset": {"ML": {"precision": 0.8883928571428571, "recall": 0.2094736842105263, "f-measure": 0.3390119250425894}, "DC": {"precision": 0.46533713200379867, "recall": 0.4613935969868173, "f-measure": 0.46335697399527187}, "ME": {"precision": 0.5492957746478874, "recall": 0.75, "f-measure": 0.6341463414634146}}, "scores_per_audiofile": {"DCASE2021-ML_129696.wav": {"precision": 0.5, "recall": 0.013157894736842105, "f-measure": 0.02564102564102564}, "DCASE2021-ML_131369.wav": {"precision": 0.75, "recall": 0.075, "f-measure": 0.13636363636363635}, "DCASE2021-ML_131198.wav": {"precision": 1.0, "recall": 1.0, "f-measure": 1.0}, "DCASE2021-ML_197045.wav": {"precision": 1.0, "recall": 0.32432432432432434, "f-measure": 0.4897959183673469}, "DCASE2021-ML_126376.wav": {"precision": 0.9285714285714286, "recall": 0.13829787234042554, "f-measure": 0.24074074074074073}, "DCASE2021-ML_191491.wav": {"precision": 1.0, "recall": 0.6666666666666666, "f-measure": 0.8}, "DCASE2021-ML_37045.wav": {"precision": 1.0, "recall": 0.08333333333333333, "f-measure": 0.15384615384615385}, "DCASE2021-ML_176488.wav": {"precision": 1.0, "recall": 0.2222222222222222, "f-measure": 0.36363636363636365}, "DCASE2021-ML_40509.wav": {"precision": 1.0, "recall": 0.04065040650406504, "f-measure": 0.078125}, "DCASE2021-ML_268995.wav": {"precision": 0.5, "recall": 0.1, "f-measure": 0.16666666666666666}, "DCASE2021-ML_190099.wav": {"precision": 0.9230769230769231, "recall": 0.8, "f-measure": 0.8571428571428571}, "DCASE2021-ML_89792.wav": {"precision": 0.8421052631578947, "recall": 0.5517241379310345, "f-measure": 0.6666666666666666}, "DCASE2021-ML_72010931.wav": {"precision": 1.0, "recall": 0.1864406779661017, "f-measure": 0.3142857142857143}, "DCASE2021-ML_273164.wav": {"precision": 1.0, "recall": 0.006666666666666667, "f-measure": 0.013245033112582781}, "DCASE2021-ML_53963.wav": {"precision": 1.0, "recall": 0.10256410256410256, "f-measure": 0.18604651162790697}, "DCASE2021-ML_521435.wav": {"precision": 0.8490566037735849, "recall": 0.7758620689655172, "f-measure": 0.8108108108108109}, "DCASE2021-ML_168236.wav": {"precision": 0.8363636363636363, "recall": 0.41818181818181815, "f-measure": 0.5575757575757576}, "DC11.wav": {"precision": 0.16447368421052633, "recall": 0.46296296296296297, "f-measure": 0.24271844660194175}, "DC10.wav": {"precision": 0.38285714285714284, "recall": 0.5447154471544715, "f-measure": 0.44966442953020136}, "DC12.wav": {"precision": 0.2833333333333333, "recall": 0.3953488372093023, "f-measure": 0.3300970873786408}, "DC08.wav": {"precision": 0.9655172413793104, "recall": 0.9333333333333333, "f-measure": 0.9491525423728814}, "DC02.wav": {"precision": 0.3684210526315789, "recall": 0.15, "f-measure": 0.2131979695431472}, "DC06.wav": {"precision": 0.0851063829787234, "recall": 0.0625, "f-measure": 0.07207207207207207}, "DC07.wav": {"precision": 0.7458333333333333, "recall": 0.7782608695652173, "f-measure": 0.7617021276595745}, "DC09.wav": {"precision": 0.14583333333333334, "recall": 0.5833333333333334, "f-measure": 0.23333333333333334}, "DC04.wav": {"precision": 0.1111111111111111, "recall": 0.041666666666666664, "f-measure": 0.06060606060606061}, "DC05.wav": {"precision": 0.21428571428571427, "recall": 0.3488372093023256, "f-measure": 0.26548672566371684}, "DC01.wav": {"precision": 0.8333333333333334, "recall": 0.5714285714285714, "f-measure": 0.6779661016949152}, "DC03.wav": {"precision": 0.2777777777777778, "recall": 0.07462686567164178, "f-measure": 0.11764705882352941}, "ME2.wav": {"precision": 0.8823529411764706, "recall": 0.7317073170731707, "f-measure": 0.8}, "ME1.wav": {"precision": 0.24324324324324326, "recall": 0.8181818181818182, "f-measure": 0.375}}}