{"set_name": "TEST", "report_date": "08122021_14_10_00", "overall_scores": {"precision": 0.5934676144324331, "recall": 0.35355739851593193, "fmeasure (percentage)": 44.312}, "scores_per_subset": {"ML": {"precision": 0.8837209302325582, "recall": 0.2, "f-measure": 0.3261802575107296}, "DC": {"precision": 0.47093023255813954, "recall": 0.4576271186440678, "f-measure": 0.46418338108882523}, "ME": {"precision": 0.5555555555555556, "recall": 0.7692307692307693, "f-measure": 0.6451612903225806}}, "scores_per_audiofile": {"DCASE2021-ML_129696.wav": {"precision": 1.0, "recall": 0.02631578947368421, "f-measure": 0.05128205128205128}, "DCASE2021-ML_131369.wav": {"precision": 1.0, "recall": 0.325, "f-measure": 0.49056603773584906}, "DCASE2021-ML_131198.wav": {"precision": 1.0, "recall": 0.5, "f-measure": 0.6666666666666666}, "DCASE2021-ML_197045.wav": {"precision": 1.0, "recall": 0.40540540540540543, "f-measure": 0.5769230769230769}, "DCASE2021-ML_126376.wav": {"precision": 0.8888888888888888, "recall": 0.1702127659574468, "f-measure": 0.2857142857142857}, "DCASE2021-ML_191491.wav": {"precision": 1.0, "recall": 0.6666666666666666, "f-measure": 0.8}, "DCASE2021-ML_37045.wav": {"precision": 1.0, "recall": 0.08333333333333333, "f-measure": 0.15384615384615385}, "DCASE2021-ML_176488.wav": {"precision": 1.0, "recall": 0.3333333333333333, "f-measure": 0.5}, "DCASE2021-ML_40509.wav": {"precision": 1.0, "recall": 0.04878048780487805, "f-measure": 0.09302325581395349}, "DCASE2021-ML_268995.wav": {"precision": 0.5, "recall": 0.1, "f-measure": 0.16666666666666666}, "DCASE2021-ML_190099.wav": {"precision": 0.8571428571428571, "recall": 0.8, "f-measure": 0.8275862068965517}, "DCASE2021-ML_89792.wav": {"precision": 0.7857142857142857, "recall": 0.3793103448275862, "f-measure": 0.5116279069767442}, "DCASE2021-ML_72010931.wav": {"precision": 1.0, "recall": 0.1864406779661017, "f-measure": 0.3142857142857143}, "DCASE2021-ML_273164.wav": {"precision": 1.0, "recall": 0.006666666666666667, "f-measure": 0.013245033112582781}, "DCASE2021-ML_53963.wav": {"precision": 1.0, "recall": 0.038461538461538464, "f-measure": 0.07407407407407407}, "DCASE2021-ML_521435.wav": {"precision": 0.7428571428571429, "recall": 0.4482758620689655, "f-measure": 0.5591397849462365}, "DCASE2021-ML_168236.wav": {"precision": 0.8518518518518519, "recall": 0.41818181818181815, "f-measure": 0.5609756097560976}, "DC11.wav": {"precision": 0.1736111111111111, "recall": 0.46296296296296297, "f-measure": 0.25252525252525254}, "DC10.wav": {"precision": 0.3973509933774834, "recall": 0.4878048780487805, "f-measure": 0.43795620437956206}, "DC12.wav": {"precision": 0.3157894736842105, "recall": 0.4186046511627907, "f-measure": 0.36}, "DC08.wav": {"precision": 0.9545454545454546, "recall": 0.9333333333333333, "f-measure": 0.9438202247191011}, "DC02.wav": {"precision": 0.375, "recall": 0.15, "f-measure": 0.21428571428571427}, "DC06.wav": {"precision": 0.08163265306122448, "recall": 0.0625, "f-measure": 0.07079646017699115}, "DC07.wav": {"precision": 0.7510373443983402, "recall": 0.7869565217391304, "f-measure": 0.7685774946921444}, "DC09.wav": {"precision": 0.14, "recall": 0.5833333333333334, "f-measure": 0.22580645161290322}, "DC04.wav": {"precision": 0.07142857142857142, "recall": 0.041666666666666664, "f-measure": 0.05263157894736842}, "DC05.wav": {"precision": 0.22972972972972974, "recall": 0.3953488372093023, "f-measure": 0.2905982905982906}, "DC01.wav": {"precision": 0.8082191780821918, "recall": 0.5619047619047619, "f-measure": 0.6629213483146067}, "DC03.wav": {"precision": 0.2571428571428571, "recall": 0.06716417910447761, "f-measure": 0.10650887573964497}, "ME2.wav": {"precision": 0.8823529411764706, "recall": 0.7317073170731707, "f-measure": 0.8}, "ME1.wav": {"precision": 0.2631578947368421, "recall": 0.9090909090909091, "f-measure": 0.40816326530612246}}}