{"set_name": "TEST", "report_date": "08122021_17_47_11", "overall_scores": {"precision": 0.5963336087229627, "recall": 0.3417229463966073, "fmeasure (percentage)": 43.447}, "scores_per_subset": {"ML": {"precision": 0.8861386138613861, "recall": 0.18842105263157893, "f-measure": 0.3107638888888889}, "DC": {"precision": 0.47568093385214005, "recall": 0.4604519774011299, "f-measure": 0.46794258373205744}, "ME": {"precision": 0.5555555555555556, "recall": 0.7692307692307693, "f-measure": 0.6451612903225806}}, "scores_per_audiofile": {"DCASE2021-ML_129696.wav": {"precision": 1.0, "recall": 0.013157894736842105, "f-measure": 0.025974025974025976}, "DCASE2021-ML_131369.wav": {"precision": 1.0, "recall": 0.025, "f-measure": 0.04878048780487805}, "DCASE2021-ML_131198.wav": {"precision": 1.0, "recall": 1.0, "f-measure": 1.0}, "DCASE2021-ML_197045.wav": {"precision": 1.0, "recall": 0.2702702702702703, "f-measure": 0.425531914893617}, "DCASE2021-ML_126376.wav": {"precision": 0.9166666666666666, "recall": 0.11702127659574468, "f-measure": 0.20754716981132076}, "DCASE2021-ML_191491.wav": {"precision": 1.0, "recall": 0.6666666666666666, "f-measure": 0.8}, "DCASE2021-ML_37045.wav": {"precision": 1.0, "recall": 0.16666666666666666, "f-measure": 0.2857142857142857}, "DCASE2021-ML_176488.wav": {"precision": 1.0, "recall": 0.2222222222222222, "f-measure": 0.36363636363636365}, "DCASE2021-ML_40509.wav": {"precision": 1.0, "recall": 0.04878048780487805, "f-measure": 0.09302325581395349}, "DCASE2021-ML_268995.wav": {"precision": 0.5, "recall": 0.1, "f-measure": 0.16666666666666666}, "DCASE2021-ML_190099.wav": {"precision": 0.8, "recall": 0.8, "f-measure": 0.8}, "DCASE2021-ML_89792.wav": {"precision": 0.8571428571428571, "recall": 0.41379310344827586, "f-measure": 0.5581395348837209}, "DCASE2021-ML_72010931.wav": {"precision": 1.0, "recall": 0.1864406779661017, "f-measure": 0.3142857142857143}, "DCASE2021-ML_273164.wav": {"precision": 1.0, "recall": 0.006666666666666667, "f-measure": 0.013245033112582781}, "DCASE2021-ML_53963.wav": {"precision": 1.0, "recall": 0.10256410256410256, "f-measure": 0.18604651162790697}, "DCASE2021-ML_521435.wav": {"precision": 0.7954545454545454, "recall": 0.603448275862069, "f-measure": 0.6862745098039216}, "DCASE2021-ML_168236.wav": {"precision": 0.8679245283018868, "recall": 0.41818181818181815, "f-measure": 0.5644171779141104}, "DC11.wav": {"precision": 0.16556291390728478, "recall": 0.46296296296296297, "f-measure": 0.24390243902439024}, "DC10.wav": {"precision": 0.4064516129032258, "recall": 0.5121951219512195, "f-measure": 0.45323741007194246}, "DC12.wav": {"precision": 0.3389830508474576, "recall": 0.46511627906976744, "f-measure": 0.39215686274509803}, "DC08.wav": {"precision": 0.9545454545454546, "recall": 0.9333333333333333, "f-measure": 0.9438202247191011}, "DC02.wav": {"precision": 0.3728813559322034, "recall": 0.15714285714285714, "f-measure": 0.22110552763819097}, "DC06.wav": {"precision": 0.08695652173913043, "recall": 0.0625, "f-measure": 0.07272727272727272}, "DC07.wav": {"precision": 0.7468879668049793, "recall": 0.782608695652174, "f-measure": 0.7643312101910829}, "DC09.wav": {"precision": 0.13043478260869565, "recall": 0.5, "f-measure": 0.20689655172413793}, "DC04.wav": {"precision": 0.1, "recall": 0.041666666666666664, "f-measure": 0.058823529411764705}, "DC05.wav": {"precision": 0.22058823529411764, "recall": 0.3488372093023256, "f-measure": 0.2702702702702703}, "DC01.wav": {"precision": 0.8695652173913043, "recall": 0.5714285714285714, "f-measure": 0.6896551724137931}, "DC03.wav": {"precision": 0.25, "recall": 0.06716417910447761, "f-measure": 0.10588235294117647}, "ME2.wav": {"precision": 0.8823529411764706, "recall": 0.7317073170731707, "f-measure": 0.8}, "ME1.wav": {"precision": 0.2631578947368421, "recall": 0.9090909090909091, "f-measure": 0.40816326530612246}}}