{"set_name": "TEST", "report_date": "08122021_20_30_24", "overall_scores": {"precision": 0.593761113998851, "recall": 0.3388751004316528, "fmeasure (percentage)": 43.149}, "scores_per_subset": {"ML": {"precision": 0.9040404040404041, "recall": 0.18645833333333334, "f-measure": 0.30915371329879104}, "DC": {"precision": 0.4658981748318924, "recall": 0.4566854990583804, "f-measure": 0.461245839277223}, "ME": {"precision": 0.5555555555555556, "recall": 0.7692307692307693, "f-measure": 0.6451612903225806}}, "scores_per_audiofile": {"DCASE2021-ML_129696.wav": {"precision": 1.0, "recall": 0.013157894736842105, "f-measure": 0.025974025974025976}, "DCASE2021-ML_131369.wav": {"precision": 1e-05, "recall": 1e-05, "f-measure": 1e-05}, "DCASE2021-ML_131198.wav": {"precision": 1e-05, "recall": 1e-05, "f-measure": 1e-05}, "DCASE2021-ML_197045.wav": {"precision": 1.0, "recall": 0.32432432432432434, "f-measure": 0.4897959183673469}, "DCASE2021-ML_126376.wav": {"precision": 1.0, "recall": 0.1276595744680851, "f-measure": 0.22641509433962265}, "DCASE2021-ML_191491.wav": {"precision": 1.0, "recall": 0.6666666666666666, "f-measure": 0.8}, "DCASE2021-ML_37045.wav": {"precision": 1.0, "recall": 0.08333333333333333, "f-measure": 0.15384615384615385}, "DCASE2021-ML_176488.wav": {"precision": 1.0, "recall": 0.2222222222222222, "f-measure": 0.36363636363636365}, "DCASE2021-ML_40509.wav": {"precision": 1.0, "recall": 0.04065040650406504, "f-measure": 0.078125}, "DCASE2021-ML_268995.wav": {"precision": 1.0, "recall": 0.1, "f-measure": 0.18181818181818182}, "DCASE2021-ML_190099.wav": {"precision": 0.8571428571428571, "recall": 0.8, "f-measure": 0.8275862068965517}, "DCASE2021-ML_89792.wav": {"precision": 0.8666666666666667, "recall": 0.4482758620689655, "f-measure": 0.5909090909090909}, "DCASE2021-ML_72010931.wav": {"precision": 1.0, "recall": 0.1864406779661017, "f-measure": 0.3142857142857143}, "DCASE2021-ML_273164.wav": {"precision": 1.0, "recall": 0.006666666666666667, "f-measure": 0.013245033112582781}, "DCASE2021-ML_53963.wav": {"precision": 1.0, "recall": 0.08974358974358974, "f-measure": 0.16470588235294117}, "DCASE2021-ML_521435.wav": {"precision": 0.8260869565217391, "recall": 0.6551724137931034, "f-measure": 0.7307692307692307}, "DCASE2021-ML_168236.wav": {"precision": 0.8653846153846154, "recall": 0.4090909090909091, "f-measure": 0.5555555555555556}, "DC11.wav": {"precision": 0.1568627450980392, "recall": 0.4444444444444444, "f-measure": 0.2318840579710145}, "DC10.wav": {"precision": 0.3961038961038961, "recall": 0.4959349593495935, "f-measure": 0.4404332129963899}, "DC12.wav": {"precision": 0.32142857142857145, "recall": 0.4186046511627907, "f-measure": 0.36363636363636365}, "DC08.wav": {"precision": 0.9545454545454546, "recall": 0.9333333333333333, "f-measure": 0.9438202247191011}, "DC02.wav": {"precision": 0.3684210526315789, "recall": 0.15, "f-measure": 0.2131979695431472}, "DC06.wav": {"precision": 0.0851063829787234, "recall": 0.0625, "f-measure": 0.07207207207207207}, "DC07.wav": {"precision": 0.7398373983739838, "recall": 0.7913043478260869, "f-measure": 0.7647058823529411}, "DC09.wav": {"precision": 0.125, "recall": 0.5, "f-measure": 0.2}, "DC04.wav": {"precision": 0.1, "recall": 0.041666666666666664, "f-measure": 0.058823529411764705}, "DC05.wav": {"precision": 0.19718309859154928, "recall": 0.32558139534883723, "f-measure": 0.24561403508771928}, "DC01.wav": {"precision": 0.8169014084507042, "recall": 0.5523809523809524, "f-measure": 0.6590909090909091}, "DC03.wav": {"precision": 0.3, "recall": 0.08955223880597014, "f-measure": 0.13793103448275862}, "ME2.wav": {"precision": 0.8823529411764706, "recall": 0.7317073170731707, "f-measure": 0.8}, "ME1.wav": {"precision": 0.2631578947368421, "recall": 0.9090909090909091, "f-measure": 0.40816326530612246}}}