{"set_name": "TEST", "report_date": "08122021_16_14_02", "overall_scores": {"precision": 0.5329914685060809, "recall": 0.3775993107084528, "fmeasure (percentage)": 44.204}, "scores_per_subset": {"ML": {"precision": 0.8392282958199357, "recall": 0.2732984293193717, "f-measure": 0.41232227488151657}, "DC": {"precision": 0.4368932038834951, "recall": 0.423728813559322, "f-measure": 0.43021032504780116}, "ME": {"precision": 0.46551724137931033, "recall": 0.5192307692307693, "f-measure": 0.4909090909090909}}, "scores_per_audiofile": {"DCASE2021-ML_129696.wav": {"precision": 1.0, "recall": 0.02631578947368421, "f-measure": 0.05128205128205128}, "DCASE2021-ML_131369.wav": {"precision": 0.8888888888888888, "recall": 0.2, "f-measure": 0.32653061224489793}, "DCASE2021-ML_131198.wav": {"precision": 1.0, "recall": 0.25, "f-measure": 0.4}, "DCASE2021-ML_197045.wav": {"precision": 1.0, "recall": 0.14864864864864866, "f-measure": 0.25882352941176473}, "DCASE2021-ML_126376.wav": {"precision": 0.8888888888888888, "recall": 0.3404255319148936, "f-measure": 0.49230769230769234}, "DCASE2021-ML_191491.wav": {"precision": 0.6666666666666666, "recall": 0.2222222222222222, "f-measure": 0.3333333333333333}, "DCASE2021-ML_37045.wav": {"precision": 1.0, "recall": 0.3333333333333333, "f-measure": 0.5}, "DCASE2021-ML_176488.wav": {"precision": 1.0, "recall": 0.6666666666666666, "f-measure": 0.8}, "DCASE2021-ML_40509.wav": {"precision": 1.0, "recall": 0.08943089430894309, "f-measure": 0.16417910447761194}, "DCASE2021-ML_268995.wav": {"precision": 0.5, "recall": 0.1, "f-measure": 0.16666666666666666}, "DCASE2021-ML_190099.wav": {"precision": 0.6818181818181818, "recall": 1.0, "f-measure": 0.8108108108108109}, "DCASE2021-ML_89792.wav": {"precision": 1.0, "recall": 0.7241379310344828, "f-measure": 0.84}, "DCASE2021-ML_72010931.wav": {"precision": 0.9444444444444444, "recall": 0.288135593220339, "f-measure": 0.44155844155844154}, "DCASE2021-ML_273164.wav": {"precision": 1e-05, "recall": 1e-05, "f-measure": 1e-05}, "DCASE2021-ML_53963.wav": {"precision": 1.0, "recall": 0.3974358974358974, "f-measure": 0.5688073394495413}, "DCASE2021-ML_521435.wav": {"precision": 0.6585365853658537, "recall": 0.46551724137931033, "f-measure": 0.5454545454545454}, "DCASE2021-ML_168236.wav": {"precision": 0.7741935483870968, "recall": 0.6545454545454545, "f-measure": 0.7093596059113301}, "DC11.wav": {"precision": 0.05, "recall": 0.018518518518518517, "f-measure": 0.02702702702702703}, "DC10.wav": {"precision": 0.44019138755980863, "recall": 0.7479674796747967, "f-measure": 0.5542168674698795}, "DC12.wav": {"precision": 0.25806451612903225, "recall": 0.18604651162790697, "f-measure": 0.21621621621621623}, "DC08.wav": {"precision": 0.8082191780821918, "recall": 0.6555555555555556, "f-measure": 0.7239263803680982}, "DC02.wav": {"precision": 0.30434782608695654, "recall": 0.2, "f-measure": 0.2413793103448276}, "DC06.wav": {"precision": 0.1375, "recall": 0.171875, "f-measure": 0.1527777777777778}, "DC07.wav": {"precision": 0.7319587628865979, "recall": 0.6173913043478261, "f-measure": 0.6698113207547169}, "DC09.wav": {"precision": 0.1590909090909091, "recall": 0.5833333333333334, "f-measure": 0.25}, "DC04.wav": {"precision": 0.21621621621621623, "recall": 0.3333333333333333, "f-measure": 0.26229508196721313}, "DC05.wav": {"precision": 0.18691588785046728, "recall": 0.46511627906976744, "f-measure": 0.26666666666666666}, "DC01.wav": {"precision": 0.6170212765957447, "recall": 0.5523809523809524, "f-measure": 0.5829145728643216}, "DC03.wav": {"precision": 0.32653061224489793, "recall": 0.11940298507462686, "f-measure": 0.17486338797814208}, "ME2.wav": {"precision": 0.9, "recall": 0.43902439024390244, "f-measure": 0.5901639344262295}, "ME1.wav": {"precision": 0.23684210526315788, "recall": 0.8181818181818182, "f-measure": 0.3673469387755102}}}