{"set_name": "TEST", "report_date": "08122021_12_56_35", "overall_scores": {"precision": 0.5259027095402528, "recall": 0.38692568990913523, "fmeasure (percentage)": 44.583}, "scores_per_subset": {"ML": {"precision": 0.8535825545171339, "recall": 0.28541666666666665, "f-measure": 0.4277907884465261}, "DC": {"precision": 0.4327651515151515, "recall": 0.4303201506591337, "f-measure": 0.43153918791312557}, "ME": {"precision": 0.45, "recall": 0.5192307692307693, "f-measure": 0.48214285714285715}}, "scores_per_audiofile": {"DCASE2021-ML_129696.wav": {"precision": 0.8, "recall": 0.05263157894736842, "f-measure": 0.09876543209876543}, "DCASE2021-ML_131369.wav": {"precision": 1.0, "recall": 0.35, "f-measure": 0.5185185185185185}, "DCASE2021-ML_131198.wav": {"precision": 1e-05, "recall": 1e-05, "f-measure": 1e-05}, "DCASE2021-ML_197045.wav": {"precision": 0.8888888888888888, "recall": 0.10810810810810811, "f-measure": 0.1927710843373494}, "DCASE2021-ML_126376.wav": {"precision": 0.8372093023255814, "recall": 0.3829787234042553, "f-measure": 0.5255474452554745}, "DCASE2021-ML_191491.wav": {"precision": 1.0, "recall": 0.7777777777777778, "f-measure": 0.875}, "DCASE2021-ML_37045.wav": {"precision": 1.0, "recall": 0.6666666666666666, "f-measure": 0.8}, "DCASE2021-ML_176488.wav": {"precision": 1.0, "recall": 0.6666666666666666, "f-measure": 0.8}, "DCASE2021-ML_40509.wav": {"precision": 1.0, "recall": 0.06504065040650407, "f-measure": 0.12213740458015267}, "DCASE2021-ML_268995.wav": {"precision": 0.6666666666666666, "recall": 0.2, "f-measure": 0.3076923076923077}, "DCASE2021-ML_190099.wav": {"precision": 0.6363636363636364, "recall": 0.9333333333333333, "f-measure": 0.7567567567567568}, "DCASE2021-ML_89792.wav": {"precision": 0.896551724137931, "recall": 0.896551724137931, "f-measure": 0.896551724137931}, "DCASE2021-ML_72010931.wav": {"precision": 1.0, "recall": 0.2033898305084746, "f-measure": 0.3380281690140845}, "DCASE2021-ML_273164.wav": {"precision": 1e-05, "recall": 1e-05, "f-measure": 1e-05}, "DCASE2021-ML_53963.wav": {"precision": 1.0, "recall": 0.3333333333333333, "f-measure": 0.5}, "DCASE2021-ML_521435.wav": {"precision": 0.78, "recall": 0.6724137931034483, "f-measure": 0.7222222222222222}, "DCASE2021-ML_168236.wav": {"precision": 0.810126582278481, "recall": 0.5818181818181818, "f-measure": 0.6772486772486772}, "DC11.wav": {"precision": 0.09090909090909091, "recall": 0.037037037037037035, "f-measure": 0.05263157894736842}, "DC10.wav": {"precision": 0.44339622641509435, "recall": 0.7642276422764228, "f-measure": 0.5611940298507463}, "DC12.wav": {"precision": 0.17142857142857143, "recall": 0.13953488372093023, "f-measure": 0.15384615384615385}, "DC08.wav": {"precision": 0.8026315789473685, "recall": 0.6777777777777778, "f-measure": 0.7349397590361446}, "DC02.wav": {"precision": 0.3103448275862069, "recall": 0.19285714285714287, "f-measure": 0.23788546255506607}, "DC06.wav": {"precision": 0.11688311688311688, "recall": 0.140625, "f-measure": 0.1276595744680851}, "DC07.wav": {"precision": 0.7795698924731183, "recall": 0.6304347826086957, "f-measure": 0.6971153846153846}, "DC09.wav": {"precision": 0.16666666666666666, "recall": 0.5833333333333334, "f-measure": 0.25925925925925924}, "DC04.wav": {"precision": 0.1702127659574468, "recall": 0.3333333333333333, "f-measure": 0.22535211267605634}, "DC05.wav": {"precision": 0.1694915254237288, "recall": 0.46511627906976744, "f-measure": 0.2484472049689441}, "DC01.wav": {"precision": 0.594059405940594, "recall": 0.5714285714285714, "f-measure": 0.5825242718446602}, "DC03.wav": {"precision": 0.33962264150943394, "recall": 0.13432835820895522, "f-measure": 0.1925133689839572}, "ME2.wav": {"precision": 0.9, "recall": 0.43902439024390244, "f-measure": 0.5901639344262295}, "ME1.wav": {"precision": 0.225, "recall": 0.8181818181818182, "f-measure": 0.35294117647058826}}}