{"set_name": "TEST", "report_date": "08122021_23_28_57", "overall_scores": {"precision": 0.582298055333543, "recall": 0.3362290416509569, "fmeasure (percentage)": 42.63}, "scores_per_subset": {"ML": {"precision": 0.8792270531400966, "recall": 0.18958333333333333, "f-measure": 0.31191088260497}, "DC": {"precision": 0.464354527938343, "recall": 0.4538606403013183, "f-measure": 0.45904761904761904}, "ME": {"precision": 0.5373134328358209, "recall": 0.6923076923076923, "f-measure": 0.6050420168067226}}, "scores_per_audiofile": {"DCASE2021-ML_129696.wav": {"precision": 0.75, "recall": 0.039473684210526314, "f-measure": 0.075}, "DCASE2021-ML_131369.wav": {"precision": 1.0, "recall": 0.2, "f-measure": 0.3333333333333333}, "DCASE2021-ML_131198.wav": {"precision": 1e-05, "recall": 1e-05, "f-measure": 1e-05}, "DCASE2021-ML_197045.wav": {"precision": 1.0, "recall": 0.14864864864864866, "f-measure": 0.25882352941176473}, "DCASE2021-ML_126376.wav": {"precision": 0.9411764705882353, "recall": 0.1702127659574468, "f-measure": 0.2882882882882883}, "DCASE2021-ML_191491.wav": {"precision": 1.0, "recall": 0.6666666666666666, "f-measure": 0.8}, "DCASE2021-ML_37045.wav": {"precision": 1.0, "recall": 0.08333333333333333, "f-measure": 0.15384615384615385}, "DCASE2021-ML_176488.wav": {"precision": 1.0, "recall": 0.2222222222222222, "f-measure": 0.36363636363636365}, "DCASE2021-ML_40509.wav": {"precision": 1.0, "recall": 0.056910569105691054, "f-measure": 0.1076923076923077}, "DCASE2021-ML_268995.wav": {"precision": 0.6666666666666666, "recall": 0.2, "f-measure": 0.3076923076923077}, "DCASE2021-ML_190099.wav": {"precision": 0.8235294117647058, "recall": 0.9333333333333333, "f-measure": 0.875}, "DCASE2021-ML_89792.wav": {"precision": 1.0, "recall": 0.6551724137931034, "f-measure": 0.7916666666666666}, "DCASE2021-ML_72010931.wav": {"precision": 1.0, "recall": 0.13559322033898305, "f-measure": 0.23880597014925373}, "DCASE2021-ML_273164.wav": {"precision": 1e-05, "recall": 1e-05, "f-measure": 1e-05}, "DCASE2021-ML_53963.wav": {"precision": 1.0, "recall": 0.11538461538461539, "f-measure": 0.20689655172413793}, "DCASE2021-ML_521435.wav": {"precision": 0.6206896551724138, "recall": 0.3103448275862069, "f-measure": 0.41379310344827586}, "DCASE2021-ML_168236.wav": {"precision": 0.8787878787878788, "recall": 0.5272727272727272, "f-measure": 0.6590909090909091}, "DC11.wav": {"precision": 0.12698412698412698, "recall": 0.14814814814814814, "f-measure": 0.13675213675213677}, "DC10.wav": {"precision": 0.42410714285714285, "recall": 0.7723577235772358, "f-measure": 0.547550432276657}, "DC12.wav": {"precision": 0.3283582089552239, "recall": 0.5116279069767442, "f-measure": 0.4}, "DC08.wav": {"precision": 0.8695652173913043, "recall": 0.8888888888888888, "f-measure": 0.8791208791208791}, "DC02.wav": {"precision": 0.3125, "recall": 0.14285714285714285, "f-measure": 0.19607843137254902}, "DC06.wav": {"precision": 0.11666666666666667, "recall": 0.109375, "f-measure": 0.11290322580645161}, "DC07.wav": {"precision": 0.7488584474885844, "recall": 0.7130434782608696, "f-measure": 0.7305122494432071}, "DC09.wav": {"precision": 0.13043478260869565, "recall": 0.5, "f-measure": 0.20689655172413793}, "DC04.wav": {"precision": 0.15, "recall": 0.125, "f-measure": 0.13636363636363635}, "DC05.wav": {"precision": 0.20238095238095238, "recall": 0.3953488372093023, "f-measure": 0.2677165354330709}, "DC01.wav": {"precision": 0.8032786885245902, "recall": 0.4666666666666667, "f-measure": 0.5903614457831325}, "DC03.wav": {"precision": 0.2894736842105263, "recall": 0.08208955223880597, "f-measure": 0.12790697674418605}, "ME2.wav": {"precision": 0.9310344827586207, "recall": 0.6585365853658537, "f-measure": 0.7714285714285715}, "ME1.wav": {"precision": 0.23684210526315788, "recall": 0.8181818181818182, "f-measure": 0.3673469387755102}}}