{"set_name": "TEST", "report_date": "08122021_15_11_06", "overall_scores": {"precision": 0.5269712895737991, "recall": 0.36524217877030796, "fmeasure (percentage)": 43.145}, "scores_per_subset": {"ML": {"precision": 0.8256578947368421, "recall": 0.2628272251308901, "f-measure": 0.3987291501191422}, "DC": {"precision": 0.4541832669322709, "recall": 0.4293785310734463, "f-measure": 0.441432720232333}, "ME": {"precision": 0.43859649122807015, "recall": 0.4807692307692308, "f-measure": 0.45871559633027525}}, "scores_per_audiofile": {"DCASE2021-ML_129696.wav": {"precision": 1.0, "recall": 0.02631578947368421, "f-measure": 0.05128205128205128}, "DCASE2021-ML_131369.wav": {"precision": 1.0, "recall": 0.25, "f-measure": 0.4}, "DCASE2021-ML_131198.wav": {"precision": 1.0, "recall": 1.0, "f-measure": 1.0}, "DCASE2021-ML_197045.wav": {"precision": 1.0, "recall": 0.12162162162162163, "f-measure": 0.21686746987951808}, "DCASE2021-ML_126376.wav": {"precision": 0.875, "recall": 0.2978723404255319, "f-measure": 0.4444444444444444}, "DCASE2021-ML_191491.wav": {"precision": 0.8571428571428571, "recall": 0.6666666666666666, "f-measure": 0.75}, "DCASE2021-ML_37045.wav": {"precision": 1.0, "recall": 0.25, "f-measure": 0.4}, "DCASE2021-ML_176488.wav": {"precision": 1.0, "recall": 0.3333333333333333, "f-measure": 0.5}, "DCASE2021-ML_40509.wav": {"precision": 1.0, "recall": 0.06504065040650407, "f-measure": 0.12213740458015267}, "DCASE2021-ML_268995.wav": {"precision": 0.6666666666666666, "recall": 0.2, "f-measure": 0.3076923076923077}, "DCASE2021-ML_190099.wav": {"precision": 0.75, "recall": 1.0, "f-measure": 0.8571428571428571}, "DCASE2021-ML_89792.wav": {"precision": 0.9166666666666666, "recall": 0.7586206896551724, "f-measure": 0.8301886792452831}, "DCASE2021-ML_72010931.wav": {"precision": 1.0, "recall": 0.2542372881355932, "f-measure": 0.40540540540540543}, "DCASE2021-ML_273164.wav": {"precision": 1e-05, "recall": 1e-05, "f-measure": 1e-05}, "DCASE2021-ML_53963.wav": {"precision": 1.0, "recall": 0.2948717948717949, "f-measure": 0.45544554455445546}, "DCASE2021-ML_521435.wav": {"precision": 0.717391304347826, "recall": 0.5689655172413793, "f-measure": 0.6346153846153846}, "DCASE2021-ML_168236.wav": {"precision": 0.7157894736842105, "recall": 0.6181818181818182, "f-measure": 0.6634146341463415}, "DC11.wav": {"precision": 0.0625, "recall": 0.037037037037037035, "f-measure": 0.046511627906976744}, "DC10.wav": {"precision": 0.4351851851851852, "recall": 0.7642276422764228, "f-measure": 0.5545722713864307}, "DC12.wav": {"precision": 0.20512820512820512, "recall": 0.18604651162790697, "f-measure": 0.1951219512195122}, "DC08.wav": {"precision": 0.8214285714285714, "recall": 0.7666666666666667, "f-measure": 0.7931034482758621}, "DC02.wav": {"precision": 0.3561643835616438, "recall": 0.18571428571428572, "f-measure": 0.24413145539906103}, "DC06.wav": {"precision": 0.10294117647058823, "recall": 0.109375, "f-measure": 0.10606060606060606}, "DC07.wav": {"precision": 0.7619047619047619, "recall": 0.6260869565217392, "f-measure": 0.6873508353221957}, "DC09.wav": {"precision": 0.15217391304347827, "recall": 0.5833333333333334, "f-measure": 0.2413793103448276}, "DC04.wav": {"precision": 0.23529411764705882, "recall": 0.3333333333333333, "f-measure": 0.27586206896551724}, "DC05.wav": {"precision": 0.16666666666666666, "recall": 0.37209302325581395, "f-measure": 0.2302158273381295}, "DC01.wav": {"precision": 0.7530864197530864, "recall": 0.580952380952381, "f-measure": 0.6559139784946236}, "DC03.wav": {"precision": 0.30434782608695654, "recall": 0.1044776119402985, "f-measure": 0.15555555555555556}, "ME2.wav": {"precision": 0.8888888888888888, "recall": 0.3902439024390244, "f-measure": 0.5423728813559322}, "ME1.wav": {"precision": 0.23076923076923078, "recall": 0.8181818181818182, "f-measure": 0.36}}}