{"set_name": "TEST", "report_date": "08122021_13_20_16", "overall_scores": {"precision": 0.4958745802050182, "recall": 0.41597564786757507, "fmeasure (percentage)": 45.242}, "scores_per_subset": {"ML": {"precision": 0.8428927680798005, "recall": 0.3539267015706806, "f-measure": 0.49852507374631266}, "DC": {"precision": 0.4097605893186004, "recall": 0.4190207156308851, "f-measure": 0.4143389199255121}, "ME": {"precision": 0.4126984126984127, "recall": 0.5, "f-measure": 0.45217391304347826}}, "scores_per_audiofile": {"DCASE2021-ML_129696.wav": {"precision": 0.5, "recall": 0.013157894736842105, "f-measure": 0.02564102564102564}, "DCASE2021-ML_131369.wav": {"precision": 0.9473684210526315, "recall": 0.45, "f-measure": 0.6101694915254238}, "DCASE2021-ML_131198.wav": {"precision": 1.0, "recall": 0.5, "f-measure": 0.6666666666666666}, "DCASE2021-ML_197045.wav": {"precision": 1.0, "recall": 0.24324324324324326, "f-measure": 0.391304347826087}, "DCASE2021-ML_126376.wav": {"precision": 0.9285714285714286, "recall": 0.5531914893617021, "f-measure": 0.6933333333333334}, "DCASE2021-ML_191491.wav": {"precision": 0.875, "recall": 0.7777777777777778, "f-measure": 0.8235294117647058}, "DCASE2021-ML_37045.wav": {"precision": 1.0, "recall": 0.25, "f-measure": 0.4}, "DCASE2021-ML_176488.wav": {"precision": 1.0, "recall": 0.4444444444444444, "f-measure": 0.6153846153846154}, "DCASE2021-ML_40509.wav": {"precision": 1.0, "recall": 0.13008130081300814, "f-measure": 0.2302158273381295}, "DCASE2021-ML_268995.wav": {"precision": 0.75, "recall": 0.3, "f-measure": 0.42857142857142855}, "DCASE2021-ML_190099.wav": {"precision": 0.5555555555555556, "recall": 1.0, "f-measure": 0.7142857142857143}, "DCASE2021-ML_89792.wav": {"precision": 1.0, "recall": 0.8620689655172413, "f-measure": 0.9259259259259259}, "DCASE2021-ML_72010931.wav": {"precision": 1.0, "recall": 0.3050847457627119, "f-measure": 0.4675324675324675}, "DCASE2021-ML_273164.wav": {"precision": 1e-05, "recall": 1e-05, "f-measure": 1e-05}, "DCASE2021-ML_53963.wav": {"precision": 1.0, "recall": 0.5384615384615384, "f-measure": 0.7}, "DCASE2021-ML_521435.wav": {"precision": 0.6875, "recall": 0.5689655172413793, "f-measure": 0.6226415094339622}, "DCASE2021-ML_168236.wav": {"precision": 0.7431192660550459, "recall": 0.7363636363636363, "f-measure": 0.7397260273972602}, "DC11.wav": {"precision": 0.07142857142857142, "recall": 0.018518518518518517, "f-measure": 0.029411764705882353}, "DC10.wav": {"precision": 0.44761904761904764, "recall": 0.7642276422764228, "f-measure": 0.5645645645645646}, "DC12.wav": {"precision": 0.08, "recall": 0.046511627906976744, "f-measure": 0.058823529411764705}, "DC08.wav": {"precision": 0.78125, "recall": 0.5555555555555556, "f-measure": 0.6493506493506493}, "DC02.wav": {"precision": 0.3391304347826087, "recall": 0.2785714285714286, "f-measure": 0.3058823529411765}, "DC06.wav": {"precision": 0.11627906976744186, "recall": 0.15625, "f-measure": 0.13333333333333333}, "DC07.wav": {"precision": 0.7210526315789474, "recall": 0.5956521739130435, "f-measure": 0.6523809523809524}, "DC09.wav": {"precision": 0.16279069767441862, "recall": 0.5833333333333334, "f-measure": 0.2545454545454545}, "DC04.wav": {"precision": 0.14814814814814814, "recall": 0.3333333333333333, "f-measure": 0.20512820512820512}, "DC05.wav": {"precision": 0.14173228346456693, "recall": 0.4186046511627907, "f-measure": 0.21176470588235294}, "DC01.wav": {"precision": 0.6039603960396039, "recall": 0.580952380952381, "f-measure": 0.5922330097087378}, "DC03.wav": {"precision": 0.3157894736842105, "recall": 0.13432835820895522, "f-measure": 0.18848167539267016}, "ME2.wav": {"precision": 0.85, "recall": 0.4146341463414634, "f-measure": 0.5573770491803278}, "ME1.wav": {"precision": 0.20930232558139536, "recall": 0.8181818181818182, "f-measure": 0.3333333333333333}}}