{"set_name": "TEST", "report_date": "08122021_17_17_45", "overall_scores": {"precision": 0.596065851212436, "recall": 0.3434226181839287, "fmeasure (percentage)": 43.577}, "scores_per_subset": {"ML": {"precision": 0.9014778325123153, "recall": 0.190625, "f-measure": 0.31470335339638866}, "DC": {"precision": 0.470873786407767, "recall": 0.4566854990583804, "f-measure": 0.46367112810707456}, "ME": {"precision": 0.5555555555555556, "recall": 0.7692307692307693, "f-measure": 0.6451612903225806}}, "scores_per_audiofile": {"DCASE2021-ML_129696.wav": {"precision": 1.0, "recall": 0.013157894736842105, "f-measure": 0.025974025974025976}, "DCASE2021-ML_131369.wav": {"precision": 1.0, "recall": 0.025, "f-measure": 0.04878048780487805}, "DCASE2021-ML_131198.wav": {"precision": 1e-05, "recall": 1e-05, "f-measure": 1e-05}, "DCASE2021-ML_197045.wav": {"precision": 1.0, "recall": 0.28378378378378377, "f-measure": 0.4421052631578947}, "DCASE2021-ML_126376.wav": {"precision": 1.0, "recall": 0.1702127659574468, "f-measure": 0.2909090909090909}, "DCASE2021-ML_191491.wav": {"precision": 1.0, "recall": 0.5555555555555556, "f-measure": 0.7142857142857143}, "DCASE2021-ML_37045.wav": {"precision": 1.0, "recall": 0.08333333333333333, "f-measure": 0.15384615384615385}, "DCASE2021-ML_176488.wav": {"precision": 1.0, "recall": 0.2222222222222222, "f-measure": 0.36363636363636365}, "DCASE2021-ML_40509.wav": {"precision": 1.0, "recall": 0.04878048780487805, "f-measure": 0.09302325581395349}, "DCASE2021-ML_268995.wav": {"precision": 1.0, "recall": 0.1, "f-measure": 0.18181818181818182}, "DCASE2021-ML_190099.wav": {"precision": 0.9230769230769231, "recall": 0.8, "f-measure": 0.8571428571428571}, "DCASE2021-ML_89792.wav": {"precision": 0.8235294117647058, "recall": 0.4827586206896552, "f-measure": 0.6086956521739131}, "DCASE2021-ML_72010931.wav": {"precision": 1.0, "recall": 0.2033898305084746, "f-measure": 0.3380281690140845}, "DCASE2021-ML_273164.wav": {"precision": 1e-05, "recall": 1e-05, "f-measure": 1e-05}, "DCASE2021-ML_53963.wav": {"precision": 1.0, "recall": 0.05128205128205128, "f-measure": 0.0975609756097561}, "DCASE2021-ML_521435.wav": {"precision": 0.8461538461538461, "recall": 0.7586206896551724, "f-measure": 0.8}, "DCASE2021-ML_168236.wav": {"precision": 0.8431372549019608, "recall": 0.39090909090909093, "f-measure": 0.5341614906832298}, "DC11.wav": {"precision": 0.16326530612244897, "recall": 0.4444444444444444, "f-measure": 0.23880597014925373}, "DC10.wav": {"precision": 0.39215686274509803, "recall": 0.4878048780487805, "f-measure": 0.43478260869565216}, "DC12.wav": {"precision": 0.3050847457627119, "recall": 0.4186046511627907, "f-measure": 0.35294117647058826}, "DC08.wav": {"precision": 0.9545454545454546, "recall": 0.9333333333333333, "f-measure": 0.9438202247191011}, "DC02.wav": {"precision": 0.3508771929824561, "recall": 0.14285714285714285, "f-measure": 0.20304568527918782}, "DC06.wav": {"precision": 0.0851063829787234, "recall": 0.0625, "f-measure": 0.07207207207207207}, "DC07.wav": {"precision": 0.7531380753138075, "recall": 0.782608695652174, "f-measure": 0.767590618336887}, "DC09.wav": {"precision": 0.14893617021276595, "recall": 0.5833333333333334, "f-measure": 0.23728813559322035}, "DC04.wav": {"precision": 0.1, "recall": 0.041666666666666664, "f-measure": 0.058823529411764705}, "DC05.wav": {"precision": 0.2112676056338028, "recall": 0.3488372093023256, "f-measure": 0.2631578947368421}, "DC01.wav": {"precision": 0.821917808219178, "recall": 0.5714285714285714, "f-measure": 0.6741573033707865}, "DC03.wav": {"precision": 0.3076923076923077, "recall": 0.08955223880597014, "f-measure": 0.13872832369942195}, "ME2.wav": {"precision": 0.8823529411764706, "recall": 0.7317073170731707, "f-measure": 0.8}, "ME1.wav": {"precision": 0.2631578947368421, "recall": 0.9090909090909091, "f-measure": 0.40816326530612246}}}