{"set_name": "TEST", "report_date": "08122021_23_35_47", "overall_scores": {"precision": 0.5832254285361943, "recall": 0.34126373262938886, "fmeasure (percentage)": 43.058}, "scores_per_subset": {"ML": {"precision": 0.8867924528301887, "recall": 0.19583333333333333, "f-measure": 0.32081911262798635}, "DC": {"precision": 0.46938775510204084, "recall": 0.4548022598870056, "f-measure": 0.4619799139167862}, "ME": {"precision": 0.5303030303030303, "recall": 0.6730769230769231, "f-measure": 0.5932203389830508}}, "scores_per_audiofile": {"DCASE2021-ML_129696.wav": {"precision": 0.75, "recall": 0.039473684210526314, "f-measure": 0.075}, "DCASE2021-ML_131369.wav": {"precision": 1.0, "recall": 0.2, "f-measure": 0.3333333333333333}, "DCASE2021-ML_131198.wav": {"precision": 1e-05, "recall": 1e-05, "f-measure": 1e-05}, "DCASE2021-ML_197045.wav": {"precision": 1.0, "recall": 0.14864864864864866, "f-measure": 0.25882352941176473}, "DCASE2021-ML_126376.wav": {"precision": 0.9411764705882353, "recall": 0.1702127659574468, "f-measure": 0.2882882882882883}, "DCASE2021-ML_191491.wav": {"precision": 1.0, "recall": 0.6666666666666666, "f-measure": 0.8}, "DCASE2021-ML_37045.wav": {"precision": 1.0, "recall": 0.08333333333333333, "f-measure": 0.15384615384615385}, "DCASE2021-ML_176488.wav": {"precision": 1.0, "recall": 0.2222222222222222, "f-measure": 0.36363636363636365}, "DCASE2021-ML_40509.wav": {"precision": 1.0, "recall": 0.04878048780487805, "f-measure": 0.09302325581395349}, "DCASE2021-ML_268995.wav": {"precision": 0.5, "recall": 0.1, "f-measure": 0.16666666666666666}, "DCASE2021-ML_190099.wav": {"precision": 0.8333333333333334, "recall": 1.0, "f-measure": 0.9090909090909091}, "DCASE2021-ML_89792.wav": {"precision": 1.0, "recall": 0.6551724137931034, "f-measure": 0.7916666666666666}, "DCASE2021-ML_72010931.wav": {"precision": 1.0, "recall": 0.2542372881355932, "f-measure": 0.40540540540540543}, "DCASE2021-ML_273164.wav": {"precision": 1e-05, "recall": 1e-05, "f-measure": 1e-05}, "DCASE2021-ML_53963.wav": {"precision": 1.0, "recall": 0.11538461538461539, "f-measure": 0.20689655172413793}, "DCASE2021-ML_521435.wav": {"precision": 0.6428571428571429, "recall": 0.3103448275862069, "f-measure": 0.4186046511627907}, "DCASE2021-ML_168236.wav": {"precision": 0.8787878787878788, "recall": 0.5272727272727272, "f-measure": 0.6590909090909091}, "DC11.wav": {"precision": 0.12903225806451613, "recall": 0.14814814814814814, "f-measure": 0.13793103448275862}, "DC10.wav": {"precision": 0.4222222222222222, "recall": 0.7723577235772358, "f-measure": 0.5459770114942529}, "DC12.wav": {"precision": 0.29411764705882354, "recall": 0.3488372093023256, "f-measure": 0.3191489361702128}, "DC08.wav": {"precision": 0.8695652173913043, "recall": 0.8888888888888888, "f-measure": 0.8791208791208791}, "DC02.wav": {"precision": 0.3333333333333333, "recall": 0.15714285714285714, "f-measure": 0.21359223300970873}, "DC06.wav": {"precision": 0.11864406779661017, "recall": 0.109375, "f-measure": 0.11382113821138211}, "DC07.wav": {"precision": 0.7420814479638009, "recall": 0.7130434782608696, "f-measure": 0.7272727272727273}, "DC09.wav": {"precision": 0.16279069767441862, "recall": 0.5833333333333334, "f-measure": 0.2545454545454545}, "DC04.wav": {"precision": 0.17391304347826086, "recall": 0.16666666666666666, "f-measure": 0.1702127659574468}, "DC05.wav": {"precision": 0.1951219512195122, "recall": 0.37209302325581395, "f-measure": 0.256}, "DC01.wav": {"precision": 0.7941176470588235, "recall": 0.5142857142857142, "f-measure": 0.6242774566473989}, "DC03.wav": {"precision": 0.2972972972972973, "recall": 0.08208955223880597, "f-measure": 0.1286549707602339}, "ME2.wav": {"precision": 0.9285714285714286, "recall": 0.6341463414634146, "f-measure": 0.7536231884057971}, "ME1.wav": {"precision": 0.23684210526315788, "recall": 0.8181818181818182, "f-measure": 0.3673469387755102}}}