{"set_name": "TEST", "report_date": "08122021_15_32_39", "overall_scores": {"precision": 0.5550059550372696, "recall": 0.3693732861983401, "fmeasure (percentage)": 44.355}, "scores_per_subset": {"ML": {"precision": 0.8385964912280702, "recall": 0.25157894736842107, "f-measure": 0.38704453441295544}, "DC": {"precision": 0.4386839481555334, "recall": 0.4143126177024482, "f-measure": 0.4261501210653753}, "ME": {"precision": 0.5172413793103449, "recall": 0.5769230769230769, "f-measure": 0.5454545454545454}}, "scores_per_audiofile": {"DCASE2021-ML_129696.wav": {"precision": 1.0, "recall": 0.013157894736842105, "f-measure": 0.025974025974025976}, "DCASE2021-ML_131369.wav": {"precision": 0.875, "recall": 0.175, "f-measure": 0.2916666666666667}, "DCASE2021-ML_131198.wav": {"precision": 1.0, "recall": 0.5, "f-measure": 0.6666666666666666}, "DCASE2021-ML_197045.wav": {"precision": 0.8888888888888888, "recall": 0.10810810810810811, "f-measure": 0.1927710843373494}, "DCASE2021-ML_126376.wav": {"precision": 0.9, "recall": 0.2872340425531915, "f-measure": 0.43548387096774194}, "DCASE2021-ML_191491.wav": {"precision": 0.8333333333333334, "recall": 0.5555555555555556, "f-measure": 0.6666666666666666}, "DCASE2021-ML_37045.wav": {"precision": 1.0, "recall": 0.3333333333333333, "f-measure": 0.5}, "DCASE2021-ML_176488.wav": {"precision": 1.0, "recall": 0.3333333333333333, "f-measure": 0.5}, "DCASE2021-ML_40509.wav": {"precision": 1.0, "recall": 0.06504065040650407, "f-measure": 0.12213740458015267}, "DCASE2021-ML_268995.wav": {"precision": 0.5, "recall": 0.1, "f-measure": 0.16666666666666666}, "DCASE2021-ML_190099.wav": {"precision": 0.7, "recall": 0.9333333333333333, "f-measure": 0.8}, "DCASE2021-ML_89792.wav": {"precision": 0.8518518518518519, "recall": 0.7931034482758621, "f-measure": 0.8214285714285714}, "DCASE2021-ML_72010931.wav": {"precision": 1.0, "recall": 0.3220338983050847, "f-measure": 0.48717948717948717}, "DCASE2021-ML_273164.wav": {"precision": 1.0, "recall": 0.006666666666666667, "f-measure": 0.013245033112582781}, "DCASE2021-ML_53963.wav": {"precision": 1.0, "recall": 0.24358974358974358, "f-measure": 0.3917525773195876}, "DCASE2021-ML_521435.wav": {"precision": 0.6666666666666666, "recall": 0.4827586206896552, "f-measure": 0.56}, "DCASE2021-ML_168236.wav": {"precision": 0.8214285714285714, "recall": 0.6272727272727273, "f-measure": 0.711340206185567}, "DC11.wav": {"precision": 0.06451612903225806, "recall": 0.037037037037037035, "f-measure": 0.047058823529411764}, "DC10.wav": {"precision": 0.4326923076923077, "recall": 0.7317073170731707, "f-measure": 0.5438066465256798}, "DC12.wav": {"precision": 0.16666666666666666, "recall": 0.11627906976744186, "f-measure": 0.136986301369863}, "DC08.wav": {"precision": 0.7976190476190477, "recall": 0.7444444444444445, "f-measure": 0.7701149425287356}, "DC02.wav": {"precision": 0.3, "recall": 0.17142857142857143, "f-measure": 0.21818181818181817}, "DC06.wav": {"precision": 0.1, "recall": 0.109375, "f-measure": 0.1044776119402985}, "DC07.wav": {"precision": 0.7258883248730964, "recall": 0.6217391304347826, "f-measure": 0.6697892271662763}, "DC09.wav": {"precision": 0.1590909090909091, "recall": 0.5833333333333334, "f-measure": 0.25}, "DC04.wav": {"precision": 0.22857142857142856, "recall": 0.3333333333333333, "f-measure": 0.2711864406779661}, "DC05.wav": {"precision": 0.19047619047619047, "recall": 0.46511627906976744, "f-measure": 0.2702702702702703}, "DC01.wav": {"precision": 0.7123287671232876, "recall": 0.49523809523809526, "f-measure": 0.5842696629213483}, "DC03.wav": {"precision": 0.32608695652173914, "recall": 0.11194029850746269, "f-measure": 0.16666666666666666}, "ME2.wav": {"precision": 0.9090909090909091, "recall": 0.4878048780487805, "f-measure": 0.6349206349206349}, "ME1.wav": {"precision": 0.2777777777777778, "recall": 0.9090909090909091, "f-measure": 0.425531914893617}}}