{"set_name": "TEST", "report_date": "08122021_21_21_54", "overall_scores": {"precision": 0.5525573051295993, "recall": 0.3597489289628375, "fmeasure (percentage)": 43.578}, "scores_per_subset": {"ML": {"precision": 0.851985559566787, "recall": 0.24842105263157896, "f-measure": 0.38467807660961695}, "DC": {"precision": 0.459, "recall": 0.4322033898305085, "f-measure": 0.4451988360814743}, "ME": {"precision": 0.48148148148148145, "recall": 0.5, "f-measure": 0.49056603773584906}}, "scores_per_audiofile": {"DCASE2021-ML_129696.wav": {"precision": 1.0, "recall": 0.039473684210526314, "f-measure": 0.0759493670886076}, "DCASE2021-ML_131369.wav": {"precision": 1.0, "recall": 0.175, "f-measure": 0.2978723404255319}, "DCASE2021-ML_131198.wav": {"precision": 1.0, "recall": 0.5, "f-measure": 0.6666666666666666}, "DCASE2021-ML_197045.wav": {"precision": 1.0, "recall": 0.10810810810810811, "f-measure": 0.1951219512195122}, "DCASE2021-ML_126376.wav": {"precision": 0.9615384615384616, "recall": 0.26595744680851063, "f-measure": 0.4166666666666667}, "DCASE2021-ML_191491.wav": {"precision": 0.875, "recall": 0.7777777777777778, "f-measure": 0.8235294117647058}, "DCASE2021-ML_37045.wav": {"precision": 1.0, "recall": 0.16666666666666666, "f-measure": 0.2857142857142857}, "DCASE2021-ML_176488.wav": {"precision": 1.0, "recall": 0.3333333333333333, "f-measure": 0.5}, "DCASE2021-ML_40509.wav": {"precision": 1.0, "recall": 0.056910569105691054, "f-measure": 0.1076923076923077}, "DCASE2021-ML_268995.wav": {"precision": 0.6666666666666666, "recall": 0.2, "f-measure": 0.3076923076923077}, "DCASE2021-ML_190099.wav": {"precision": 0.7368421052631579, "recall": 0.9333333333333333, "f-measure": 0.8235294117647058}, "DCASE2021-ML_89792.wav": {"precision": 1.0, "recall": 0.6896551724137931, "f-measure": 0.8163265306122449}, "DCASE2021-ML_72010931.wav": {"precision": 1.0, "recall": 0.2711864406779661, "f-measure": 0.4266666666666667}, "DCASE2021-ML_273164.wav": {"precision": 1.0, "recall": 0.006666666666666667, "f-measure": 0.013245033112582781}, "DCASE2021-ML_53963.wav": {"precision": 1.0, "recall": 0.28205128205128205, "f-measure": 0.44}, "DCASE2021-ML_521435.wav": {"precision": 0.717948717948718, "recall": 0.4827586206896552, "f-measure": 0.5773195876288659}, "DCASE2021-ML_168236.wav": {"precision": 0.7582417582417582, "recall": 0.6272727272727273, "f-measure": 0.6865671641791045}, "DC11.wav": {"precision": 0.0625, "recall": 0.037037037037037035, "f-measure": 0.046511627906976744}, "DC10.wav": {"precision": 0.43243243243243246, "recall": 0.7804878048780488, "f-measure": 0.5565217391304348}, "DC12.wav": {"precision": 0.3, "recall": 0.27906976744186046, "f-measure": 0.2891566265060241}, "DC08.wav": {"precision": 0.8390804597701149, "recall": 0.8111111111111111, "f-measure": 0.8248587570621468}, "DC02.wav": {"precision": 0.3384615384615385, "recall": 0.15714285714285714, "f-measure": 0.2146341463414634}, "DC06.wav": {"precision": 0.10144927536231885, "recall": 0.109375, "f-measure": 0.10526315789473684}, "DC07.wav": {"precision": 0.7376237623762376, "recall": 0.6478260869565218, "f-measure": 0.6898148148148148}, "DC09.wav": {"precision": 0.15217391304347827, "recall": 0.5833333333333334, "f-measure": 0.2413793103448276}, "DC04.wav": {"precision": 0.2413793103448276, "recall": 0.2916666666666667, "f-measure": 0.2641509433962264}, "DC05.wav": {"precision": 0.19318181818181818, "recall": 0.3953488372093023, "f-measure": 0.2595419847328244}, "DC01.wav": {"precision": 0.6842105263157895, "recall": 0.49523809523809526, "f-measure": 0.574585635359116}, "DC03.wav": {"precision": 0.3409090909090909, "recall": 0.11194029850746269, "f-measure": 0.16853932584269662}, "ME2.wav": {"precision": 0.8888888888888888, "recall": 0.3902439024390244, "f-measure": 0.5423728813559322}, "ME1.wav": {"precision": 0.2777777777777778, "recall": 0.9090909090909091, "f-measure": 0.425531914893617}}}