{"set_name": "TEST", "report_date": "08122021_19_35_41", "overall_scores": {"precision": 0.6327627310076944, "recall": 0.37932053113262443, "fmeasure (percentage)": 47.431}, "scores_per_subset": {"ML": {"precision": 0.9242902208201893, "recall": 0.30842105263157893, "f-measure": 0.46250986582478293}, "DC": {"precision": 0.5201938610662359, "recall": 0.3032015065913371, "f-measure": 0.38310529446757885}, "ME": {"precision": 0.5757575757575758, "recall": 0.7307692307692307, "f-measure": 0.6440677966101694}}, "scores_per_audiofile": {"DCASE2021-ML_129696.wav": {"precision": 1.0, "recall": 0.15789473684210525, "f-measure": 0.2727272727272727}, "DCASE2021-ML_131369.wav": {"precision": 0.9166666666666666, "recall": 0.275, "f-measure": 0.4230769230769231}, "DCASE2021-ML_131198.wav": {"precision": 0.4444444444444444, "recall": 1.0, "f-measure": 0.6153846153846154}, "DCASE2021-ML_197045.wav": {"precision": 1.0, "recall": 0.7297297297297297, "f-measure": 0.84375}, "DCASE2021-ML_126376.wav": {"precision": 1.0, "recall": 0.1702127659574468, "f-measure": 0.2909090909090909}, "DCASE2021-ML_191491.wav": {"precision": 1.0, "recall": 0.4444444444444444, "f-measure": 0.6153846153846154}, "DCASE2021-ML_37045.wav": {"precision": 0.9166666666666666, "recall": 0.9166666666666666, "f-measure": 0.9166666666666666}, "DCASE2021-ML_176488.wav": {"precision": 1.0, "recall": 0.2222222222222222, "f-measure": 0.36363636363636365}, "DCASE2021-ML_40509.wav": {"precision": 1.0, "recall": 0.0975609756097561, "f-measure": 0.17777777777777778}, "DCASE2021-ML_268995.wav": {"precision": 1.0, "recall": 1.0, "f-measure": 1.0}, "DCASE2021-ML_190099.wav": {"precision": 1.0, "recall": 0.6666666666666666, "f-measure": 0.8}, "DCASE2021-ML_89792.wav": {"precision": 1.0, "recall": 0.9655172413793104, "f-measure": 0.9824561403508771}, "DCASE2021-ML_72010931.wav": {"precision": 1.0, "recall": 0.1016949152542373, "f-measure": 0.18461538461538463}, "DCASE2021-ML_273164.wav": {"precision": 1.0, "recall": 0.006666666666666667, "f-measure": 0.013245033112582781}, "DCASE2021-ML_53963.wav": {"precision": 1.0, "recall": 0.10256410256410256, "f-measure": 0.18604651162790697}, "DCASE2021-ML_521435.wav": {"precision": 0.8809523809523809, "recall": 0.6379310344827587, "f-measure": 0.74}, "DCASE2021-ML_168236.wav": {"precision": 0.8481012658227848, "recall": 0.6090909090909091, "f-measure": 0.708994708994709}, "DC11.wav": {"precision": 0.1, "recall": 0.2037037037037037, "f-measure": 0.13414634146341464}, "DC10.wav": {"precision": 0.4897959183673469, "recall": 0.1951219512195122, "f-measure": 0.27906976744186046}, "DC12.wav": {"precision": 1e-05, "recall": 1e-05, "f-measure": 1e-05}, "DC08.wav": {"precision": 0.9803921568627451, "recall": 0.5555555555555556, "f-measure": 0.7092198581560284}, "DC02.wav": {"precision": 0.5172413793103449, "recall": 0.10714285714285714, "f-measure": 0.17751479289940827}, "DC06.wav": {"precision": 0.058823529411764705, "recall": 0.03125, "f-measure": 0.04081632653061224}, "DC07.wav": {"precision": 0.8700564971751412, "recall": 0.6695652173913044, "f-measure": 0.7567567567567568}, "DC09.wav": {"precision": 0.1724137931034483, "recall": 0.4166666666666667, "f-measure": 0.24390243902439024}, "DC04.wav": {"precision": 1e-05, "recall": 1e-05, "f-measure": 1e-05}, "DC05.wav": {"precision": 0.2708333333333333, "recall": 0.3023255813953488, "f-measure": 0.2857142857142857}, "DC01.wav": {"precision": 0.8809523809523809, "recall": 0.3523809523809524, "f-measure": 0.5034013605442177}, "DC03.wav": {"precision": 0.2972972972972973, "recall": 0.08208955223880597, "f-measure": 0.1286549707602339}, "ME2.wav": {"precision": 0.8484848484848485, "recall": 0.6829268292682927, "f-measure": 0.7567567567567568}, "ME1.wav": {"precision": 0.30303030303030304, "recall": 0.9090909090909091, "f-measure": 0.45454545454545453}}}