{"set_name": "TEST", "report_date": "08122021_10_51_03", "overall_scores": {"precision": 0.6371924001399576, "recall": 0.38529236523725197, "fmeasure (percentage)": 48.021}, "scores_per_subset": {"ML": {"precision": 0.9177215189873418, "recall": 0.30526315789473685, "f-measure": 0.45813586097946285}, "DC": {"precision": 0.5314465408805031, "recall": 0.3182674199623352, "f-measure": 0.39811542991755006}, "ME": {"precision": 0.5757575757575758, "recall": 0.7307692307692307, "f-measure": 0.6440677966101694}}, "scores_per_audiofile": {"DCASE2021-ML_129696.wav": {"precision": 1.0, "recall": 0.15789473684210525, "f-measure": 0.2727272727272727}, "DCASE2021-ML_131369.wav": {"precision": 0.9375, "recall": 0.375, "f-measure": 0.5357142857142857}, "DCASE2021-ML_131198.wav": {"precision": 0.375, "recall": 0.75, "f-measure": 0.5}, "DCASE2021-ML_197045.wav": {"precision": 1.0, "recall": 0.7162162162162162, "f-measure": 0.8346456692913385}, "DCASE2021-ML_126376.wav": {"precision": 1.0, "recall": 0.11702127659574468, "f-measure": 0.20952380952380953}, "DCASE2021-ML_191491.wav": {"precision": 1.0, "recall": 0.4444444444444444, "f-measure": 0.6153846153846154}, "DCASE2021-ML_37045.wav": {"precision": 0.9166666666666666, "recall": 0.9166666666666666, "f-measure": 0.9166666666666666}, "DCASE2021-ML_176488.wav": {"precision": 1.0, "recall": 0.3333333333333333, "f-measure": 0.5}, "DCASE2021-ML_40509.wav": {"precision": 1.0, "recall": 0.11382113821138211, "f-measure": 0.20437956204379562}, "DCASE2021-ML_268995.wav": {"precision": 1.0, "recall": 1.0, "f-measure": 1.0}, "DCASE2021-ML_190099.wav": {"precision": 0.9, "recall": 0.6, "f-measure": 0.72}, "DCASE2021-ML_89792.wav": {"precision": 1.0, "recall": 0.9655172413793104, "f-measure": 0.9824561403508771}, "DCASE2021-ML_72010931.wav": {"precision": 1.0, "recall": 0.11864406779661017, "f-measure": 0.21212121212121213}, "DCASE2021-ML_273164.wav": {"precision": 1.0, "recall": 0.006666666666666667, "f-measure": 0.013245033112582781}, "DCASE2021-ML_53963.wav": {"precision": 1.0, "recall": 0.10256410256410256, "f-measure": 0.18604651162790697}, "DCASE2021-ML_521435.wav": {"precision": 0.8837209302325582, "recall": 0.6551724137931034, "f-measure": 0.7524752475247525}, "DCASE2021-ML_168236.wav": {"precision": 0.8289473684210527, "recall": 0.5727272727272728, "f-measure": 0.6774193548387096}, "DC11.wav": {"precision": 0.1111111111111111, "recall": 0.2222222222222222, "f-measure": 0.14814814814814814}, "DC10.wav": {"precision": 0.4807692307692308, "recall": 0.2032520325203252, "f-measure": 0.2857142857142857}, "DC12.wav": {"precision": 1e-05, "recall": 1e-05, "f-measure": 1e-05}, "DC08.wav": {"precision": 1.0, "recall": 0.5444444444444444, "f-measure": 0.7050359712230215}, "DC02.wav": {"precision": 0.5625, "recall": 0.12857142857142856, "f-measure": 0.20930232558139536}, "DC06.wav": {"precision": 0.05714285714285714, "recall": 0.03125, "f-measure": 0.04040404040404041}, "DC07.wav": {"precision": 0.8823529411764706, "recall": 0.717391304347826, "f-measure": 0.7913669064748201}, "DC09.wav": {"precision": 0.1724137931034483, "recall": 0.4166666666666667, "f-measure": 0.24390243902439024}, "DC04.wav": {"precision": 1e-05, "recall": 1e-05, "f-measure": 1e-05}, "DC05.wav": {"precision": 0.24489795918367346, "recall": 0.27906976744186046, "f-measure": 0.2608695652173913}, "DC01.wav": {"precision": 0.8863636363636364, "recall": 0.37142857142857144, "f-measure": 0.5234899328859061}, "DC03.wav": {"precision": 0.2894736842105263, "recall": 0.08208955223880597, "f-measure": 0.12790697674418605}, "ME2.wav": {"precision": 0.8235294117647058, "recall": 0.6829268292682927, "f-measure": 0.7466666666666667}, "ME1.wav": {"precision": 0.3125, "recall": 0.9090909090909091, "f-measure": 0.46511627906976744}}}