{"set_name": "TEST", "report_date": "08122021_14_04_25", "overall_scores": {"precision": 0.6353210467942517, "recall": 0.3779381956393661, "fmeasure (percentage)": 47.394}, "scores_per_subset": {"ML": {"precision": 0.9285714285714286, "recall": 0.30105263157894735, "f-measure": 0.4546899841017488}, "DC": {"precision": 0.5240384615384616, "recall": 0.307909604519774, "f-measure": 0.3879003558718861}, "ME": {"precision": 0.5757575757575758, "recall": 0.7307692307692307, "f-measure": 0.6440677966101694}}, "scores_per_audiofile": {"DCASE2021-ML_129696.wav": {"precision": 1.0, "recall": 0.13157894736842105, "f-measure": 0.23255813953488372}, "DCASE2021-ML_131369.wav": {"precision": 0.9333333333333333, "recall": 0.35, "f-measure": 0.509090909090909}, "DCASE2021-ML_131198.wav": {"precision": 0.2857142857142857, "recall": 0.5, "f-measure": 0.36363636363636365}, "DCASE2021-ML_197045.wav": {"precision": 1.0, "recall": 0.6486486486486487, "f-measure": 0.7868852459016393}, "DCASE2021-ML_126376.wav": {"precision": 1.0, "recall": 0.20212765957446807, "f-measure": 0.336283185840708}, "DCASE2021-ML_191491.wav": {"precision": 1.0, "recall": 0.4444444444444444, "f-measure": 0.6153846153846154}, "DCASE2021-ML_37045.wav": {"precision": 0.9166666666666666, "recall": 0.9166666666666666, "f-measure": 0.9166666666666666}, "DCASE2021-ML_176488.wav": {"precision": 1.0, "recall": 0.3333333333333333, "f-measure": 0.5}, "DCASE2021-ML_40509.wav": {"precision": 1.0, "recall": 0.10569105691056911, "f-measure": 0.19117647058823528}, "DCASE2021-ML_268995.wav": {"precision": 1.0, "recall": 1.0, "f-measure": 1.0}, "DCASE2021-ML_190099.wav": {"precision": 1.0, "recall": 0.6, "f-measure": 0.75}, "DCASE2021-ML_89792.wav": {"precision": 1.0, "recall": 0.9655172413793104, "f-measure": 0.9824561403508771}, "DCASE2021-ML_72010931.wav": {"precision": 1.0, "recall": 0.0847457627118644, "f-measure": 0.15625}, "DCASE2021-ML_273164.wav": {"precision": 1.0, "recall": 0.006666666666666667, "f-measure": 0.013245033112582781}, "DCASE2021-ML_53963.wav": {"precision": 1.0, "recall": 0.07692307692307693, "f-measure": 0.14285714285714285}, "DCASE2021-ML_521435.wav": {"precision": 0.8809523809523809, "recall": 0.6379310344827587, "f-measure": 0.74}, "DCASE2021-ML_168236.wav": {"precision": 0.868421052631579, "recall": 0.6, "f-measure": 0.7096774193548387}, "DC11.wav": {"precision": 0.08490566037735849, "recall": 0.16666666666666666, "f-measure": 0.1125}, "DC10.wav": {"precision": 0.4583333333333333, "recall": 0.17886178861788618, "f-measure": 0.2573099415204678}, "DC12.wav": {"precision": 1e-05, "recall": 1e-05, "f-measure": 1e-05}, "DC08.wav": {"precision": 0.9818181818181818, "recall": 0.6, "f-measure": 0.7448275862068966}, "DC02.wav": {"precision": 0.5333333333333333, "recall": 0.11428571428571428, "f-measure": 0.18823529411764706}, "DC06.wav": {"precision": 0.06451612903225806, "recall": 0.03125, "f-measure": 0.042105263157894736}, "DC07.wav": {"precision": 0.856353591160221, "recall": 0.6739130434782609, "f-measure": 0.754257907542579}, "DC09.wav": {"precision": 0.18518518518518517, "recall": 0.4166666666666667, "f-measure": 0.2564102564102564}, "DC04.wav": {"precision": 1e-05, "recall": 1e-05, "f-measure": 1e-05}, "DC05.wav": {"precision": 0.2708333333333333, "recall": 0.3023255813953488, "f-measure": 0.2857142857142857}, "DC01.wav": {"precision": 0.8333333333333334, "recall": 0.38095238095238093, "f-measure": 0.5228758169934641}, "DC03.wav": {"precision": 0.3055555555555556, "recall": 0.08208955223880597, "f-measure": 0.12941176470588237}, "ME2.wav": {"precision": 0.8235294117647058, "recall": 0.6829268292682927, "f-measure": 0.7466666666666667}, "ME1.wav": {"precision": 0.3125, "recall": 0.9090909090909091, "f-measure": 0.46511627906976744}}}