{"set_name": "TEST", "report_date": "08122021_17_55_46", "overall_scores": {"precision": 0.5883619436917146, "recall": 0.357841858147408, "fmeasure (percentage)": 44.502}, "scores_per_subset": {"ML": {"precision": 0.9074074074074074, "recall": 0.2063157894736842, "f-measure": 0.3361921097770154}, "DC": {"precision": 0.45948522402287895, "recall": 0.4538606403013183, "f-measure": 0.45665561345333966}, "ME": {"precision": 0.5492957746478874, "recall": 0.75, "f-measure": 0.6341463414634146}}, "scores_per_audiofile": {"DCASE2021-ML_129696.wav": {"precision": 1.0, "recall": 0.013157894736842105, "f-measure": 0.025974025974025976}, "DCASE2021-ML_131369.wav": {"precision": 1.0, "recall": 0.025, "f-measure": 0.04878048780487805}, "DCASE2021-ML_131198.wav": {"precision": 1.0, "recall": 1.0, "f-measure": 1.0}, "DCASE2021-ML_197045.wav": {"precision": 1.0, "recall": 0.35135135135135137, "f-measure": 0.52}, "DCASE2021-ML_126376.wav": {"precision": 1.0, "recall": 0.1702127659574468, "f-measure": 0.2909090909090909}, "DCASE2021-ML_191491.wav": {"precision": 1.0, "recall": 0.6666666666666666, "f-measure": 0.8}, "DCASE2021-ML_37045.wav": {"precision": 1.0, "recall": 0.08333333333333333, "f-measure": 0.15384615384615385}, "DCASE2021-ML_176488.wav": {"precision": 1.0, "recall": 0.2222222222222222, "f-measure": 0.36363636363636365}, "DCASE2021-ML_40509.wav": {"precision": 1.0, "recall": 0.04878048780487805, "f-measure": 0.09302325581395349}, "DCASE2021-ML_268995.wav": {"precision": 1.0, "recall": 0.2, "f-measure": 0.3333333333333333}, "DCASE2021-ML_190099.wav": {"precision": 0.8571428571428571, "recall": 0.8, "f-measure": 0.8275862068965517}, "DCASE2021-ML_89792.wav": {"precision": 0.875, "recall": 0.4827586206896552, "f-measure": 0.6222222222222222}, "DCASE2021-ML_72010931.wav": {"precision": 1.0, "recall": 0.1864406779661017, "f-measure": 0.3142857142857143}, "DCASE2021-ML_273164.wav": {"precision": 1.0, "recall": 0.006666666666666667, "f-measure": 0.013245033112582781}, "DCASE2021-ML_53963.wav": {"precision": 1.0, "recall": 0.1282051282051282, "f-measure": 0.22727272727272727}, "DCASE2021-ML_521435.wav": {"precision": 0.8222222222222222, "recall": 0.6379310344827587, "f-measure": 0.7184466019417476}, "DCASE2021-ML_168236.wav": {"precision": 0.8518518518518519, "recall": 0.41818181818181815, "f-measure": 0.5609756097560976}, "DC11.wav": {"precision": 0.15789473684210525, "recall": 0.4444444444444444, "f-measure": 0.23300970873786409}, "DC10.wav": {"precision": 0.3576158940397351, "recall": 0.43902439024390244, "f-measure": 0.39416058394160586}, "DC12.wav": {"precision": 0.3050847457627119, "recall": 0.4186046511627907, "f-measure": 0.35294117647058826}, "DC08.wav": {"precision": 0.9545454545454546, "recall": 0.9333333333333333, "f-measure": 0.9438202247191011}, "DC02.wav": {"precision": 0.375, "recall": 0.15, "f-measure": 0.21428571428571427}, "DC06.wav": {"precision": 0.0851063829787234, "recall": 0.0625, "f-measure": 0.07207207207207207}, "DC07.wav": {"precision": 0.7530864197530864, "recall": 0.7956521739130434, "f-measure": 0.773784355179704}, "DC09.wav": {"precision": 0.14, "recall": 0.5833333333333334, "f-measure": 0.22580645161290322}, "DC04.wav": {"precision": 0.10526315789473684, "recall": 0.08333333333333333, "f-measure": 0.09302325581395349}, "DC05.wav": {"precision": 0.2054794520547945, "recall": 0.3488372093023256, "f-measure": 0.25862068965517243}, "DC01.wav": {"precision": 0.8082191780821918, "recall": 0.5619047619047619, "f-measure": 0.6629213483146067}, "DC03.wav": {"precision": 0.2894736842105263, "recall": 0.08208955223880597, "f-measure": 0.12790697674418605}, "ME2.wav": {"precision": 0.8823529411764706, "recall": 0.7317073170731707, "f-measure": 0.8}, "ME1.wav": {"precision": 0.24324324324324326, "recall": 0.8181818181818182, "f-measure": 0.375}}}