{"set_name": "TEST", "report_date": "08122021_21_02_07", "overall_scores": {"precision": 0.5879650734649507, "recall": 0.3401419540361047, "fmeasure (percentage)": 43.097}, "scores_per_subset": {"ML": {"precision": 0.8598130841121495, "recall": 0.19267015706806281, "f-measure": 0.31479897348160824}, "DC": {"precision": 0.48118811881188117, "recall": 0.4576271186440678, "f-measure": 0.4691119691119691}, "ME": {"precision": 0.5373134328358209, "recall": 0.6923076923076923, "f-measure": 0.6050420168067226}}, "scores_per_audiofile": {"DCASE2021-ML_129696.wav": {"precision": 0.75, "recall": 0.039473684210526314, "f-measure": 0.075}, "DCASE2021-ML_131369.wav": {"precision": 1.0, "recall": 0.2, "f-measure": 0.3333333333333333}, "DCASE2021-ML_131198.wav": {"precision": 1.0, "recall": 0.75, "f-measure": 0.8571428571428571}, "DCASE2021-ML_197045.wav": {"precision": 1.0, "recall": 0.14864864864864866, "f-measure": 0.25882352941176473}, "DCASE2021-ML_126376.wav": {"precision": 0.9473684210526315, "recall": 0.19148936170212766, "f-measure": 0.3185840707964602}, "DCASE2021-ML_191491.wav": {"precision": 1.0, "recall": 0.6666666666666666, "f-measure": 0.8}, "DCASE2021-ML_37045.wav": {"precision": 1.0, "recall": 0.08333333333333333, "f-measure": 0.15384615384615385}, "DCASE2021-ML_176488.wav": {"precision": 1.0, "recall": 0.1111111111111111, "f-measure": 0.2}, "DCASE2021-ML_40509.wav": {"precision": 1.0, "recall": 0.04065040650406504, "f-measure": 0.078125}, "DCASE2021-ML_268995.wav": {"precision": 0.6666666666666666, "recall": 0.2, "f-measure": 0.3076923076923077}, "DCASE2021-ML_190099.wav": {"precision": 0.6666666666666666, "recall": 0.8, "f-measure": 0.7272727272727273}, "DCASE2021-ML_89792.wav": {"precision": 0.95, "recall": 0.6551724137931034, "f-measure": 0.7755102040816326}, "DCASE2021-ML_72010931.wav": {"precision": 1.0, "recall": 0.2033898305084746, "f-measure": 0.3380281690140845}, "DCASE2021-ML_273164.wav": {"precision": 1e-05, "recall": 1e-05, "f-measure": 1e-05}, "DCASE2021-ML_53963.wav": {"precision": 1.0, "recall": 0.1282051282051282, "f-measure": 0.22727272727272727}, "DCASE2021-ML_521435.wav": {"precision": 0.5769230769230769, "recall": 0.25862068965517243, "f-measure": 0.35714285714285715}, "DCASE2021-ML_168236.wav": {"precision": 0.8656716417910447, "recall": 0.5272727272727272, "f-measure": 0.655367231638418}, "DC11.wav": {"precision": 0.18181818181818182, "recall": 0.18518518518518517, "f-measure": 0.1834862385321101}, "DC10.wav": {"precision": 0.42792792792792794, "recall": 0.7723577235772358, "f-measure": 0.5507246376811594}, "DC12.wav": {"precision": 0.2692307692307692, "recall": 0.32558139534883723, "f-measure": 0.29473684210526313}, "DC08.wav": {"precision": 0.8791208791208791, "recall": 0.8888888888888888, "f-measure": 0.8839779005524862}, "DC02.wav": {"precision": 0.32786885245901637, "recall": 0.14285714285714285, "f-measure": 0.19900497512437812}, "DC06.wav": {"precision": 0.11475409836065574, "recall": 0.109375, "f-measure": 0.112}, "DC07.wav": {"precision": 0.7522935779816514, "recall": 0.7130434782608696, "f-measure": 0.7321428571428571}, "DC09.wav": {"precision": 0.14285714285714285, "recall": 0.5, "f-measure": 0.2222222222222222}, "DC04.wav": {"precision": 0.21739130434782608, "recall": 0.20833333333333334, "f-measure": 0.2127659574468085}, "DC05.wav": {"precision": 0.21518987341772153, "recall": 0.3953488372093023, "f-measure": 0.2786885245901639}, "DC01.wav": {"precision": 0.8235294117647058, "recall": 0.5333333333333333, "f-measure": 0.6473988439306358}, "DC03.wav": {"precision": 0.3157894736842105, "recall": 0.08955223880597014, "f-measure": 0.13953488372093023}, "ME2.wav": {"precision": 0.9, "recall": 0.6585365853658537, "f-measure": 0.7605633802816901}, "ME1.wav": {"precision": 0.24324324324324326, "recall": 0.8181818181818182, "f-measure": 0.375}}}