{"set_name": "TEST", "report_date": "08122021_13_08_26", "overall_scores": {"precision": 0.5375447284299192, "recall": 0.4019716621338552, "fmeasure (percentage)": 45.998}, "scores_per_subset": {"ML": {"precision": 0.8419452887537994, "recall": 0.29157894736842105, "f-measure": 0.4331508991399531}, "DC": {"precision": 0.44340505144995324, "recall": 0.4463276836158192, "f-measure": 0.44486156733927734}, "ME": {"precision": 0.46774193548387094, "recall": 0.5576923076923077, "f-measure": 0.5087719298245614}}, "scores_per_audiofile": {"DCASE2021-ML_129696.wav": {"precision": 1.0, "recall": 0.05263157894736842, "f-measure": 0.1}, "DCASE2021-ML_131369.wav": {"precision": 0.9230769230769231, "recall": 0.3, "f-measure": 0.4528301886792453}, "DCASE2021-ML_131198.wav": {"precision": 1.0, "recall": 1.0, "f-measure": 1.0}, "DCASE2021-ML_197045.wav": {"precision": 1.0, "recall": 0.0945945945945946, "f-measure": 0.1728395061728395}, "DCASE2021-ML_126376.wav": {"precision": 0.868421052631579, "recall": 0.35106382978723405, "f-measure": 0.5}, "DCASE2021-ML_191491.wav": {"precision": 0.8888888888888888, "recall": 0.8888888888888888, "f-measure": 0.8888888888888888}, "DCASE2021-ML_37045.wav": {"precision": 1.0, "recall": 0.3333333333333333, "f-measure": 0.5}, "DCASE2021-ML_176488.wav": {"precision": 1.0, "recall": 0.6666666666666666, "f-measure": 0.8}, "DCASE2021-ML_40509.wav": {"precision": 1.0, "recall": 0.10569105691056911, "f-measure": 0.19117647058823528}, "DCASE2021-ML_268995.wav": {"precision": 0.8571428571428571, "recall": 0.6, "f-measure": 0.7058823529411765}, "DCASE2021-ML_190099.wav": {"precision": 0.5357142857142857, "recall": 1.0, "f-measure": 0.6976744186046512}, "DCASE2021-ML_89792.wav": {"precision": 0.8636363636363636, "recall": 0.6551724137931034, "f-measure": 0.7450980392156863}, "DCASE2021-ML_72010931.wav": {"precision": 1.0, "recall": 0.288135593220339, "f-measure": 0.4473684210526316}, "DCASE2021-ML_273164.wav": {"precision": 1.0, "recall": 0.006666666666666667, "f-measure": 0.013245033112582781}, "DCASE2021-ML_53963.wav": {"precision": 1.0, "recall": 0.3717948717948718, "f-measure": 0.5420560747663551}, "DCASE2021-ML_521435.wav": {"precision": 0.6511627906976745, "recall": 0.4827586206896552, "f-measure": 0.5544554455445545}, "DCASE2021-ML_168236.wav": {"precision": 0.8452380952380952, "recall": 0.6454545454545455, "f-measure": 0.7319587628865979}, "DC11.wav": {"precision": 0.10344827586206896, "recall": 0.05555555555555555, "f-measure": 0.07228915662650602}, "DC10.wav": {"precision": 0.43317972350230416, "recall": 0.7642276422764228, "f-measure": 0.5529411764705883}, "DC12.wav": {"precision": 0.34782608695652173, "recall": 0.37209302325581395, "f-measure": 0.3595505617977528}, "DC08.wav": {"precision": 0.8533333333333334, "recall": 0.7111111111111111, "f-measure": 0.7757575757575758}, "DC02.wav": {"precision": 0.3020833333333333, "recall": 0.20714285714285716, "f-measure": 0.2457627118644068}, "DC06.wav": {"precision": 0.1518987341772152, "recall": 0.1875, "f-measure": 0.16783216783216784}, "DC07.wav": {"precision": 0.78125, "recall": 0.6521739130434783, "f-measure": 0.7109004739336493}, "DC09.wav": {"precision": 0.16279069767441862, "recall": 0.5833333333333334, "f-measure": 0.2545454545454545}, "DC04.wav": {"precision": 0.17777777777777778, "recall": 0.3333333333333333, "f-measure": 0.2318840579710145}, "DC05.wav": {"precision": 0.14423076923076922, "recall": 0.3488372093023256, "f-measure": 0.20408163265306123}, "DC01.wav": {"precision": 0.6451612903225806, "recall": 0.5714285714285714, "f-measure": 0.6060606060606061}, "DC03.wav": {"precision": 0.32, "recall": 0.11940298507462686, "f-measure": 0.17391304347826086}, "ME2.wav": {"precision": 0.9090909090909091, "recall": 0.4878048780487805, "f-measure": 0.6349206349206349}, "ME1.wav": {"precision": 0.225, "recall": 0.8181818181818182, "f-measure": 0.35294117647058826}}}