{"set_name": "TEST", "report_date": "08122021_13_26_11", "overall_scores": {"precision": 0.4970621597953335, "recall": 0.3973211171356982, "fmeasure (percentage)": 44.163}, "scores_per_subset": {"ML": {"precision": 0.7751322751322751, "recall": 0.3068062827225131, "f-measure": 0.43960990247561893}, "DC": {"precision": 0.41458910433979684, "recall": 0.4227871939736347, "f-measure": 0.41864801864801865}, "ME": {"precision": 0.42857142857142855, "recall": 0.5192307692307693, "f-measure": 0.46956521739130436}}, "scores_per_audiofile": {"DCASE2021-ML_129696.wav": {"precision": 1.0, "recall": 0.06578947368421052, "f-measure": 0.12345679012345678}, "DCASE2021-ML_131369.wav": {"precision": 1.0, "recall": 0.35, "f-measure": 0.5185185185185185}, "DCASE2021-ML_131198.wav": {"precision": 1.0, "recall": 0.25, "f-measure": 0.4}, "DCASE2021-ML_197045.wav": {"precision": 0.8571428571428571, "recall": 0.08108108108108109, "f-measure": 0.14814814814814814}, "DCASE2021-ML_126376.wav": {"precision": 0.8979591836734694, "recall": 0.46808510638297873, "f-measure": 0.6153846153846154}, "DCASE2021-ML_191491.wav": {"precision": 0.8571428571428571, "recall": 0.6666666666666666, "f-measure": 0.75}, "DCASE2021-ML_37045.wav": {"precision": 1.0, "recall": 0.4166666666666667, "f-measure": 0.5882352941176471}, "DCASE2021-ML_176488.wav": {"precision": 1.0, "recall": 0.8888888888888888, "f-measure": 0.9411764705882353}, "DCASE2021-ML_40509.wav": {"precision": 1.0, "recall": 0.13008130081300814, "f-measure": 0.2302158273381295}, "DCASE2021-ML_268995.wav": {"precision": 0.75, "recall": 0.3, "f-measure": 0.42857142857142855}, "DCASE2021-ML_190099.wav": {"precision": 0.3488372093023256, "recall": 1.0, "f-measure": 0.5172413793103449}, "DCASE2021-ML_89792.wav": {"precision": 1.0, "recall": 0.5172413793103449, "f-measure": 0.6818181818181818}, "DCASE2021-ML_72010931.wav": {"precision": 1.0, "recall": 0.2711864406779661, "f-measure": 0.4266666666666667}, "DCASE2021-ML_273164.wav": {"precision": 1e-05, "recall": 1e-05, "f-measure": 1e-05}, "DCASE2021-ML_53963.wav": {"precision": 1.0, "recall": 0.5, "f-measure": 0.6666666666666666}, "DCASE2021-ML_521435.wav": {"precision": 0.6938775510204082, "recall": 0.5862068965517241, "f-measure": 0.6355140186915887}, "DCASE2021-ML_168236.wav": {"precision": 0.66, "recall": 0.6, "f-measure": 0.6285714285714286}, "DC11.wav": {"precision": 0.06666666666666667, "recall": 0.018518518518518517, "f-measure": 0.028985507246376812}, "DC10.wav": {"precision": 0.4494949494949495, "recall": 0.7235772357723578, "f-measure": 0.5545171339563862}, "DC12.wav": {"precision": 0.1724137931034483, "recall": 0.11627906976744186, "f-measure": 0.1388888888888889}, "DC08.wav": {"precision": 0.7972972972972973, "recall": 0.6555555555555556, "f-measure": 0.7195121951219512}, "DC02.wav": {"precision": 0.3465346534653465, "recall": 0.25, "f-measure": 0.29045643153526973}, "DC06.wav": {"precision": 0.1511627906976744, "recall": 0.203125, "f-measure": 0.17333333333333334}, "DC07.wav": {"precision": 0.7040816326530612, "recall": 0.6, "f-measure": 0.647887323943662}, "DC09.wav": {"precision": 0.17073170731707318, "recall": 0.5833333333333334, "f-measure": 0.2641509433962264}, "DC04.wav": {"precision": 0.17391304347826086, "recall": 0.3333333333333333, "f-measure": 0.22857142857142856}, "DC05.wav": {"precision": 0.17164179104477612, "recall": 0.5348837209302325, "f-measure": 0.2598870056497175}, "DC01.wav": {"precision": 0.5192307692307693, "recall": 0.5142857142857142, "f-measure": 0.5167464114832536}, "DC03.wav": {"precision": 0.288135593220339, "recall": 0.12686567164179105, "f-measure": 0.17616580310880828}, "ME2.wav": {"precision": 0.8947368421052632, "recall": 0.4146341463414634, "f-measure": 0.5666666666666667}, "ME1.wav": {"precision": 0.22727272727272727, "recall": 0.9090909090909091, "f-measure": 0.36363636363636365}}}