{"set_name": "TEST", "report_date": "08122021_10_36_49", "overall_scores": {"precision": 0.6326195845167979, "recall": 0.3978510551023199, "fmeasure (percentage)": 48.849}, "scores_per_subset": {"ML": {"precision": 0.9223880597014925, "recall": 0.32526315789473687, "f-measure": 0.48093385214007783}, "DC": {"precision": 0.522342064714946, "recall": 0.3192090395480226, "f-measure": 0.3962594973699591}, "ME": {"precision": 0.5735294117647058, "recall": 0.75, "f-measure": 0.65}}, "scores_per_audiofile": {"DCASE2021-ML_129696.wav": {"precision": 1.0, "recall": 0.14473684210526316, "f-measure": 0.25287356321839083}, "DCASE2021-ML_131369.wav": {"precision": 0.9166666666666666, "recall": 0.275, "f-measure": 0.4230769230769231}, "DCASE2021-ML_131198.wav": {"precision": 0.5, "recall": 1.0, "f-measure": 0.6666666666666666}, "DCASE2021-ML_197045.wav": {"precision": 1.0, "recall": 0.8783783783783784, "f-measure": 0.935251798561151}, "DCASE2021-ML_126376.wav": {"precision": 0.9565217391304348, "recall": 0.23404255319148937, "f-measure": 0.37606837606837606}, "DCASE2021-ML_191491.wav": {"precision": 1.0, "recall": 0.3333333333333333, "f-measure": 0.5}, "DCASE2021-ML_37045.wav": {"precision": 0.9166666666666666, "recall": 0.9166666666666666, "f-measure": 0.9166666666666666}, "DCASE2021-ML_176488.wav": {"precision": 1.0, "recall": 0.3333333333333333, "f-measure": 0.5}, "DCASE2021-ML_40509.wav": {"precision": 1.0, "recall": 0.10569105691056911, "f-measure": 0.19117647058823528}, "DCASE2021-ML_268995.wav": {"precision": 1.0, "recall": 1.0, "f-measure": 1.0}, "DCASE2021-ML_190099.wav": {"precision": 1.0, "recall": 0.6666666666666666, "f-measure": 0.8}, "DCASE2021-ML_89792.wav": {"precision": 1.0, "recall": 0.9655172413793104, "f-measure": 0.9824561403508771}, "DCASE2021-ML_72010931.wav": {"precision": 1.0, "recall": 0.1016949152542373, "f-measure": 0.18461538461538463}, "DCASE2021-ML_273164.wav": {"precision": 1.0, "recall": 0.006666666666666667, "f-measure": 0.013245033112582781}, "DCASE2021-ML_53963.wav": {"precision": 1.0, "recall": 0.08974358974358974, "f-measure": 0.16470588235294117}, "DCASE2021-ML_521435.wav": {"precision": 0.8604651162790697, "recall": 0.6379310344827587, "f-measure": 0.7326732673267327}, "DCASE2021-ML_168236.wav": {"precision": 0.8375, "recall": 0.6090909090909091, "f-measure": 0.7052631578947368}, "DC11.wav": {"precision": 0.11206896551724138, "recall": 0.24074074074074073, "f-measure": 0.15294117647058825}, "DC10.wav": {"precision": 0.49019607843137253, "recall": 0.2032520325203252, "f-measure": 0.28735632183908044}, "DC12.wav": {"precision": 1e-05, "recall": 1e-05, "f-measure": 1e-05}, "DC08.wav": {"precision": 0.9818181818181818, "recall": 0.6, "f-measure": 0.7448275862068966}, "DC02.wav": {"precision": 0.5588235294117647, "recall": 0.1357142857142857, "f-measure": 0.21839080459770116}, "DC06.wav": {"precision": 0.06666666666666667, "recall": 0.03125, "f-measure": 0.0425531914893617}, "DC07.wav": {"precision": 0.864406779661017, "recall": 0.6652173913043479, "f-measure": 0.7518427518427518}, "DC09.wav": {"precision": 0.13793103448275862, "recall": 0.3333333333333333, "f-measure": 0.1951219512195122}, "DC04.wav": {"precision": 1e-05, "recall": 1e-05, "f-measure": 1e-05}, "DC05.wav": {"precision": 0.24561403508771928, "recall": 0.32558139534883723, "f-measure": 0.28}, "DC01.wav": {"precision": 0.8775510204081632, "recall": 0.4095238095238095, "f-measure": 0.5584415584415584}, "DC03.wav": {"precision": 0.3076923076923077, "recall": 0.08955223880597014, "f-measure": 0.13872832369942195}, "ME2.wav": {"precision": 0.8285714285714286, "recall": 0.7073170731707317, "f-measure": 0.7631578947368421}, "ME1.wav": {"precision": 0.30303030303030304, "recall": 0.9090909090909091, "f-measure": 0.45454545454545453}}}