{"set_name": "TEST", "report_date": "08122021_21_14_57", "overall_scores": {"precision": 0.5626479918855077, "recall": 0.3568746979601921, "fmeasure (percentage)": 43.674}, "scores_per_subset": {"ML": {"precision": 0.8178438661710037, "recall": 0.22916666666666666, "f-measure": 0.3580146460537022}, "DC": {"precision": 0.4600409836065574, "recall": 0.4227871939736347, "f-measure": 0.44062806673209026}, "ME": {"precision": 0.5166666666666667, "recall": 0.5961538461538461, "f-measure": 0.5535714285714286}}, "scores_per_audiofile": {"DCASE2021-ML_129696.wav": {"precision": 1.0, "recall": 0.02631578947368421, "f-measure": 0.05128205128205128}, "DCASE2021-ML_131369.wav": {"precision": 0.875, "recall": 0.175, "f-measure": 0.2916666666666667}, "DCASE2021-ML_131198.wav": {"precision": 1e-05, "recall": 1e-05, "f-measure": 1e-05}, "DCASE2021-ML_197045.wav": {"precision": 1.0, "recall": 0.10810810810810811, "f-measure": 0.1951219512195122}, "DCASE2021-ML_126376.wav": {"precision": 0.896551724137931, "recall": 0.2765957446808511, "f-measure": 0.42276422764227645}, "DCASE2021-ML_191491.wav": {"precision": 0.875, "recall": 0.7777777777777778, "f-measure": 0.8235294117647058}, "DCASE2021-ML_37045.wav": {"precision": 1.0, "recall": 0.16666666666666666, "f-measure": 0.2857142857142857}, "DCASE2021-ML_176488.wav": {"precision": 1.0, "recall": 0.2222222222222222, "f-measure": 0.36363636363636365}, "DCASE2021-ML_40509.wav": {"precision": 1.0, "recall": 0.056910569105691054, "f-measure": 0.1076923076923077}, "DCASE2021-ML_268995.wav": {"precision": 1.0, "recall": 0.1, "f-measure": 0.18181818181818182}, "DCASE2021-ML_190099.wav": {"precision": 0.7368421052631579, "recall": 0.9333333333333333, "f-measure": 0.8235294117647058}, "DCASE2021-ML_89792.wav": {"precision": 1.0, "recall": 0.7241379310344828, "f-measure": 0.84}, "DCASE2021-ML_72010931.wav": {"precision": 1.0, "recall": 0.2711864406779661, "f-measure": 0.4266666666666667}, "DCASE2021-ML_273164.wav": {"precision": 1e-05, "recall": 1e-05, "f-measure": 1e-05}, "DCASE2021-ML_53963.wav": {"precision": 1.0, "recall": 0.2692307692307692, "f-measure": 0.42424242424242425}, "DCASE2021-ML_521435.wav": {"precision": 0.5405405405405406, "recall": 0.3448275862068966, "f-measure": 0.42105263157894735}, "DCASE2021-ML_168236.wav": {"precision": 0.75, "recall": 0.6, "f-measure": 0.6666666666666666}, "DC11.wav": {"precision": 0.06060606060606061, "recall": 0.037037037037037035, "f-measure": 0.04597701149425287}, "DC10.wav": {"precision": 0.4398148148148148, "recall": 0.7723577235772358, "f-measure": 0.56047197640118}, "DC12.wav": {"precision": 0.2222222222222222, "recall": 0.18604651162790697, "f-measure": 0.20253164556962025}, "DC08.wav": {"precision": 0.8117647058823529, "recall": 0.7666666666666667, "f-measure": 0.7885714285714286}, "DC02.wav": {"precision": 0.32857142857142857, "recall": 0.16428571428571428, "f-measure": 0.21904761904761905}, "DC06.wav": {"precision": 0.11428571428571428, "recall": 0.125, "f-measure": 0.11940298507462686}, "DC07.wav": {"precision": 0.7741935483870968, "recall": 0.6260869565217392, "f-measure": 0.6923076923076923}, "DC09.wav": {"precision": 0.15217391304347827, "recall": 0.5833333333333334, "f-measure": 0.2413793103448276}, "DC04.wav": {"precision": 0.27586206896551724, "recall": 0.3333333333333333, "f-measure": 0.3018867924528302}, "DC05.wav": {"precision": 0.2391304347826087, "recall": 0.5116279069767442, "f-measure": 0.32592592592592595}, "DC01.wav": {"precision": 0.7323943661971831, "recall": 0.49523809523809526, "f-measure": 0.5909090909090909}, "DC03.wav": {"precision": 0.2619047619047619, "recall": 0.08208955223880597, "f-measure": 0.125}, "ME2.wav": {"precision": 0.9130434782608695, "recall": 0.5121951219512195, "f-measure": 0.65625}, "ME1.wav": {"precision": 0.2702702702702703, "recall": 0.9090909090909091, "f-measure": 0.4166666666666667}}}