{"set_name": "TEST", "report_date": "08122021_14_33_35", "overall_scores": {"precision": 0.5937576991402898, "recall": 0.35280339628165713, "fmeasure (percentage)": 44.261}, "scores_per_subset": {"ML": {"precision": 0.9047619047619048, "recall": 0.2, "f-measure": 0.3275862068965517}, "DC": {"precision": 0.46570048309178746, "recall": 0.4538606403013183, "f-measure": 0.4597043395326657}, "ME": {"precision": 0.5555555555555556, "recall": 0.7692307692307693, "f-measure": 0.6451612903225806}}, "scores_per_audiofile": {"DCASE2021-ML_129696.wav": {"precision": 1.0, "recall": 0.013157894736842105, "f-measure": 0.025974025974025976}, "DCASE2021-ML_131369.wav": {"precision": 1.0, "recall": 0.075, "f-measure": 0.13953488372093023}, "DCASE2021-ML_131198.wav": {"precision": 1.0, "recall": 1.0, "f-measure": 1.0}, "DCASE2021-ML_197045.wav": {"precision": 1.0, "recall": 0.21621621621621623, "f-measure": 0.35555555555555557}, "DCASE2021-ML_126376.wav": {"precision": 0.8333333333333334, "recall": 0.1595744680851064, "f-measure": 0.26785714285714285}, "DCASE2021-ML_191491.wav": {"precision": 1.0, "recall": 0.4444444444444444, "f-measure": 0.6153846153846154}, "DCASE2021-ML_37045.wav": {"precision": 1.0, "recall": 0.08333333333333333, "f-measure": 0.15384615384615385}, "DCASE2021-ML_176488.wav": {"precision": 1.0, "recall": 0.2222222222222222, "f-measure": 0.36363636363636365}, "DCASE2021-ML_40509.wav": {"precision": 1.0, "recall": 0.056910569105691054, "f-measure": 0.1076923076923077}, "DCASE2021-ML_268995.wav": {"precision": 0.3333333333333333, "recall": 0.1, "f-measure": 0.15384615384615385}, "DCASE2021-ML_190099.wav": {"precision": 0.9230769230769231, "recall": 0.8, "f-measure": 0.8571428571428571}, "DCASE2021-ML_89792.wav": {"precision": 0.875, "recall": 0.4827586206896552, "f-measure": 0.6222222222222222}, "DCASE2021-ML_72010931.wav": {"precision": 1.0, "recall": 0.1694915254237288, "f-measure": 0.2898550724637681}, "DCASE2021-ML_273164.wav": {"precision": 1.0, "recall": 0.006666666666666667, "f-measure": 0.013245033112582781}, "DCASE2021-ML_53963.wav": {"precision": 1.0, "recall": 0.1794871794871795, "f-measure": 0.30434782608695654}, "DCASE2021-ML_521435.wav": {"precision": 0.8409090909090909, "recall": 0.6379310344827587, "f-measure": 0.7254901960784313}, "DCASE2021-ML_168236.wav": {"precision": 0.9056603773584906, "recall": 0.43636363636363634, "f-measure": 0.588957055214724}, "DC11.wav": {"precision": 0.16556291390728478, "recall": 0.46296296296296297, "f-measure": 0.24390243902439024}, "DC10.wav": {"precision": 0.4012738853503185, "recall": 0.5121951219512195, "f-measure": 0.45}, "DC12.wav": {"precision": 0.2711864406779661, "recall": 0.37209302325581395, "f-measure": 0.3137254901960784}, "DC08.wav": {"precision": 0.9438202247191011, "recall": 0.9333333333333333, "f-measure": 0.9385474860335196}, "DC02.wav": {"precision": 0.44, "recall": 0.15714285714285714, "f-measure": 0.23157894736842105}, "DC06.wav": {"precision": 0.10204081632653061, "recall": 0.078125, "f-measure": 0.08849557522123894}, "DC07.wav": {"precision": 0.7439024390243902, "recall": 0.7956521739130434, "f-measure": 0.7689075630252101}, "DC09.wav": {"precision": 0.11627906976744186, "recall": 0.4166666666666667, "f-measure": 0.18181818181818182}, "DC04.wav": {"precision": 0.08333333333333333, "recall": 0.041666666666666664, "f-measure": 0.05555555555555555}, "DC05.wav": {"precision": 0.20270270270270271, "recall": 0.3488372093023256, "f-measure": 0.2564102564102564}, "DC01.wav": {"precision": 0.7910447761194029, "recall": 0.5047619047619047, "f-measure": 0.6162790697674418}, "DC03.wav": {"precision": 0.2631578947368421, "recall": 0.07462686567164178, "f-measure": 0.11627906976744186}, "ME2.wav": {"precision": 0.8857142857142857, "recall": 0.7560975609756098, "f-measure": 0.8157894736842105}, "ME1.wav": {"precision": 0.24324324324324326, "recall": 0.8181818181818182, "f-measure": 0.375}}}