{"set_name": "TEST", "report_date": "08122021_22_24_11", "overall_scores": {"precision": 0.632917561012753, "recall": 0.3794351650889624, "fmeasure (percentage)": 47.444}, "scores_per_subset": {"ML": {"precision": 0.9258064516129032, "recall": 0.3021052631578947, "f-measure": 0.45555555555555555}, "DC": {"precision": 0.5272435897435898, "recall": 0.3097928436911488, "f-measure": 0.3902728351126928}, "ME": {"precision": 0.5671641791044776, "recall": 0.7307692307692307, "f-measure": 0.6386554621848739}}, "scores_per_audiofile": {"DCASE2021-ML_129696.wav": {"precision": 1.0, "recall": 0.15789473684210525, "f-measure": 0.2727272727272727}, "DCASE2021-ML_131369.wav": {"precision": 0.9, "recall": 0.225, "f-measure": 0.36}, "DCASE2021-ML_131198.wav": {"precision": 0.4444444444444444, "recall": 1.0, "f-measure": 0.6153846153846154}, "DCASE2021-ML_197045.wav": {"precision": 1.0, "recall": 0.6891891891891891, "f-measure": 0.816}, "DCASE2021-ML_126376.wav": {"precision": 1.0, "recall": 0.18085106382978725, "f-measure": 0.3063063063063063}, "DCASE2021-ML_191491.wav": {"precision": 1.0, "recall": 0.4444444444444444, "f-measure": 0.6153846153846154}, "DCASE2021-ML_37045.wav": {"precision": 0.9166666666666666, "recall": 0.9166666666666666, "f-measure": 0.9166666666666666}, "DCASE2021-ML_176488.wav": {"precision": 1.0, "recall": 0.3333333333333333, "f-measure": 0.5}, "DCASE2021-ML_40509.wav": {"precision": 1.0, "recall": 0.08130081300813008, "f-measure": 0.15037593984962405}, "DCASE2021-ML_268995.wav": {"precision": 1.0, "recall": 1.0, "f-measure": 1.0}, "DCASE2021-ML_190099.wav": {"precision": 1.0, "recall": 0.6666666666666666, "f-measure": 0.8}, "DCASE2021-ML_89792.wav": {"precision": 1.0, "recall": 0.9655172413793104, "f-measure": 0.9824561403508771}, "DCASE2021-ML_72010931.wav": {"precision": 1.0, "recall": 0.0847457627118644, "f-measure": 0.15625}, "DCASE2021-ML_273164.wav": {"precision": 1.0, "recall": 0.006666666666666667, "f-measure": 0.013245033112582781}, "DCASE2021-ML_53963.wav": {"precision": 1.0, "recall": 0.10256410256410256, "f-measure": 0.18604651162790697}, "DCASE2021-ML_521435.wav": {"precision": 0.8809523809523809, "recall": 0.6379310344827587, "f-measure": 0.74}, "DCASE2021-ML_168236.wav": {"precision": 0.8589743589743589, "recall": 0.6090909090909091, "f-measure": 0.7127659574468085}, "DC11.wav": {"precision": 0.11009174311926606, "recall": 0.2222222222222222, "f-measure": 0.147239263803681}, "DC10.wav": {"precision": 0.5, "recall": 0.21138211382113822, "f-measure": 0.29714285714285715}, "DC12.wav": {"precision": 1e-05, "recall": 1e-05, "f-measure": 1e-05}, "DC08.wav": {"precision": 0.98, "recall": 0.5444444444444444, "f-measure": 0.7}, "DC02.wav": {"precision": 0.5172413793103449, "recall": 0.10714285714285714, "f-measure": 0.17751479289940827}, "DC06.wav": {"precision": 0.0625, "recall": 0.03125, "f-measure": 0.041666666666666664}, "DC07.wav": {"precision": 0.8764044943820225, "recall": 0.6782608695652174, "f-measure": 0.7647058823529411}, "DC09.wav": {"precision": 0.1724137931034483, "recall": 0.4166666666666667, "f-measure": 0.24390243902439024}, "DC04.wav": {"precision": 1e-05, "recall": 1e-05, "f-measure": 1e-05}, "DC05.wav": {"precision": 0.2653061224489796, "recall": 0.3023255813953488, "f-measure": 0.2826086956521739}, "DC01.wav": {"precision": 0.8695652173913043, "recall": 0.38095238095238093, "f-measure": 0.5298013245033113}, "DC03.wav": {"precision": 0.2972972972972973, "recall": 0.08208955223880597, "f-measure": 0.1286549707602339}, "ME2.wav": {"precision": 0.8235294117647058, "recall": 0.6829268292682927, "f-measure": 0.7466666666666667}, "ME1.wav": {"precision": 0.30303030303030304, "recall": 0.9090909090909091, "f-measure": 0.45454545454545453}}}