{"set_name": "TEST", "report_date": "08122021_14_58_33", "overall_scores": {"precision": 0.5823092906028525, "recall": 0.36677836018214005, "fmeasure (percentage)": 45.007}, "scores_per_subset": {"ML": {"precision": 0.8489795918367347, "recall": 0.21666666666666667, "f-measure": 0.34522821576763485}, "DC": {"precision": 0.4681255946717412, "recall": 0.4632768361581921, "f-measure": 0.46568859441552296}, "ME": {"precision": 0.5441176470588235, "recall": 0.7115384615384616, "f-measure": 0.6166666666666667}}, "scores_per_audiofile": {"DCASE2021-ML_129696.wav": {"precision": 1.0, "recall": 0.05263157894736842, "f-measure": 0.1}, "DCASE2021-ML_131369.wav": {"precision": 1.0, "recall": 0.175, "f-measure": 0.2978723404255319}, "DCASE2021-ML_131198.wav": {"precision": 1e-05, "recall": 1e-05, "f-measure": 1e-05}, "DCASE2021-ML_197045.wav": {"precision": 1.0, "recall": 0.1891891891891892, "f-measure": 0.3181818181818182}, "DCASE2021-ML_126376.wav": {"precision": 0.8, "recall": 0.2127659574468085, "f-measure": 0.33613445378151263}, "DCASE2021-ML_191491.wav": {"precision": 1.0, "recall": 0.7777777777777778, "f-measure": 0.875}, "DCASE2021-ML_37045.wav": {"precision": 1.0, "recall": 0.16666666666666666, "f-measure": 0.2857142857142857}, "DCASE2021-ML_176488.wav": {"precision": 1.0, "recall": 0.5555555555555556, "f-measure": 0.7142857142857143}, "DCASE2021-ML_40509.wav": {"precision": 1.0, "recall": 0.06504065040650407, "f-measure": 0.12213740458015267}, "DCASE2021-ML_268995.wav": {"precision": 0.6666666666666666, "recall": 0.2, "f-measure": 0.3076923076923077}, "DCASE2021-ML_190099.wav": {"precision": 0.7777777777777778, "recall": 0.9333333333333333, "f-measure": 0.8484848484848485}, "DCASE2021-ML_89792.wav": {"precision": 1.0, "recall": 0.7241379310344828, "f-measure": 0.84}, "DCASE2021-ML_72010931.wav": {"precision": 1.0, "recall": 0.22033898305084745, "f-measure": 0.3611111111111111}, "DCASE2021-ML_273164.wav": {"precision": 1e-05, "recall": 1e-05, "f-measure": 1e-05}, "DCASE2021-ML_53963.wav": {"precision": 1.0, "recall": 0.1282051282051282, "f-measure": 0.22727272727272727}, "DCASE2021-ML_521435.wav": {"precision": 0.5757575757575758, "recall": 0.3275862068965517, "f-measure": 0.4175824175824176}, "DCASE2021-ML_168236.wav": {"precision": 0.8266666666666667, "recall": 0.5636363636363636, "f-measure": 0.6702702702702703}, "DC11.wav": {"precision": 0.1076923076923077, "recall": 0.12962962962962962, "f-measure": 0.11764705882352941}, "DC10.wav": {"precision": 0.4247787610619469, "recall": 0.7804878048780488, "f-measure": 0.5501432664756447}, "DC12.wav": {"precision": 0.36923076923076925, "recall": 0.5581395348837209, "f-measure": 0.4444444444444444}, "DC08.wav": {"precision": 0.8888888888888888, "recall": 0.8888888888888888, "f-measure": 0.8888888888888888}, "DC02.wav": {"precision": 0.3275862068965517, "recall": 0.1357142857142857, "f-measure": 0.1919191919191919}, "DC06.wav": {"precision": 0.12903225806451613, "recall": 0.125, "f-measure": 0.12698412698412698}, "DC07.wav": {"precision": 0.7351598173515982, "recall": 0.7, "f-measure": 0.7171492204899778}, "DC09.wav": {"precision": 0.16666666666666666, "recall": 0.5833333333333334, "f-measure": 0.25925925925925924}, "DC04.wav": {"precision": 0.2413793103448276, "recall": 0.2916666666666667, "f-measure": 0.2641509433962264}, "DC05.wav": {"precision": 0.20238095238095238, "recall": 0.3953488372093023, "f-measure": 0.2677165354330709}, "DC01.wav": {"precision": 0.7681159420289855, "recall": 0.5047619047619047, "f-measure": 0.6091954022988506}, "DC03.wav": {"precision": 0.30952380952380953, "recall": 0.09701492537313433, "f-measure": 0.14772727272727273}, "ME2.wav": {"precision": 0.9032258064516129, "recall": 0.6829268292682927, "f-measure": 0.7777777777777778}, "ME1.wav": {"precision": 0.24324324324324326, "recall": 0.8181818181818182, "f-measure": 0.375}}}