{"set_name": "TEST", "report_date": "08122021_20_17_26", "overall_scores": {"precision": 0.596672600753, "recall": 0.349337353074569, "fmeasure (percentage)": 44.067}, "scores_per_subset": {"ML": {"precision": 0.9082125603864735, "recall": 0.1968586387434555, "f-measure": 0.32358003442340794}, "DC": {"precision": 0.4701857282502444, "recall": 0.4529190207156309, "f-measure": 0.46139088729016786}, "ME": {"precision": 0.5555555555555556, "recall": 0.7692307692307693, "f-measure": 0.6451612903225806}}, "scores_per_audiofile": {"DCASE2021-ML_129696.wav": {"precision": 0.5, "recall": 0.013157894736842105, "f-measure": 0.02564102564102564}, "DCASE2021-ML_131369.wav": {"precision": 1.0, "recall": 0.025, "f-measure": 0.04878048780487805}, "DCASE2021-ML_131198.wav": {"precision": 1e-05, "recall": 1e-05, "f-measure": 1e-05}, "DCASE2021-ML_197045.wav": {"precision": 1.0, "recall": 0.3108108108108108, "f-measure": 0.4742268041237113}, "DCASE2021-ML_126376.wav": {"precision": 1.0, "recall": 0.1702127659574468, "f-measure": 0.2909090909090909}, "DCASE2021-ML_191491.wav": {"precision": 1.0, "recall": 0.6666666666666666, "f-measure": 0.8}, "DCASE2021-ML_37045.wav": {"precision": 1.0, "recall": 0.08333333333333333, "f-measure": 0.15384615384615385}, "DCASE2021-ML_176488.wav": {"precision": 1.0, "recall": 0.4444444444444444, "f-measure": 0.6153846153846154}, "DCASE2021-ML_40509.wav": {"precision": 1.0, "recall": 0.04878048780487805, "f-measure": 0.09302325581395349}, "DCASE2021-ML_268995.wav": {"precision": 1.0, "recall": 0.1, "f-measure": 0.18181818181818182}, "DCASE2021-ML_190099.wav": {"precision": 0.8571428571428571, "recall": 0.8, "f-measure": 0.8275862068965517}, "DCASE2021-ML_89792.wav": {"precision": 0.875, "recall": 0.4827586206896552, "f-measure": 0.6222222222222222}, "DCASE2021-ML_72010931.wav": {"precision": 1.0, "recall": 0.1864406779661017, "f-measure": 0.3142857142857143}, "DCASE2021-ML_273164.wav": {"precision": 1.0, "recall": 0.006666666666666667, "f-measure": 0.013245033112582781}, "DCASE2021-ML_53963.wav": {"precision": 1.0, "recall": 0.10256410256410256, "f-measure": 0.18604651162790697}, "DCASE2021-ML_521435.wav": {"precision": 0.8444444444444444, "recall": 0.6551724137931034, "f-measure": 0.7378640776699029}, "DCASE2021-ML_168236.wav": {"precision": 0.8653846153846154, "recall": 0.4090909090909091, "f-measure": 0.5555555555555556}, "DC11.wav": {"precision": 0.16447368421052633, "recall": 0.46296296296296297, "f-measure": 0.24271844660194175}, "DC10.wav": {"precision": 0.3841059602649007, "recall": 0.4715447154471545, "f-measure": 0.4233576642335766}, "DC12.wav": {"precision": 0.29310344827586204, "recall": 0.3953488372093023, "f-measure": 0.33663366336633666}, "DC08.wav": {"precision": 0.9545454545454546, "recall": 0.9333333333333333, "f-measure": 0.9438202247191011}, "DC02.wav": {"precision": 0.35714285714285715, "recall": 0.14285714285714285, "f-measure": 0.20408163265306123}, "DC06.wav": {"precision": 0.08888888888888889, "recall": 0.0625, "f-measure": 0.07339449541284404}, "DC07.wav": {"precision": 0.7540983606557377, "recall": 0.8, "f-measure": 0.7763713080168776}, "DC09.wav": {"precision": 0.1590909090909091, "recall": 0.5833333333333334, "f-measure": 0.25}, "DC04.wav": {"precision": 0.1, "recall": 0.041666666666666664, "f-measure": 0.058823529411764705}, "DC05.wav": {"precision": 0.21739130434782608, "recall": 0.3488372093023256, "f-measure": 0.26785714285714285}, "DC01.wav": {"precision": 0.8115942028985508, "recall": 0.5333333333333333, "f-measure": 0.6436781609195402}, "DC03.wav": {"precision": 0.2702702702702703, "recall": 0.07462686567164178, "f-measure": 0.11695906432748537}, "ME2.wav": {"precision": 0.8823529411764706, "recall": 0.7317073170731707, "f-measure": 0.8}, "ME1.wav": {"precision": 0.2631578947368421, "recall": 0.9090909090909091, "f-measure": 0.40816326530612246}}}