{"set_name": "TEST", "report_date": "08122021_22_08_04", "overall_scores": {"precision": 0.5307780281151732, "recall": 0.36397039802529446, "fmeasure (percentage)": 43.183}, "scores_per_subset": {"ML": {"precision": 0.8280701754385965, "recall": 0.24712041884816754, "f-measure": 0.38064516129032255}, "DC": {"precision": 0.44691607684529827, "recall": 0.416195856873823, "f-measure": 0.4310092637737689}, "ME": {"precision": 0.453125, "recall": 0.5576923076923077, "f-measure": 0.5}}, "scores_per_audiofile": {"DCASE2021-ML_129696.wav": {"precision": 1.0, "recall": 0.02631578947368421, "f-measure": 0.05128205128205128}, "DCASE2021-ML_131369.wav": {"precision": 1.0, "recall": 0.15, "f-measure": 0.2608695652173913}, "DCASE2021-ML_131198.wav": {"precision": 1.0, "recall": 0.25, "f-measure": 0.4}, "DCASE2021-ML_197045.wav": {"precision": 1.0, "recall": 0.0945945945945946, "f-measure": 0.1728395061728395}, "DCASE2021-ML_126376.wav": {"precision": 0.8666666666666667, "recall": 0.2765957446808511, "f-measure": 0.41935483870967744}, "DCASE2021-ML_191491.wav": {"precision": 0.75, "recall": 0.3333333333333333, "f-measure": 0.46153846153846156}, "DCASE2021-ML_37045.wav": {"precision": 1.0, "recall": 0.3333333333333333, "f-measure": 0.5}, "DCASE2021-ML_176488.wav": {"precision": 1.0, "recall": 0.2222222222222222, "f-measure": 0.36363636363636365}, "DCASE2021-ML_40509.wav": {"precision": 1.0, "recall": 0.07317073170731707, "f-measure": 0.13636363636363635}, "DCASE2021-ML_268995.wav": {"precision": 0.5, "recall": 0.1, "f-measure": 0.16666666666666666}, "DCASE2021-ML_190099.wav": {"precision": 0.75, "recall": 1.0, "f-measure": 0.8571428571428571}, "DCASE2021-ML_89792.wav": {"precision": 1.0, "recall": 0.7241379310344828, "f-measure": 0.84}, "DCASE2021-ML_72010931.wav": {"precision": 1.0, "recall": 0.288135593220339, "f-measure": 0.4473684210526316}, "DCASE2021-ML_273164.wav": {"precision": 1e-05, "recall": 1e-05, "f-measure": 1e-05}, "DCASE2021-ML_53963.wav": {"precision": 1.0, "recall": 0.34615384615384615, "f-measure": 0.5142857142857142}, "DCASE2021-ML_521435.wav": {"precision": 0.575, "recall": 0.39655172413793105, "f-measure": 0.46938775510204084}, "DCASE2021-ML_168236.wav": {"precision": 0.7741935483870968, "recall": 0.6545454545454545, "f-measure": 0.7093596059113301}, "DC11.wav": {"precision": 0.07142857142857142, "recall": 0.018518518518518517, "f-measure": 0.029411764705882353}, "DC10.wav": {"precision": 0.45145631067961167, "recall": 0.7560975609756098, "f-measure": 0.5653495440729484}, "DC12.wav": {"precision": 0.26666666666666666, "recall": 0.18604651162790697, "f-measure": 0.2191780821917808}, "DC08.wav": {"precision": 0.7866666666666666, "recall": 0.6555555555555556, "f-measure": 0.7151515151515152}, "DC02.wav": {"precision": 0.2962962962962963, "recall": 0.17142857142857143, "f-measure": 0.2171945701357466}, "DC06.wav": {"precision": 0.136986301369863, "recall": 0.15625, "f-measure": 0.145985401459854}, "DC07.wav": {"precision": 0.7305699481865285, "recall": 0.6130434782608696, "f-measure": 0.6666666666666666}, "DC09.wav": {"precision": 0.16666666666666666, "recall": 0.5833333333333334, "f-measure": 0.25925925925925924}, "DC04.wav": {"precision": 0.25, "recall": 0.3333333333333333, "f-measure": 0.2857142857142857}, "DC05.wav": {"precision": 0.1826086956521739, "recall": 0.4883720930232558, "f-measure": 0.26582278481012656}, "DC01.wav": {"precision": 0.6746987951807228, "recall": 0.5333333333333333, "f-measure": 0.5957446808510638}, "DC03.wav": {"precision": 0.3111111111111111, "recall": 0.1044776119402985, "f-measure": 0.1564245810055866}, "ME2.wav": {"precision": 0.9090909090909091, "recall": 0.4878048780487805, "f-measure": 0.6349206349206349}, "ME1.wav": {"precision": 0.21428571428571427, "recall": 0.8181818181818182, "f-measure": 0.33962264150943394}}}