{"set_name": "TEST", "report_date": "08122021_20_49_40", "overall_scores": {"precision": 0.5790084956993585, "recall": 0.3430515139159624, "fmeasure (percentage)": 43.084}, "scores_per_subset": {"ML": {"precision": 0.8506787330316742, "recall": 0.19583333333333333, "f-measure": 0.31837425910245554}, "DC": {"precision": 0.4662813102119461, "recall": 0.455743879472693, "f-measure": 0.46095238095238095}, "ME": {"precision": 0.5373134328358209, "recall": 0.6923076923076923, "f-measure": 0.6050420168067226}}, "scores_per_audiofile": {"DCASE2021-ML_129696.wav": {"precision": 0.6666666666666666, "recall": 0.02631578947368421, "f-measure": 0.05063291139240506}, "DCASE2021-ML_131369.wav": {"precision": 1.0, "recall": 0.15, "f-measure": 0.2608695652173913}, "DCASE2021-ML_131198.wav": {"precision": 1e-05, "recall": 1e-05, "f-measure": 1e-05}, "DCASE2021-ML_197045.wav": {"precision": 1.0, "recall": 0.20270270270270271, "f-measure": 0.33707865168539325}, "DCASE2021-ML_126376.wav": {"precision": 0.9444444444444444, "recall": 0.18085106382978725, "f-measure": 0.30357142857142855}, "DCASE2021-ML_191491.wav": {"precision": 1.0, "recall": 0.7777777777777778, "f-measure": 0.875}, "DCASE2021-ML_37045.wav": {"precision": 1.0, "recall": 0.08333333333333333, "f-measure": 0.15384615384615385}, "DCASE2021-ML_176488.wav": {"precision": 1.0, "recall": 0.2222222222222222, "f-measure": 0.36363636363636365}, "DCASE2021-ML_40509.wav": {"precision": 1.0, "recall": 0.04878048780487805, "f-measure": 0.09302325581395349}, "DCASE2021-ML_268995.wav": {"precision": 0.5, "recall": 0.1, "f-measure": 0.16666666666666666}, "DCASE2021-ML_190099.wav": {"precision": 0.7222222222222222, "recall": 0.8666666666666667, "f-measure": 0.7878787878787878}, "DCASE2021-ML_89792.wav": {"precision": 1.0, "recall": 0.7241379310344828, "f-measure": 0.84}, "DCASE2021-ML_72010931.wav": {"precision": 1.0, "recall": 0.15254237288135594, "f-measure": 0.2647058823529412}, "DCASE2021-ML_273164.wav": {"precision": 1e-05, "recall": 1e-05, "f-measure": 1e-05}, "DCASE2021-ML_53963.wav": {"precision": 1.0, "recall": 0.15384615384615385, "f-measure": 0.26666666666666666}, "DCASE2021-ML_521435.wav": {"precision": 0.5862068965517241, "recall": 0.29310344827586204, "f-measure": 0.39080459770114945}, "DCASE2021-ML_168236.wav": {"precision": 0.8194444444444444, "recall": 0.5363636363636364, "f-measure": 0.6483516483516484}, "DC11.wav": {"precision": 0.14285714285714285, "recall": 0.18518518518518517, "f-measure": 0.16129032258064516}, "DC10.wav": {"precision": 0.4247787610619469, "recall": 0.7804878048780488, "f-measure": 0.5501432664756447}, "DC12.wav": {"precision": 0.2653061224489796, "recall": 0.3023255813953488, "f-measure": 0.2826086956521739}, "DC08.wav": {"precision": 0.8901098901098901, "recall": 0.9, "f-measure": 0.8950276243093923}, "DC02.wav": {"precision": 0.3333333333333333, "recall": 0.15, "f-measure": 0.20689655172413793}, "DC06.wav": {"precision": 0.1111111111111111, "recall": 0.109375, "f-measure": 0.11023622047244094}, "DC07.wav": {"precision": 0.7454545454545455, "recall": 0.7130434782608696, "f-measure": 0.7288888888888889}, "DC09.wav": {"precision": 0.13953488372093023, "recall": 0.5, "f-measure": 0.21818181818181817}, "DC04.wav": {"precision": 0.25, "recall": 0.25, "f-measure": 0.25}, "DC05.wav": {"precision": 0.20930232558139536, "recall": 0.4186046511627907, "f-measure": 0.27906976744186046}, "DC01.wav": {"precision": 0.796875, "recall": 0.4857142857142857, "f-measure": 0.6035502958579881}, "DC03.wav": {"precision": 0.28205128205128205, "recall": 0.08208955223880597, "f-measure": 0.12716763005780346}, "ME2.wav": {"precision": 0.9310344827586207, "recall": 0.6585365853658537, "f-measure": 0.7714285714285715}, "ME1.wav": {"precision": 0.23684210526315788, "recall": 0.8181818181818182, "f-measure": 0.3673469387755102}}}