{"set_name": "TEST", "report_date": "08122021_23_15_21", "overall_scores": {"precision": 0.5848125890158752, "recall": 0.33451007404856214, "fmeasure (percentage)": 42.559}, "scores_per_subset": {"ML": {"precision": 0.883495145631068, "recall": 0.18958333333333333, "f-measure": 0.31217838765008576}, "DC": {"precision": 0.4734251968503937, "recall": 0.4529190207156309, "f-measure": 0.4629451395572666}, "ME": {"precision": 0.5303030303030303, "recall": 0.6730769230769231, "f-measure": 0.5932203389830508}}, "scores_per_audiofile": {"DCASE2021-ML_129696.wav": {"precision": 0.75, "recall": 0.039473684210526314, "f-measure": 0.075}, "DCASE2021-ML_131369.wav": {"precision": 1.0, "recall": 0.2, "f-measure": 0.3333333333333333}, "DCASE2021-ML_131198.wav": {"precision": 1e-05, "recall": 1e-05, "f-measure": 1e-05}, "DCASE2021-ML_197045.wav": {"precision": 1.0, "recall": 0.14864864864864866, "f-measure": 0.25882352941176473}, "DCASE2021-ML_126376.wav": {"precision": 0.9444444444444444, "recall": 0.18085106382978725, "f-measure": 0.30357142857142855}, "DCASE2021-ML_191491.wav": {"precision": 1.0, "recall": 0.6666666666666666, "f-measure": 0.8}, "DCASE2021-ML_37045.wav": {"precision": 1.0, "recall": 0.08333333333333333, "f-measure": 0.15384615384615385}, "DCASE2021-ML_176488.wav": {"precision": 1.0, "recall": 0.1111111111111111, "f-measure": 0.2}, "DCASE2021-ML_40509.wav": {"precision": 1.0, "recall": 0.056910569105691054, "f-measure": 0.1076923076923077}, "DCASE2021-ML_268995.wav": {"precision": 0.6666666666666666, "recall": 0.2, "f-measure": 0.3076923076923077}, "DCASE2021-ML_190099.wav": {"precision": 0.8235294117647058, "recall": 0.9333333333333333, "f-measure": 0.875}, "DCASE2021-ML_89792.wav": {"precision": 1.0, "recall": 0.6551724137931034, "f-measure": 0.7916666666666666}, "DCASE2021-ML_72010931.wav": {"precision": 1.0, "recall": 0.13559322033898305, "f-measure": 0.23880597014925373}, "DCASE2021-ML_273164.wav": {"precision": 1e-05, "recall": 1e-05, "f-measure": 1e-05}, "DCASE2021-ML_53963.wav": {"precision": 1.0, "recall": 0.11538461538461539, "f-measure": 0.20689655172413793}, "DCASE2021-ML_521435.wav": {"precision": 0.6296296296296297, "recall": 0.29310344827586204, "f-measure": 0.4}, "DCASE2021-ML_168236.wav": {"precision": 0.8805970149253731, "recall": 0.5363636363636364, "f-measure": 0.6666666666666666}, "DC11.wav": {"precision": 0.1206896551724138, "recall": 0.12962962962962962, "f-measure": 0.125}, "DC10.wav": {"precision": 0.4222222222222222, "recall": 0.7723577235772358, "f-measure": 0.5459770114942529}, "DC12.wav": {"precision": 0.28, "recall": 0.32558139534883723, "f-measure": 0.3010752688172043}, "DC08.wav": {"precision": 0.8817204301075269, "recall": 0.9111111111111111, "f-measure": 0.8961748633879781}, "DC02.wav": {"precision": 0.328125, "recall": 0.15, "f-measure": 0.20588235294117646}, "DC06.wav": {"precision": 0.12280701754385964, "recall": 0.109375, "f-measure": 0.11570247933884298}, "DC07.wav": {"precision": 0.7488584474885844, "recall": 0.7130434782608696, "f-measure": 0.7305122494432071}, "DC09.wav": {"precision": 0.1590909090909091, "recall": 0.5833333333333334, "f-measure": 0.25}, "DC04.wav": {"precision": 0.19047619047619047, "recall": 0.16666666666666666, "f-measure": 0.17777777777777778}, "DC05.wav": {"precision": 0.20987654320987653, "recall": 0.3953488372093023, "f-measure": 0.27419354838709675}, "DC01.wav": {"precision": 0.803030303030303, "recall": 0.5047619047619047, "f-measure": 0.6198830409356725}, "DC03.wav": {"precision": 0.2631578947368421, "recall": 0.07462686567164178, "f-measure": 0.11627906976744186}, "ME2.wav": {"precision": 0.9285714285714286, "recall": 0.6341463414634146, "f-measure": 0.7536231884057971}, "ME1.wav": {"precision": 0.23684210526315788, "recall": 0.8181818181818182, "f-measure": 0.3673469387755102}}}