{"set_name": "TEST", "report_date": "08122021_19_30_35", "overall_scores": {"precision": 0.5414238338037087, "recall": 0.37499648644705513, "fmeasure (percentage)": 44.31}, "scores_per_subset": {"ML": {"precision": 0.8281786941580757, "recall": 0.2523560209424084, "f-measure": 0.3868378812199037}, "DC": {"precision": 0.4536290322580645, "recall": 0.423728813559322, "f-measure": 0.43816942551119764}, "ME": {"precision": 0.4696969696969697, "recall": 0.5961538461538461, "f-measure": 0.5254237288135594}}, "scores_per_audiofile": {"DCASE2021-ML_129696.wav": {"precision": 1.0, "recall": 0.02631578947368421, "f-measure": 0.05128205128205128}, "DCASE2021-ML_131369.wav": {"precision": 1.0, "recall": 0.15, "f-measure": 0.2608695652173913}, "DCASE2021-ML_131198.wav": {"precision": 1.0, "recall": 1.0, "f-measure": 1.0}, "DCASE2021-ML_197045.wav": {"precision": 1.0, "recall": 0.10810810810810811, "f-measure": 0.1951219512195122}, "DCASE2021-ML_126376.wav": {"precision": 0.9, "recall": 0.2872340425531915, "f-measure": 0.43548387096774194}, "DCASE2021-ML_191491.wav": {"precision": 0.8, "recall": 0.4444444444444444, "f-measure": 0.5714285714285714}, "DCASE2021-ML_37045.wav": {"precision": 1.0, "recall": 0.4166666666666667, "f-measure": 0.5882352941176471}, "DCASE2021-ML_176488.wav": {"precision": 1.0, "recall": 0.3333333333333333, "f-measure": 0.5}, "DCASE2021-ML_40509.wav": {"precision": 1.0, "recall": 0.08943089430894309, "f-measure": 0.16417910447761194}, "DCASE2021-ML_268995.wav": {"precision": 0.6666666666666666, "recall": 0.2, "f-measure": 0.3076923076923077}, "DCASE2021-ML_190099.wav": {"precision": 0.7368421052631579, "recall": 0.9333333333333333, "f-measure": 0.8235294117647058}, "DCASE2021-ML_89792.wav": {"precision": 0.8846153846153846, "recall": 0.7931034482758621, "f-measure": 0.8363636363636363}, "DCASE2021-ML_72010931.wav": {"precision": 1.0, "recall": 0.288135593220339, "f-measure": 0.4473684210526316}, "DCASE2021-ML_273164.wav": {"precision": 1e-05, "recall": 1e-05, "f-measure": 1e-05}, "DCASE2021-ML_53963.wav": {"precision": 1.0, "recall": 0.3333333333333333, "f-measure": 0.5}, "DCASE2021-ML_521435.wav": {"precision": 0.6666666666666666, "recall": 0.4482758620689655, "f-measure": 0.5360824742268041}, "DCASE2021-ML_168236.wav": {"precision": 0.7241379310344828, "recall": 0.5727272727272728, "f-measure": 0.6395939086294417}, "DC11.wav": {"precision": 0.06666666666666667, "recall": 0.018518518518518517, "f-measure": 0.028985507246376812}, "DC10.wav": {"precision": 0.4797979797979798, "recall": 0.7723577235772358, "f-measure": 0.5919003115264797}, "DC12.wav": {"precision": 0.20588235294117646, "recall": 0.16279069767441862, "f-measure": 0.18181818181818182}, "DC08.wav": {"precision": 0.782051282051282, "recall": 0.6777777777777778, "f-measure": 0.7261904761904762}, "DC02.wav": {"precision": 0.3670886075949367, "recall": 0.20714285714285716, "f-measure": 0.2648401826484018}, "DC06.wav": {"precision": 0.12987012987012986, "recall": 0.15625, "f-measure": 0.14184397163120568}, "DC07.wav": {"precision": 0.7142857142857143, "recall": 0.6086956521739131, "f-measure": 0.6572769953051644}, "DC09.wav": {"precision": 0.13953488372093023, "recall": 0.5, "f-measure": 0.21818181818181817}, "DC04.wav": {"precision": 0.22857142857142856, "recall": 0.3333333333333333, "f-measure": 0.2711864406779661}, "DC05.wav": {"precision": 0.1941747572815534, "recall": 0.46511627906976744, "f-measure": 0.273972602739726}, "DC01.wav": {"precision": 0.6705882352941176, "recall": 0.5428571428571428, "f-measure": 0.6}, "DC03.wav": {"precision": 0.32653061224489793, "recall": 0.11940298507462686, "f-measure": 0.17486338797814208}, "ME2.wav": {"precision": 0.9166666666666666, "recall": 0.5365853658536586, "f-measure": 0.676923076923077}, "ME1.wav": {"precision": 0.21428571428571427, "recall": 0.8181818181818182, "f-measure": 0.33962264150943394}}}