{"set_name": "TEST", "report_date": "08122021_11_15_52", "overall_scores": {"precision": 0.5988701664860495, "recall": 0.36163433227893654, "fmeasure (percentage)": 45.095}, "scores_per_subset": {"ML": {"precision": 0.9212962962962963, "recall": 0.20837696335078534, "f-measure": 0.3398804440649018}, "DC": {"precision": 0.47433460076045625, "recall": 0.4698681732580038, "f-measure": 0.4720908230842006}, "ME": {"precision": 0.5507246376811594, "recall": 0.7307692307692307, "f-measure": 0.628099173553719}}, "scores_per_audiofile": {"DCASE2021-ML_129696.wav": {"precision": 0.5, "recall": 0.013157894736842105, "f-measure": 0.02564102564102564}, "DCASE2021-ML_131369.wav": {"precision": 1.0, "recall": 0.075, "f-measure": 0.13953488372093023}, "DCASE2021-ML_131198.wav": {"precision": 1e-05, "recall": 1e-05, "f-measure": 1e-05}, "DCASE2021-ML_197045.wav": {"precision": 1.0, "recall": 0.24324324324324326, "f-measure": 0.391304347826087}, "DCASE2021-ML_126376.wav": {"precision": 0.9333333333333333, "recall": 0.14893617021276595, "f-measure": 0.25688073394495414}, "DCASE2021-ML_191491.wav": {"precision": 1.0, "recall": 0.6666666666666666, "f-measure": 0.8}, "DCASE2021-ML_37045.wav": {"precision": 1.0, "recall": 0.08333333333333333, "f-measure": 0.15384615384615385}, "DCASE2021-ML_176488.wav": {"precision": 1.0, "recall": 0.7777777777777778, "f-measure": 0.875}, "DCASE2021-ML_40509.wav": {"precision": 1.0, "recall": 0.056910569105691054, "f-measure": 0.1076923076923077}, "DCASE2021-ML_268995.wav": {"precision": 1.0, "recall": 0.1, "f-measure": 0.18181818181818182}, "DCASE2021-ML_190099.wav": {"precision": 0.9375, "recall": 1.0, "f-measure": 0.967741935483871}, "DCASE2021-ML_89792.wav": {"precision": 0.8333333333333334, "recall": 0.6896551724137931, "f-measure": 0.7547169811320755}, "DCASE2021-ML_72010931.wav": {"precision": 1.0, "recall": 0.13559322033898305, "f-measure": 0.23880597014925373}, "DCASE2021-ML_273164.wav": {"precision": 1.0, "recall": 0.006666666666666667, "f-measure": 0.013245033112582781}, "DCASE2021-ML_53963.wav": {"precision": 1.0, "recall": 0.19230769230769232, "f-measure": 0.3225806451612903}, "DCASE2021-ML_521435.wav": {"precision": 0.8235294117647058, "recall": 0.4827586206896552, "f-measure": 0.6086956521739131}, "DCASE2021-ML_168236.wav": {"precision": 0.9310344827586207, "recall": 0.4909090909090909, "f-measure": 0.6428571428571429}, "DC11.wav": {"precision": 0.1597222222222222, "recall": 0.42592592592592593, "f-measure": 0.23232323232323232}, "DC10.wav": {"precision": 0.384180790960452, "recall": 0.5528455284552846, "f-measure": 0.4533333333333333}, "DC12.wav": {"precision": 0.3220338983050847, "recall": 0.4418604651162791, "f-measure": 0.37254901960784315}, "DC08.wav": {"precision": 0.9545454545454546, "recall": 0.9333333333333333, "f-measure": 0.9438202247191011}, "DC02.wav": {"precision": 0.423728813559322, "recall": 0.17857142857142858, "f-measure": 0.25125628140703515}, "DC06.wav": {"precision": 0.09523809523809523, "recall": 0.0625, "f-measure": 0.07547169811320754}, "DC07.wav": {"precision": 0.7659574468085106, "recall": 0.782608695652174, "f-measure": 0.7741935483870968}, "DC09.wav": {"precision": 0.15555555555555556, "recall": 0.5833333333333334, "f-measure": 0.24561403508771928}, "DC04.wav": {"precision": 0.18181818181818182, "recall": 0.08333333333333333, "f-measure": 0.11428571428571428}, "DC05.wav": {"precision": 0.19047619047619047, "recall": 0.37209302325581395, "f-measure": 0.25196850393700787}, "DC01.wav": {"precision": 0.8529411764705882, "recall": 0.5523809523809524, "f-measure": 0.6705202312138728}, "DC03.wav": {"precision": 0.325, "recall": 0.09701492537313433, "f-measure": 0.14942528735632185}, "ME2.wav": {"precision": 0.9032258064516129, "recall": 0.6829268292682927, "f-measure": 0.7777777777777778}, "ME1.wav": {"precision": 0.2631578947368421, "recall": 0.9090909090909091, "f-measure": 0.40816326530612246}}}