{"set_name": "TEST", "report_date": "08122021_18_59_05", "overall_scores": {"precision": 0.5409947598203759, "recall": 0.35966293045599756, "fmeasure (percentage)": 43.207}, "scores_per_subset": {"ML": {"precision": 0.8267148014440433, "recall": 0.23730569948186528, "f-measure": 0.3687600644122383}, "DC": {"precision": 0.455, "recall": 0.4284369114877589, "f-measure": 0.44131910766246363}, "ME": {"precision": 0.46774193548387094, "recall": 0.5576923076923077, "f-measure": 0.5087719298245614}}, "scores_per_audiofile": {"DCASE2021-ML_129696.wav": {"precision": 1e-05, "recall": 1e-05, "f-measure": 1e-05}, "DCASE2021-ML_131369.wav": {"precision": 1.0, "recall": 0.2, "f-measure": 0.3333333333333333}, "DCASE2021-ML_131198.wav": {"precision": 1e-05, "recall": 1e-05, "f-measure": 1e-05}, "DCASE2021-ML_197045.wav": {"precision": 1.0, "recall": 0.16216216216216217, "f-measure": 0.27906976744186046}, "DCASE2021-ML_126376.wav": {"precision": 0.84, "recall": 0.22340425531914893, "f-measure": 0.35294117647058826}, "DCASE2021-ML_191491.wav": {"precision": 1.0, "recall": 0.4444444444444444, "f-measure": 0.6153846153846154}, "DCASE2021-ML_37045.wav": {"precision": 1.0, "recall": 0.08333333333333333, "f-measure": 0.15384615384615385}, "DCASE2021-ML_176488.wav": {"precision": 0.6666666666666666, "recall": 0.2222222222222222, "f-measure": 0.3333333333333333}, "DCASE2021-ML_40509.wav": {"precision": 1.0, "recall": 0.06504065040650407, "f-measure": 0.12213740458015267}, "DCASE2021-ML_268995.wav": {"precision": 0.6666666666666666, "recall": 0.2, "f-measure": 0.3076923076923077}, "DCASE2021-ML_190099.wav": {"precision": 0.6842105263157895, "recall": 0.8666666666666667, "f-measure": 0.7647058823529411}, "DCASE2021-ML_89792.wav": {"precision": 0.9090909090909091, "recall": 0.6896551724137931, "f-measure": 0.7843137254901961}, "DCASE2021-ML_72010931.wav": {"precision": 1.0, "recall": 0.2711864406779661, "f-measure": 0.4266666666666667}, "DCASE2021-ML_273164.wav": {"precision": 1e-05, "recall": 1e-05, "f-measure": 1e-05}, "DCASE2021-ML_53963.wav": {"precision": 1.0, "recall": 0.2564102564102564, "f-measure": 0.40816326530612246}, "DCASE2021-ML_521435.wav": {"precision": 0.7619047619047619, "recall": 0.5517241379310345, "f-measure": 0.64}, "DCASE2021-ML_168236.wav": {"precision": 0.7446808510638298, "recall": 0.6363636363636364, "f-measure": 0.6862745098039216}, "DC11.wav": {"precision": 0.06451612903225806, "recall": 0.037037037037037035, "f-measure": 0.047058823529411764}, "DC10.wav": {"precision": 0.4337899543378995, "recall": 0.7723577235772358, "f-measure": 0.5555555555555556}, "DC12.wav": {"precision": 0.275, "recall": 0.2558139534883721, "f-measure": 0.26506024096385544}, "DC08.wav": {"precision": 0.7951807228915663, "recall": 0.7333333333333333, "f-measure": 0.7630057803468208}, "DC02.wav": {"precision": 0.35064935064935066, "recall": 0.19285714285714287, "f-measure": 0.2488479262672811}, "DC06.wav": {"precision": 0.1111111111111111, "recall": 0.109375, "f-measure": 0.11023622047244094}, "DC07.wav": {"precision": 0.7397959183673469, "recall": 0.6304347826086957, "f-measure": 0.6807511737089202}, "DC09.wav": {"precision": 0.16666666666666666, "recall": 0.5833333333333334, "f-measure": 0.25925925925925924}, "DC04.wav": {"precision": 0.2857142857142857, "recall": 0.3333333333333333, "f-measure": 0.3076923076923077}, "DC05.wav": {"precision": 0.16, "recall": 0.37209302325581395, "f-measure": 0.22377622377622378}, "DC01.wav": {"precision": 0.7368421052631579, "recall": 0.5333333333333333, "f-measure": 0.6187845303867403}, "DC03.wav": {"precision": 0.3333333333333333, "recall": 0.11194029850746269, "f-measure": 0.16759776536312848}, "ME2.wav": {"precision": 0.9090909090909091, "recall": 0.4878048780487805, "f-measure": 0.6349206349206349}, "ME1.wav": {"precision": 0.225, "recall": 0.8181818181818182, "f-measure": 0.35294117647058826}}}