{"set_name": "TEST", "report_date": "08122021_21_34_52", "overall_scores": {"precision": 0.5545481594592622, "recall": 0.35451665592639614, "fmeasure (percentage)": 43.252}, "scores_per_subset": {"ML": {"precision": 0.8178438661710037, "recall": 0.22916666666666666, "f-measure": 0.3580146460537022}, "DC": {"precision": 0.45723014256619143, "recall": 0.4227871939736347, "f-measure": 0.43933463796477495}, "ME": {"precision": 0.5, "recall": 0.5769230769230769, "f-measure": 0.5357142857142857}}, "scores_per_audiofile": {"DCASE2021-ML_129696.wav": {"precision": 1.0, "recall": 0.039473684210526314, "f-measure": 0.0759493670886076}, "DCASE2021-ML_131369.wav": {"precision": 1.0, "recall": 0.175, "f-measure": 0.2978723404255319}, "DCASE2021-ML_131198.wav": {"precision": 1e-05, "recall": 1e-05, "f-measure": 1e-05}, "DCASE2021-ML_197045.wav": {"precision": 1.0, "recall": 0.0945945945945946, "f-measure": 0.1728395061728395}, "DCASE2021-ML_126376.wav": {"precision": 0.8888888888888888, "recall": 0.2553191489361702, "f-measure": 0.39669421487603307}, "DCASE2021-ML_191491.wav": {"precision": 0.8571428571428571, "recall": 0.6666666666666666, "f-measure": 0.75}, "DCASE2021-ML_37045.wav": {"precision": 1.0, "recall": 0.16666666666666666, "f-measure": 0.2857142857142857}, "DCASE2021-ML_176488.wav": {"precision": 1.0, "recall": 0.2222222222222222, "f-measure": 0.36363636363636365}, "DCASE2021-ML_40509.wav": {"precision": 1.0, "recall": 0.06504065040650407, "f-measure": 0.12213740458015267}, "DCASE2021-ML_268995.wav": {"precision": 0.5, "recall": 0.1, "f-measure": 0.16666666666666666}, "DCASE2021-ML_190099.wav": {"precision": 0.7368421052631579, "recall": 0.9333333333333333, "f-measure": 0.8235294117647058}, "DCASE2021-ML_89792.wav": {"precision": 1.0, "recall": 0.5172413793103449, "f-measure": 0.6818181818181818}, "DCASE2021-ML_72010931.wav": {"precision": 1.0, "recall": 0.23728813559322035, "f-measure": 0.3835616438356164}, "DCASE2021-ML_273164.wav": {"precision": 1e-05, "recall": 1e-05, "f-measure": 1e-05}, "DCASE2021-ML_53963.wav": {"precision": 1.0, "recall": 0.28205128205128205, "f-measure": 0.44}, "DCASE2021-ML_521435.wav": {"precision": 0.6511627906976745, "recall": 0.4827586206896552, "f-measure": 0.5544554455445545}, "DCASE2021-ML_168236.wav": {"precision": 0.7362637362637363, "recall": 0.6090909090909091, "f-measure": 0.6666666666666666}, "DC11.wav": {"precision": 0.06666666666666667, "recall": 0.037037037037037035, "f-measure": 0.047619047619047616}, "DC10.wav": {"precision": 0.43119266055045874, "recall": 0.7642276422764228, "f-measure": 0.5513196480938416}, "DC12.wav": {"precision": 0.2571428571428571, "recall": 0.20930232558139536, "f-measure": 0.23076923076923078}, "DC08.wav": {"precision": 0.8214285714285714, "recall": 0.7666666666666667, "f-measure": 0.7931034482758621}, "DC02.wav": {"precision": 0.328125, "recall": 0.15, "f-measure": 0.20588235294117646}, "DC06.wav": {"precision": 0.10144927536231885, "recall": 0.109375, "f-measure": 0.10526315789473684}, "DC07.wav": {"precision": 0.7164179104477612, "recall": 0.6260869565217392, "f-measure": 0.6682134570765661}, "DC09.wav": {"precision": 0.14583333333333334, "recall": 0.5833333333333334, "f-measure": 0.23333333333333334}, "DC04.wav": {"precision": 0.23333333333333334, "recall": 0.2916666666666667, "f-measure": 0.25925925925925924}, "DC05.wav": {"precision": 0.18823529411764706, "recall": 0.37209302325581395, "f-measure": 0.25}, "DC01.wav": {"precision": 0.7837837837837838, "recall": 0.5523809523809524, "f-measure": 0.6480446927374302}, "DC03.wav": {"precision": 0.3409090909090909, "recall": 0.11194029850746269, "f-measure": 0.16853932584269662}, "ME2.wav": {"precision": 0.9130434782608695, "recall": 0.5121951219512195, "f-measure": 0.65625}, "ME1.wav": {"precision": 0.24324324324324326, "recall": 0.8181818181818182, "f-measure": 0.375}}}