{"set_name": "TEST", "report_date": "09122021_00_51_09", "overall_scores": {"precision": 0.5331021660420414, "recall": 0.36168411000696105, "fmeasure (percentage)": 43.097}, "scores_per_subset": {"ML": {"precision": 0.8534798534798534, "recall": 0.24397905759162303, "f-measure": 0.3794788273615635}, "DC": {"precision": 0.44466800804828976, "recall": 0.416195856873823, "f-measure": 0.42996108949416345}, "ME": {"precision": 0.453125, "recall": 0.5576923076923077, "f-measure": 0.5}}, "scores_per_audiofile": {"DCASE2021-ML_129696.wav": {"precision": 1.0, "recall": 0.02631578947368421, "f-measure": 0.05128205128205128}, "DCASE2021-ML_131369.wav": {"precision": 1.0, "recall": 0.125, "f-measure": 0.2222222222222222}, "DCASE2021-ML_131198.wav": {"precision": 1.0, "recall": 0.25, "f-measure": 0.4}, "DCASE2021-ML_197045.wav": {"precision": 1.0, "recall": 0.0945945945945946, "f-measure": 0.1728395061728395}, "DCASE2021-ML_126376.wav": {"precision": 0.88, "recall": 0.23404255319148937, "f-measure": 0.3697478991596639}, "DCASE2021-ML_191491.wav": {"precision": 0.8333333333333334, "recall": 0.5555555555555556, "f-measure": 0.6666666666666666}, "DCASE2021-ML_37045.wav": {"precision": 1.0, "recall": 0.25, "f-measure": 0.4}, "DCASE2021-ML_176488.wav": {"precision": 1.0, "recall": 0.2222222222222222, "f-measure": 0.36363636363636365}, "DCASE2021-ML_40509.wav": {"precision": 1.0, "recall": 0.08943089430894309, "f-measure": 0.16417910447761194}, "DCASE2021-ML_268995.wav": {"precision": 0.5, "recall": 0.1, "f-measure": 0.16666666666666666}, "DCASE2021-ML_190099.wav": {"precision": 0.7368421052631579, "recall": 0.9333333333333333, "f-measure": 0.8235294117647058}, "DCASE2021-ML_89792.wav": {"precision": 1.0, "recall": 0.6206896551724138, "f-measure": 0.7659574468085106}, "DCASE2021-ML_72010931.wav": {"precision": 1.0, "recall": 0.288135593220339, "f-measure": 0.4473684210526316}, "DCASE2021-ML_273164.wav": {"precision": 1e-05, "recall": 1e-05, "f-measure": 1e-05}, "DCASE2021-ML_53963.wav": {"precision": 1.0, "recall": 0.3333333333333333, "f-measure": 0.5}, "DCASE2021-ML_521435.wav": {"precision": 0.6829268292682927, "recall": 0.4827586206896552, "f-measure": 0.5656565656565656}, "DCASE2021-ML_168236.wav": {"precision": 0.8068181818181818, "recall": 0.6454545454545455, "f-measure": 0.7171717171717171}, "DC11.wav": {"precision": 0.05555555555555555, "recall": 0.018518518518518517, "f-measure": 0.027777777777777776}, "DC10.wav": {"precision": 0.4528301886792453, "recall": 0.7804878048780488, "f-measure": 0.573134328358209}, "DC12.wav": {"precision": 0.2647058823529412, "recall": 0.20930232558139536, "f-measure": 0.23376623376623376}, "DC08.wav": {"precision": 0.7948717948717948, "recall": 0.6888888888888889, "f-measure": 0.7380952380952381}, "DC02.wav": {"precision": 0.3372093023255814, "recall": 0.20714285714285716, "f-measure": 0.25663716814159293}, "DC06.wav": {"precision": 0.10810810810810811, "recall": 0.125, "f-measure": 0.11594202898550725}, "DC07.wav": {"precision": 0.7164948453608248, "recall": 0.6043478260869565, "f-measure": 0.6556603773584906}, "DC09.wav": {"precision": 0.16279069767441862, "recall": 0.5833333333333334, "f-measure": 0.2545454545454545}, "DC04.wav": {"precision": 0.19230769230769232, "recall": 0.20833333333333334, "f-measure": 0.2}, "DC05.wav": {"precision": 0.17757009345794392, "recall": 0.4418604651162791, "f-measure": 0.25333333333333335}, "DC01.wav": {"precision": 0.6973684210526315, "recall": 0.5047619047619047, "f-measure": 0.585635359116022}, "DC03.wav": {"precision": 0.30434782608695654, "recall": 0.1044776119402985, "f-measure": 0.15555555555555556}, "ME2.wav": {"precision": 0.9090909090909091, "recall": 0.4878048780487805, "f-measure": 0.6349206349206349}, "ME1.wav": {"precision": 0.21428571428571427, "recall": 0.8181818181818182, "f-measure": 0.33962264150943394}}}