{"set_name": "TEST", "report_date": "08122021_13_14_20", "overall_scores": {"precision": 0.5194644707270804, "recall": 0.45261292027878125, "fmeasure (percentage)": 48.374}, "scores_per_subset": {"ML": {"precision": 0.8274231678486997, "recall": 0.36649214659685864, "f-measure": 0.5079825834542816}, "DC": {"precision": 0.4247211895910781, "recall": 0.4303201506591337, "f-measure": 0.4275023386342376}, "ME": {"precision": 0.4520547945205479, "recall": 0.6346153846153846, "f-measure": 0.528}}, "scores_per_audiofile": {"DCASE2021-ML_129696.wav": {"precision": 1.0, "recall": 0.05263157894736842, "f-measure": 0.1}, "DCASE2021-ML_131369.wav": {"precision": 0.8823529411764706, "recall": 0.375, "f-measure": 0.5263157894736842}, "DCASE2021-ML_131198.wav": {"precision": 1.0, "recall": 0.25, "f-measure": 0.4}, "DCASE2021-ML_197045.wav": {"precision": 0.9285714285714286, "recall": 0.17567567567567569, "f-measure": 0.29545454545454547}, "DCASE2021-ML_126376.wav": {"precision": 0.9433962264150944, "recall": 0.5319148936170213, "f-measure": 0.6802721088435374}, "DCASE2021-ML_191491.wav": {"precision": 0.9, "recall": 1.0, "f-measure": 0.9473684210526315}, "DCASE2021-ML_37045.wav": {"precision": 1.0, "recall": 0.4166666666666667, "f-measure": 0.5882352941176471}, "DCASE2021-ML_176488.wav": {"precision": 1.0, "recall": 0.8888888888888888, "f-measure": 0.9411764705882353}, "DCASE2021-ML_40509.wav": {"precision": 1.0, "recall": 0.12195121951219512, "f-measure": 0.21739130434782608}, "DCASE2021-ML_268995.wav": {"precision": 0.8888888888888888, "recall": 0.8, "f-measure": 0.8421052631578947}, "DCASE2021-ML_190099.wav": {"precision": 0.4375, "recall": 0.9333333333333333, "f-measure": 0.5957446808510638}, "DCASE2021-ML_89792.wav": {"precision": 1.0, "recall": 0.8620689655172413, "f-measure": 0.9259259259259259}, "DCASE2021-ML_72010931.wav": {"precision": 1.0, "recall": 0.288135593220339, "f-measure": 0.4473684210526316}, "DCASE2021-ML_273164.wav": {"precision": 1e-05, "recall": 1e-05, "f-measure": 1e-05}, "DCASE2021-ML_53963.wav": {"precision": 1.0, "recall": 0.5512820512820513, "f-measure": 0.7107438016528925}, "DCASE2021-ML_521435.wav": {"precision": 0.7090909090909091, "recall": 0.6724137931034483, "f-measure": 0.6902654867256637}, "DCASE2021-ML_168236.wav": {"precision": 0.7304347826086957, "recall": 0.7636363636363637, "f-measure": 0.7466666666666667}, "DC11.wav": {"precision": 0.1111111111111111, "recall": 0.037037037037037035, "f-measure": 0.05555555555555555}, "DC10.wav": {"precision": 0.4444444444444444, "recall": 0.7479674796747967, "f-measure": 0.5575757575757576}, "DC12.wav": {"precision": 0.20833333333333334, "recall": 0.11627906976744186, "f-measure": 0.14925373134328357}, "DC08.wav": {"precision": 0.8, "recall": 0.7111111111111111, "f-measure": 0.7529411764705882}, "DC02.wav": {"precision": 0.36363636363636365, "recall": 0.2857142857142857, "f-measure": 0.32}, "DC06.wav": {"precision": 0.13414634146341464, "recall": 0.171875, "f-measure": 0.1506849315068493}, "DC07.wav": {"precision": 0.751412429378531, "recall": 0.5782608695652174, "f-measure": 0.6535626535626535}, "DC09.wav": {"precision": 0.16216216216216217, "recall": 0.5, "f-measure": 0.24489795918367346}, "DC04.wav": {"precision": 0.15555555555555556, "recall": 0.2916666666666667, "f-measure": 0.2028985507246377}, "DC05.wav": {"precision": 0.1773049645390071, "recall": 0.5813953488372093, "f-measure": 0.2717391304347826}, "DC01.wav": {"precision": 0.5684210526315789, "recall": 0.5142857142857142, "f-measure": 0.54}, "DC03.wav": {"precision": 0.3, "recall": 0.13432835820895522, "f-measure": 0.18556701030927836}, "ME2.wav": {"precision": 0.92, "recall": 0.5609756097560976, "f-measure": 0.696969696969697}, "ME1.wav": {"precision": 0.20833333333333334, "recall": 0.9090909090909091, "f-measure": 0.3389830508474576}}}