{"set_name": "TEST", "report_date": "08122021_12_11_47", "overall_scores": {"precision": 0.5829029902994405, "recall": 0.4208657179325625, "fmeasure (percentage)": 48.881}, "scores_per_subset": {"ML": {"precision": 0.9013605442176871, "recall": 0.2789473684210526, "f-measure": 0.42604501607717044}, "DC": {"precision": 0.47157502329916123, "recall": 0.4764595103578154, "f-measure": 0.4740046838407494}, "ME": {"precision": 0.5217391304347826, "recall": 0.6923076923076923, "f-measure": 0.5950413223140496}}, "scores_per_audiofile": {"DCASE2021-ML_129696.wav": {"precision": 1e-05, "recall": 1e-05, "f-measure": 1e-05}, "DCASE2021-ML_131369.wav": {"precision": 0.8888888888888888, "recall": 0.2, "f-measure": 0.32653061224489793}, "DCASE2021-ML_131198.wav": {"precision": 1.0, "recall": 1.0, "f-measure": 1.0}, "DCASE2021-ML_197045.wav": {"precision": 1.0, "recall": 0.22972972972972974, "f-measure": 0.37362637362637363}, "DCASE2021-ML_126376.wav": {"precision": 0.9142857142857143, "recall": 0.3404255319148936, "f-measure": 0.49612403100775193}, "DCASE2021-ML_191491.wav": {"precision": 1.0, "recall": 0.7777777777777778, "f-measure": 0.875}, "DCASE2021-ML_37045.wav": {"precision": 1.0, "recall": 0.75, "f-measure": 0.8571428571428571}, "DCASE2021-ML_176488.wav": {"precision": 1.0, "recall": 0.8888888888888888, "f-measure": 0.9411764705882353}, "DCASE2021-ML_40509.wav": {"precision": 1.0, "recall": 0.056910569105691054, "f-measure": 0.1076923076923077}, "DCASE2021-ML_268995.wav": {"precision": 0.5, "recall": 0.1, "f-measure": 0.16666666666666666}, "DCASE2021-ML_190099.wav": {"precision": 0.7, "recall": 0.9333333333333333, "f-measure": 0.8}, "DCASE2021-ML_89792.wav": {"precision": 0.9090909090909091, "recall": 0.6896551724137931, "f-measure": 0.7843137254901961}, "DCASE2021-ML_72010931.wav": {"precision": 0.9444444444444444, "recall": 0.288135593220339, "f-measure": 0.44155844155844154}, "DCASE2021-ML_273164.wav": {"precision": 1.0, "recall": 0.006666666666666667, "f-measure": 0.013245033112582781}, "DCASE2021-ML_53963.wav": {"precision": 1.0, "recall": 0.3717948717948718, "f-measure": 0.5420560747663551}, "DCASE2021-ML_521435.wav": {"precision": 0.78125, "recall": 0.43103448275862066, "f-measure": 0.5555555555555556}, "DCASE2021-ML_168236.wav": {"precision": 0.9041095890410958, "recall": 0.6, "f-measure": 0.7213114754098361}, "DC11.wav": {"precision": 0.15384615384615385, "recall": 0.14814814814814814, "f-measure": 0.1509433962264151}, "DC10.wav": {"precision": 0.4192139737991266, "recall": 0.7804878048780488, "f-measure": 0.5454545454545454}, "DC12.wav": {"precision": 0.3387096774193548, "recall": 0.4883720930232558, "f-measure": 0.4}, "DC08.wav": {"precision": 0.8791208791208791, "recall": 0.8888888888888888, "f-measure": 0.8839779005524862}, "DC02.wav": {"precision": 0.3333333333333333, "recall": 0.16428571428571428, "f-measure": 0.22009569377990432}, "DC06.wav": {"precision": 0.11267605633802817, "recall": 0.125, "f-measure": 0.11851851851851852}, "DC07.wav": {"precision": 0.7746478873239436, "recall": 0.717391304347826, "f-measure": 0.744920993227991}, "DC09.wav": {"precision": 0.175, "recall": 0.5833333333333334, "f-measure": 0.2692307692307692}, "DC04.wav": {"precision": 0.23529411764705882, "recall": 0.3333333333333333, "f-measure": 0.27586206896551724}, "DC05.wav": {"precision": 0.18947368421052632, "recall": 0.4186046511627907, "f-measure": 0.2608695652173913}, "DC01.wav": {"precision": 0.7837837837837838, "recall": 0.5523809523809524, "f-measure": 0.6480446927374302}, "DC03.wav": {"precision": 0.32558139534883723, "recall": 0.1044776119402985, "f-measure": 0.15819209039548024}, "ME2.wav": {"precision": 0.8666666666666667, "recall": 0.6341463414634146, "f-measure": 0.7323943661971831}, "ME1.wav": {"precision": 0.2564102564102564, "recall": 0.9090909090909091, "f-measure": 0.4}}}