{"set_name": "TEST", "report_date": "08122021_13_32_06", "overall_scores": {"precision": 0.5235480118029724, "recall": 0.42000893158133074, "fmeasure (percentage)": 46.61}, "scores_per_subset": {"ML": {"precision": 0.7906976744186046, "recall": 0.3204188481675393, "f-measure": 0.45603576751117736}, "DC": {"precision": 0.42218080149114634, "recall": 0.4265536723163842, "f-measure": 0.4243559718969555}, "ME": {"precision": 0.47692307692307695, "recall": 0.5961538461538461, "f-measure": 0.5299145299145299}}, "scores_per_audiofile": {"DCASE2021-ML_129696.wav": {"precision": 1.0, "recall": 0.07894736842105263, "f-measure": 0.14634146341463414}, "DCASE2021-ML_131369.wav": {"precision": 0.8888888888888888, "recall": 0.4, "f-measure": 0.5517241379310345}, "DCASE2021-ML_131198.wav": {"precision": 1.0, "recall": 0.25, "f-measure": 0.4}, "DCASE2021-ML_197045.wav": {"precision": 1.0, "recall": 0.0945945945945946, "f-measure": 0.1728395061728395}, "DCASE2021-ML_126376.wav": {"precision": 0.9411764705882353, "recall": 0.5106382978723404, "f-measure": 0.6620689655172414}, "DCASE2021-ML_191491.wav": {"precision": 0.8333333333333334, "recall": 0.5555555555555556, "f-measure": 0.6666666666666666}, "DCASE2021-ML_37045.wav": {"precision": 1.0, "recall": 0.25, "f-measure": 0.4}, "DCASE2021-ML_176488.wav": {"precision": 1.0, "recall": 1.0, "f-measure": 1.0}, "DCASE2021-ML_40509.wav": {"precision": 1.0, "recall": 0.11382113821138211, "f-measure": 0.20437956204379562}, "DCASE2021-ML_268995.wav": {"precision": 0.6, "recall": 0.3, "f-measure": 0.4}, "DCASE2021-ML_190099.wav": {"precision": 0.37142857142857144, "recall": 0.8666666666666667, "f-measure": 0.52}, "DCASE2021-ML_89792.wav": {"precision": 1.0, "recall": 0.896551724137931, "f-measure": 0.9454545454545454}, "DCASE2021-ML_72010931.wav": {"precision": 1.0, "recall": 0.3050847457627119, "f-measure": 0.4675324675324675}, "DCASE2021-ML_273164.wav": {"precision": 1e-05, "recall": 1e-05, "f-measure": 1e-05}, "DCASE2021-ML_53963.wav": {"precision": 1.0, "recall": 0.3333333333333333, "f-measure": 0.5}, "DCASE2021-ML_521435.wav": {"precision": 0.7142857142857143, "recall": 0.603448275862069, "f-measure": 0.6542056074766355}, "DCASE2021-ML_168236.wav": {"precision": 0.672566371681416, "recall": 0.6909090909090909, "f-measure": 0.6816143497757847}, "DC11.wav": {"precision": 0.058823529411764705, "recall": 0.018518518518518517, "f-measure": 0.028169014084507043}, "DC10.wav": {"precision": 0.44549763033175355, "recall": 0.7642276422764228, "f-measure": 0.562874251497006}, "DC12.wav": {"precision": 0.09090909090909091, "recall": 0.046511627906976744, "f-measure": 0.06153846153846154}, "DC08.wav": {"precision": 0.8108108108108109, "recall": 0.6666666666666666, "f-measure": 0.7317073170731707}, "DC02.wav": {"precision": 0.3333333333333333, "recall": 0.2357142857142857, "f-measure": 0.27615062761506276}, "DC06.wav": {"precision": 0.11627906976744186, "recall": 0.15625, "f-measure": 0.13333333333333333}, "DC07.wav": {"precision": 0.717948717948718, "recall": 0.6086956521739131, "f-measure": 0.6588235294117647}, "DC09.wav": {"precision": 0.14634146341463414, "recall": 0.5, "f-measure": 0.22641509433962265}, "DC04.wav": {"precision": 0.1702127659574468, "recall": 0.3333333333333333, "f-measure": 0.22535211267605634}, "DC05.wav": {"precision": 0.15748031496062992, "recall": 0.46511627906976744, "f-measure": 0.23529411764705882}, "DC01.wav": {"precision": 0.6122448979591837, "recall": 0.5714285714285714, "f-measure": 0.5911330049261084}, "DC03.wav": {"precision": 0.3392857142857143, "recall": 0.1417910447761194, "f-measure": 0.2}, "ME2.wav": {"precision": 0.9130434782608695, "recall": 0.5121951219512195, "f-measure": 0.65625}, "ME1.wav": {"precision": 0.23809523809523808, "recall": 0.9090909090909091, "f-measure": 0.37735849056603776}}}