{"set_name": "TEST", "report_date": "08122021_18_40_09", "overall_scores": {"precision": 0.5545472718094892, "recall": 0.34652121830823274, "fmeasure (percentage)": 42.652}, "scores_per_subset": {"ML": {"precision": 0.806949806949807, "recall": 0.218848167539267, "f-measure": 0.3443163097199341}, "DC": {"precision": 0.44697720515361744, "recall": 0.4246704331450094, "f-measure": 0.435538387252535}, "ME": {"precision": 0.5172413793103449, "recall": 0.5769230769230769, "f-measure": 0.5454545454545454}}, "scores_per_audiofile": {"DCASE2021-ML_129696.wav": {"precision": 1.0, "recall": 0.013157894736842105, "f-measure": 0.025974025974025976}, "DCASE2021-ML_131369.wav": {"precision": 1.0, "recall": 0.2, "f-measure": 0.3333333333333333}, "DCASE2021-ML_131198.wav": {"precision": 1.0, "recall": 0.25, "f-measure": 0.4}, "DCASE2021-ML_197045.wav": {"precision": 1.0, "recall": 0.12162162162162163, "f-measure": 0.21686746987951808}, "DCASE2021-ML_126376.wav": {"precision": 0.8095238095238095, "recall": 0.18085106382978725, "f-measure": 0.2956521739130435}, "DCASE2021-ML_191491.wav": {"precision": 0.6666666666666666, "recall": 0.2222222222222222, "f-measure": 0.3333333333333333}, "DCASE2021-ML_37045.wav": {"precision": 1.0, "recall": 0.16666666666666666, "f-measure": 0.2857142857142857}, "DCASE2021-ML_176488.wav": {"precision": 1.0, "recall": 0.2222222222222222, "f-measure": 0.36363636363636365}, "DCASE2021-ML_40509.wav": {"precision": 1.0, "recall": 0.06504065040650407, "f-measure": 0.12213740458015267}, "DCASE2021-ML_268995.wav": {"precision": 0.5, "recall": 0.1, "f-measure": 0.16666666666666666}, "DCASE2021-ML_190099.wav": {"precision": 0.75, "recall": 1.0, "f-measure": 0.8571428571428571}, "DCASE2021-ML_89792.wav": {"precision": 1.0, "recall": 0.5172413793103449, "f-measure": 0.6818181818181818}, "DCASE2021-ML_72010931.wav": {"precision": 1.0, "recall": 0.23728813559322035, "f-measure": 0.3835616438356164}, "DCASE2021-ML_273164.wav": {"precision": 1e-05, "recall": 1e-05, "f-measure": 1e-05}, "DCASE2021-ML_53963.wav": {"precision": 1.0, "recall": 0.3076923076923077, "f-measure": 0.47058823529411764}, "DCASE2021-ML_521435.wav": {"precision": 0.5405405405405406, "recall": 0.3448275862068966, "f-measure": 0.42105263157894735}, "DCASE2021-ML_168236.wav": {"precision": 0.7608695652173914, "recall": 0.6363636363636364, "f-measure": 0.693069306930693}, "DC11.wav": {"precision": 0.06896551724137931, "recall": 0.037037037037037035, "f-measure": 0.04819277108433735}, "DC10.wav": {"precision": 0.4225352112676056, "recall": 0.7317073170731707, "f-measure": 0.5357142857142857}, "DC12.wav": {"precision": 0.2926829268292683, "recall": 0.27906976744186046, "f-measure": 0.2857142857142857}, "DC08.wav": {"precision": 0.7710843373493976, "recall": 0.7111111111111111, "f-measure": 0.7398843930635838}, "DC02.wav": {"precision": 0.3382352941176471, "recall": 0.16428571428571428, "f-measure": 0.22115384615384615}, "DC06.wav": {"precision": 0.1095890410958904, "recall": 0.125, "f-measure": 0.11678832116788321}, "DC07.wav": {"precision": 0.7192118226600985, "recall": 0.6347826086956522, "f-measure": 0.674364896073903}, "DC09.wav": {"precision": 0.14285714285714285, "recall": 0.5833333333333334, "f-measure": 0.22950819672131148}, "DC04.wav": {"precision": 0.24242424242424243, "recall": 0.3333333333333333, "f-measure": 0.2807017543859649}, "DC05.wav": {"precision": 0.2222222222222222, "recall": 0.46511627906976744, "f-measure": 0.3007518796992481}, "DC01.wav": {"precision": 0.686046511627907, "recall": 0.5619047619047619, "f-measure": 0.6178010471204188}, "DC03.wav": {"precision": 0.2926829268292683, "recall": 0.08955223880597014, "f-measure": 0.13714285714285715}, "ME2.wav": {"precision": 0.9090909090909091, "recall": 0.4878048780487805, "f-measure": 0.6349206349206349}, "ME1.wav": {"precision": 0.2777777777777778, "recall": 0.9090909090909091, "f-measure": 0.425531914893617}}}