{"set_name": "TEST", "report_date": "08122021_11_34_29", "overall_scores": {"precision": 0.5893666800168033, "recall": 0.35706991942371247, "fmeasure (percentage)": 44.471}, "scores_per_subset": {"ML": {"precision": 0.8711111111111111, "recall": 0.2063157894736842, "f-measure": 0.33361702127659576}, "DC": {"precision": 0.466798810703667, "recall": 0.4435028248587571, "f-measure": 0.45485272815065186}, "ME": {"precision": 0.5555555555555556, "recall": 0.7692307692307693, "f-measure": 0.6451612903225806}}, "scores_per_audiofile": {"DCASE2021-ML_129696.wav": {"precision": 0.8, "recall": 0.05263157894736842, "f-measure": 0.09876543209876543}, "DCASE2021-ML_131369.wav": {"precision": 0.6666666666666666, "recall": 0.1, "f-measure": 0.17391304347826086}, "DCASE2021-ML_131198.wav": {"precision": 1.0, "recall": 1.0, "f-measure": 1.0}, "DCASE2021-ML_197045.wav": {"precision": 1.0, "recall": 0.13513513513513514, "f-measure": 0.23809523809523808}, "DCASE2021-ML_126376.wav": {"precision": 0.7619047619047619, "recall": 0.1702127659574468, "f-measure": 0.2782608695652174}, "DCASE2021-ML_191491.wav": {"precision": 1.0, "recall": 0.4444444444444444, "f-measure": 0.6153846153846154}, "DCASE2021-ML_37045.wav": {"precision": 1.0, "recall": 0.08333333333333333, "f-measure": 0.15384615384615385}, "DCASE2021-ML_176488.wav": {"precision": 1.0, "recall": 0.2222222222222222, "f-measure": 0.36363636363636365}, "DCASE2021-ML_40509.wav": {"precision": 1.0, "recall": 0.04878048780487805, "f-measure": 0.09302325581395349}, "DCASE2021-ML_268995.wav": {"precision": 1.0, "recall": 0.7, "f-measure": 0.8235294117647058}, "DCASE2021-ML_190099.wav": {"precision": 0.5909090909090909, "recall": 0.8666666666666667, "f-measure": 0.7027027027027027}, "DCASE2021-ML_89792.wav": {"precision": 1.0, "recall": 0.3448275862068966, "f-measure": 0.5128205128205128}, "DCASE2021-ML_72010931.wav": {"precision": 1.0, "recall": 0.2033898305084746, "f-measure": 0.3380281690140845}, "DCASE2021-ML_273164.wav": {"precision": 1.0, "recall": 0.006666666666666667, "f-measure": 0.013245033112582781}, "DCASE2021-ML_53963.wav": {"precision": 1.0, "recall": 0.10256410256410256, "f-measure": 0.18604651162790697}, "DCASE2021-ML_521435.wav": {"precision": 0.8461538461538461, "recall": 0.7586206896551724, "f-measure": 0.8}, "DCASE2021-ML_168236.wav": {"precision": 0.9259259259259259, "recall": 0.45454545454545453, "f-measure": 0.6097560975609756}, "DC11.wav": {"precision": 0.16058394160583941, "recall": 0.4074074074074074, "f-measure": 0.23036649214659685}, "DC10.wav": {"precision": 0.35443037974683544, "recall": 0.45528455284552843, "f-measure": 0.398576512455516}, "DC12.wav": {"precision": 0.3125, "recall": 0.46511627906976744, "f-measure": 0.37383177570093457}, "DC08.wav": {"precision": 0.9647058823529412, "recall": 0.9111111111111111, "f-measure": 0.9371428571428572}, "DC02.wav": {"precision": 0.36363636363636365, "recall": 0.11428571428571428, "f-measure": 0.17391304347826086}, "DC06.wav": {"precision": 0.0975609756097561, "recall": 0.0625, "f-measure": 0.0761904761904762}, "DC07.wav": {"precision": 0.7478991596638656, "recall": 0.7739130434782608, "f-measure": 0.7606837606837606}, "DC09.wav": {"precision": 0.1276595744680851, "recall": 0.5, "f-measure": 0.2033898305084746}, "DC04.wav": {"precision": 0.21428571428571427, "recall": 0.125, "f-measure": 0.15789473684210525}, "DC05.wav": {"precision": 0.2, "recall": 0.37209302325581395, "f-measure": 0.2601626016260163}, "DC01.wav": {"precision": 0.855072463768116, "recall": 0.5619047619047619, "f-measure": 0.6781609195402298}, "DC03.wav": {"precision": 0.28125, "recall": 0.06716417910447761, "f-measure": 0.10843373493975904}, "ME2.wav": {"precision": 0.8823529411764706, "recall": 0.7317073170731707, "f-measure": 0.8}, "ME1.wav": {"precision": 0.2631578947368421, "recall": 0.9090909090909091, "f-measure": 0.40816326530612246}}}