{"set_name": "TEST", "report_date": "08122021_14_39_49", "overall_scores": {"precision": 0.5771093847713781, "recall": 0.3709215641121701, "fmeasure (percentage)": 45.159}, "scores_per_subset": {"ML": {"precision": 0.8801652892561983, "recall": 0.221875, "f-measure": 0.3544093178036606}, "DC": {"precision": 0.45584045584045585, "recall": 0.4519774011299435, "f-measure": 0.45390070921985815}, "ME": {"precision": 0.5352112676056338, "recall": 0.7307692307692307, "f-measure": 0.6178861788617886}}, "scores_per_audiofile": {"DCASE2021-ML_129696.wav": {"precision": 1.0, "recall": 0.039473684210526314, "f-measure": 0.0759493670886076}, "DCASE2021-ML_131369.wav": {"precision": 1.0, "recall": 0.275, "f-measure": 0.43137254901960786}, "DCASE2021-ML_131198.wav": {"precision": 1e-05, "recall": 1e-05, "f-measure": 1e-05}, "DCASE2021-ML_197045.wav": {"precision": 1.0, "recall": 0.1891891891891892, "f-measure": 0.3181818181818182}, "DCASE2021-ML_126376.wav": {"precision": 0.8421052631578947, "recall": 0.1702127659574468, "f-measure": 0.2831858407079646}, "DCASE2021-ML_191491.wav": {"precision": 1.0, "recall": 0.5555555555555556, "f-measure": 0.7142857142857143}, "DCASE2021-ML_37045.wav": {"precision": 1.0, "recall": 0.25, "f-measure": 0.4}, "DCASE2021-ML_176488.wav": {"precision": 1.0, "recall": 0.1111111111111111, "f-measure": 0.2}, "DCASE2021-ML_40509.wav": {"precision": 1.0, "recall": 0.04878048780487805, "f-measure": 0.09302325581395349}, "DCASE2021-ML_268995.wav": {"precision": 0.5, "recall": 0.1, "f-measure": 0.16666666666666666}, "DCASE2021-ML_190099.wav": {"precision": 0.8333333333333334, "recall": 1.0, "f-measure": 0.9090909090909091}, "DCASE2021-ML_89792.wav": {"precision": 1.0, "recall": 0.6896551724137931, "f-measure": 0.8163265306122449}, "DCASE2021-ML_72010931.wav": {"precision": 1.0, "recall": 0.2711864406779661, "f-measure": 0.4266666666666667}, "DCASE2021-ML_273164.wav": {"precision": 1e-05, "recall": 1e-05, "f-measure": 1e-05}, "DCASE2021-ML_53963.wav": {"precision": 1.0, "recall": 0.1282051282051282, "f-measure": 0.22727272727272727}, "DCASE2021-ML_521435.wav": {"precision": 0.7948717948717948, "recall": 0.5344827586206896, "f-measure": 0.6391752577319587}, "DCASE2021-ML_168236.wav": {"precision": 0.8133333333333334, "recall": 0.5545454545454546, "f-measure": 0.6594594594594595}, "DC11.wav": {"precision": 0.1076923076923077, "recall": 0.12962962962962962, "f-measure": 0.11764705882352941}, "DC10.wav": {"precision": 0.42290748898678415, "recall": 0.7804878048780488, "f-measure": 0.5485714285714286}, "DC12.wav": {"precision": 0.35384615384615387, "recall": 0.5348837209302325, "f-measure": 0.42592592592592593}, "DC08.wav": {"precision": 0.8351648351648352, "recall": 0.8444444444444444, "f-measure": 0.8397790055248618}, "DC02.wav": {"precision": 0.3125, "recall": 0.14285714285714285, "f-measure": 0.19607843137254902}, "DC06.wav": {"precision": 0.1111111111111111, "recall": 0.109375, "f-measure": 0.11023622047244094}, "DC07.wav": {"precision": 0.7373271889400922, "recall": 0.6956521739130435, "f-measure": 0.7158836689038032}, "DC09.wav": {"precision": 0.15217391304347827, "recall": 0.5833333333333334, "f-measure": 0.2413793103448276}, "DC04.wav": {"precision": 0.2, "recall": 0.16666666666666666, "f-measure": 0.18181818181818182}, "DC05.wav": {"precision": 0.20224719101123595, "recall": 0.4186046511627907, "f-measure": 0.2727272727272727}, "DC01.wav": {"precision": 0.7428571428571429, "recall": 0.49523809523809526, "f-measure": 0.5942857142857143}, "DC03.wav": {"precision": 0.2777777777777778, "recall": 0.07462686567164178, "f-measure": 0.11764705882352941}, "ME2.wav": {"precision": 0.8787878787878788, "recall": 0.7073170731707317, "f-measure": 0.7837837837837838}, "ME1.wav": {"precision": 0.23684210526315788, "recall": 0.8181818181818182, "f-measure": 0.3673469387755102}}}