{"set_name": "TEST", "report_date": "08122021_20_10_57", "overall_scores": {"precision": 0.5926882592383576, "recall": 0.35155117600679037, "fmeasure (percentage)": 44.133}, "scores_per_subset": {"ML": {"precision": 0.8915094339622641, "recall": 0.19790575916230366, "f-measure": 0.32390745501285345}, "DC": {"precision": 0.4728155339805825, "recall": 0.4585687382297552, "f-measure": 0.4655831739961759}, "ME": {"precision": 0.547945205479452, "recall": 0.7692307692307693, "f-measure": 0.64}}, "scores_per_audiofile": {"DCASE2021-ML_129696.wav": {"precision": 0.5, "recall": 0.013157894736842105, "f-measure": 0.02564102564102564}, "DCASE2021-ML_131369.wav": {"precision": 1.0, "recall": 0.05, "f-measure": 0.09523809523809523}, "DCASE2021-ML_131198.wav": {"precision": 1e-05, "recall": 1e-05, "f-measure": 1e-05}, "DCASE2021-ML_197045.wav": {"precision": 1.0, "recall": 0.24324324324324326, "f-measure": 0.391304347826087}, "DCASE2021-ML_126376.wav": {"precision": 1.0, "recall": 0.1595744680851064, "f-measure": 0.27522935779816515}, "DCASE2021-ML_191491.wav": {"precision": 1.0, "recall": 0.5555555555555556, "f-measure": 0.7142857142857143}, "DCASE2021-ML_37045.wav": {"precision": 1.0, "recall": 0.08333333333333333, "f-measure": 0.15384615384615385}, "DCASE2021-ML_176488.wav": {"precision": 1.0, "recall": 0.2222222222222222, "f-measure": 0.36363636363636365}, "DCASE2021-ML_40509.wav": {"precision": 1.0, "recall": 0.04878048780487805, "f-measure": 0.09302325581395349}, "DCASE2021-ML_268995.wav": {"precision": 1.0, "recall": 0.1, "f-measure": 0.18181818181818182}, "DCASE2021-ML_190099.wav": {"precision": 0.9333333333333333, "recall": 0.9333333333333333, "f-measure": 0.9333333333333333}, "DCASE2021-ML_89792.wav": {"precision": 0.7272727272727273, "recall": 0.5517241379310345, "f-measure": 0.6274509803921569}, "DCASE2021-ML_72010931.wav": {"precision": 1.0, "recall": 0.1864406779661017, "f-measure": 0.3142857142857143}, "DCASE2021-ML_273164.wav": {"precision": 1.0, "recall": 0.006666666666666667, "f-measure": 0.013245033112582781}, "DCASE2021-ML_53963.wav": {"precision": 1.0, "recall": 0.14102564102564102, "f-measure": 0.24719101123595505}, "DCASE2021-ML_521435.wav": {"precision": 0.8222222222222222, "recall": 0.6379310344827587, "f-measure": 0.7184466019417476}, "DCASE2021-ML_168236.wav": {"precision": 0.8727272727272727, "recall": 0.43636363636363634, "f-measure": 0.5818181818181818}, "DC11.wav": {"precision": 0.152317880794702, "recall": 0.42592592592592593, "f-measure": 0.22439024390243903}, "DC10.wav": {"precision": 0.4161073825503356, "recall": 0.5040650406504065, "f-measure": 0.45588235294117646}, "DC12.wav": {"precision": 0.31666666666666665, "recall": 0.4418604651162791, "f-measure": 0.36893203883495146}, "DC08.wav": {"precision": 0.9438202247191011, "recall": 0.9333333333333333, "f-measure": 0.9385474860335196}, "DC02.wav": {"precision": 0.3684210526315789, "recall": 0.15, "f-measure": 0.2131979695431472}, "DC06.wav": {"precision": 0.08333333333333333, "recall": 0.0625, "f-measure": 0.07142857142857142}, "DC07.wav": {"precision": 0.75, "recall": 0.7956521739130434, "f-measure": 0.7721518987341772}, "DC09.wav": {"precision": 0.13333333333333333, "recall": 0.5, "f-measure": 0.21052631578947367}, "DC04.wav": {"precision": 0.1, "recall": 0.041666666666666664, "f-measure": 0.058823529411764705}, "DC05.wav": {"precision": 0.22857142857142856, "recall": 0.37209302325581395, "f-measure": 0.2831858407079646}, "DC01.wav": {"precision": 0.8405797101449275, "recall": 0.5523809523809524, "f-measure": 0.6666666666666666}, "DC03.wav": {"precision": 0.2631578947368421, "recall": 0.07462686567164178, "f-measure": 0.11627906976744186}, "ME2.wav": {"precision": 0.8823529411764706, "recall": 0.7317073170731707, "f-measure": 0.8}, "ME1.wav": {"precision": 0.2564102564102564, "recall": 0.9090909090909091, "f-measure": 0.4}}}