{"set_name": "TEST", "report_date": "08122021_22_01_12", "overall_scores": {"precision": 0.5242216346327823, "recall": 0.3557508960850435, "fmeasure (percentage)": 42.386}, "scores_per_subset": {"ML": {"precision": 0.8214285714285714, "recall": 0.24083769633507854, "f-measure": 0.3724696356275304}, "DC": {"precision": 0.4452122408687068, "recall": 0.4246704331450094, "f-measure": 0.4346987951807229}, "ME": {"precision": 0.4426229508196721, "recall": 0.5192307692307693, "f-measure": 0.4778761061946903}}, "scores_per_audiofile": {"DCASE2021-ML_129696.wav": {"precision": 1.0, "recall": 0.05263157894736842, "f-measure": 0.1}, "DCASE2021-ML_131369.wav": {"precision": 1.0, "recall": 0.125, "f-measure": 0.2222222222222222}, "DCASE2021-ML_131198.wav": {"precision": 1.0, "recall": 0.75, "f-measure": 0.8571428571428571}, "DCASE2021-ML_197045.wav": {"precision": 1.0, "recall": 0.0945945945945946, "f-measure": 0.1728395061728395}, "DCASE2021-ML_126376.wav": {"precision": 0.918918918918919, "recall": 0.3617021276595745, "f-measure": 0.5190839694656488}, "DCASE2021-ML_191491.wav": {"precision": 0.75, "recall": 0.3333333333333333, "f-measure": 0.46153846153846156}, "DCASE2021-ML_37045.wav": {"precision": 1.0, "recall": 0.08333333333333333, "f-measure": 0.15384615384615385}, "DCASE2021-ML_176488.wav": {"precision": 1.0, "recall": 0.3333333333333333, "f-measure": 0.5}, "DCASE2021-ML_40509.wav": {"precision": 1.0, "recall": 0.07317073170731707, "f-measure": 0.13636363636363635}, "DCASE2021-ML_268995.wav": {"precision": 0.5, "recall": 0.1, "f-measure": 0.16666666666666666}, "DCASE2021-ML_190099.wav": {"precision": 0.7368421052631579, "recall": 0.9333333333333333, "f-measure": 0.8235294117647058}, "DCASE2021-ML_89792.wav": {"precision": 1.0, "recall": 0.7586206896551724, "f-measure": 0.8627450980392157}, "DCASE2021-ML_72010931.wav": {"precision": 1.0, "recall": 0.288135593220339, "f-measure": 0.4473684210526316}, "DCASE2021-ML_273164.wav": {"precision": 1e-05, "recall": 1e-05, "f-measure": 1e-05}, "DCASE2021-ML_53963.wav": {"precision": 1.0, "recall": 0.2692307692307692, "f-measure": 0.42424242424242425}, "DCASE2021-ML_521435.wav": {"precision": 0.6578947368421053, "recall": 0.43103448275862066, "f-measure": 0.5208333333333334}, "DCASE2021-ML_168236.wav": {"precision": 0.6931818181818182, "recall": 0.5545454545454546, "f-measure": 0.6161616161616161}, "DC11.wav": {"precision": 0.09090909090909091, "recall": 0.037037037037037035, "f-measure": 0.05263157894736842}, "DC10.wav": {"precision": 0.4444444444444444, "recall": 0.7804878048780488, "f-measure": 0.5663716814159292}, "DC12.wav": {"precision": 0.2222222222222222, "recall": 0.18604651162790697, "f-measure": 0.20253164556962025}, "DC08.wav": {"precision": 0.7848101265822784, "recall": 0.6888888888888889, "f-measure": 0.7337278106508875}, "DC02.wav": {"precision": 0.35443037974683544, "recall": 0.2, "f-measure": 0.2557077625570776}, "DC06.wav": {"precision": 0.11842105263157894, "recall": 0.140625, "f-measure": 0.12857142857142856}, "DC07.wav": {"precision": 0.7142857142857143, "recall": 0.6086956521739131, "f-measure": 0.6572769953051644}, "DC09.wav": {"precision": 0.16279069767441862, "recall": 0.5833333333333334, "f-measure": 0.2545454545454545}, "DC04.wav": {"precision": 0.22857142857142856, "recall": 0.3333333333333333, "f-measure": 0.2711864406779661}, "DC05.wav": {"precision": 0.18811881188118812, "recall": 0.4418604651162791, "f-measure": 0.2638888888888889}, "DC01.wav": {"precision": 0.6785714285714286, "recall": 0.5428571428571428, "f-measure": 0.6031746031746031}, "DC03.wav": {"precision": 0.32608695652173914, "recall": 0.11194029850746269, "f-measure": 0.16666666666666666}, "ME2.wav": {"precision": 0.9, "recall": 0.43902439024390244, "f-measure": 0.5901639344262295}, "ME1.wav": {"precision": 0.21951219512195122, "recall": 0.8181818181818182, "f-measure": 0.34615384615384615}}}