{"set_name": "TEST", "report_date": "08122021_19_23_57", "overall_scores": {"precision": 0.5388451561943097, "recall": 0.3803653931780755, "fmeasure (percentage)": 44.594}, "scores_per_subset": {"ML": {"precision": 0.8141025641025641, "recall": 0.26458333333333334, "f-measure": 0.39937106918238996}, "DC": {"precision": 0.4396378269617706, "recall": 0.4114877589453861, "f-measure": 0.42509727626459143}, "ME": {"precision": 0.484375, "recall": 0.5961538461538461, "f-measure": 0.5344827586206896}}, "scores_per_audiofile": {"DCASE2021-ML_129696.wav": {"precision": 1.0, "recall": 0.05263157894736842, "f-measure": 0.1}, "DCASE2021-ML_131369.wav": {"precision": 1.0, "recall": 0.175, "f-measure": 0.2978723404255319}, "DCASE2021-ML_131198.wav": {"precision": 1e-05, "recall": 1e-05, "f-measure": 1e-05}, "DCASE2021-ML_197045.wav": {"precision": 1.0, "recall": 0.12162162162162163, "f-measure": 0.21686746987951808}, "DCASE2021-ML_126376.wav": {"precision": 0.8809523809523809, "recall": 0.39361702127659576, "f-measure": 0.5441176470588235}, "DCASE2021-ML_191491.wav": {"precision": 0.8333333333333334, "recall": 0.5555555555555556, "f-measure": 0.6666666666666666}, "DCASE2021-ML_37045.wav": {"precision": 1.0, "recall": 0.16666666666666666, "f-measure": 0.2857142857142857}, "DCASE2021-ML_176488.wav": {"precision": 1.0, "recall": 0.2222222222222222, "f-measure": 0.36363636363636365}, "DCASE2021-ML_40509.wav": {"precision": 1.0, "recall": 0.08943089430894309, "f-measure": 0.16417910447761194}, "DCASE2021-ML_268995.wav": {"precision": 0.5, "recall": 0.1, "f-measure": 0.16666666666666666}, "DCASE2021-ML_190099.wav": {"precision": 0.6666666666666666, "recall": 0.9333333333333333, "f-measure": 0.7777777777777778}, "DCASE2021-ML_89792.wav": {"precision": 1.0, "recall": 0.7241379310344828, "f-measure": 0.84}, "DCASE2021-ML_72010931.wav": {"precision": 1.0, "recall": 0.288135593220339, "f-measure": 0.4473684210526316}, "DCASE2021-ML_273164.wav": {"precision": 1e-05, "recall": 1e-05, "f-measure": 1e-05}, "DCASE2021-ML_53963.wav": {"precision": 1.0, "recall": 0.3076923076923077, "f-measure": 0.47058823529411764}, "DCASE2021-ML_521435.wav": {"precision": 0.6410256410256411, "recall": 0.43103448275862066, "f-measure": 0.5154639175257731}, "DCASE2021-ML_168236.wav": {"precision": 0.7142857142857143, "recall": 0.6818181818181818, "f-measure": 0.6976744186046512}, "DC11.wav": {"precision": 0.05555555555555555, "recall": 0.018518518518518517, "f-measure": 0.027777777777777776}, "DC10.wav": {"precision": 0.4549763033175355, "recall": 0.7804878048780488, "f-measure": 0.5748502994011976}, "DC12.wav": {"precision": 0.21875, "recall": 0.16279069767441862, "f-measure": 0.18666666666666668}, "DC08.wav": {"precision": 0.8289473684210527, "recall": 0.7, "f-measure": 0.7590361445783133}, "DC02.wav": {"precision": 0.3373493975903614, "recall": 0.2, "f-measure": 0.25112107623318386}, "DC06.wav": {"precision": 0.12, "recall": 0.140625, "f-measure": 0.12949640287769784}, "DC07.wav": {"precision": 0.7150259067357513, "recall": 0.6, "f-measure": 0.6524822695035462}, "DC09.wav": {"precision": 0.175, "recall": 0.5833333333333334, "f-measure": 0.2692307692307692}, "DC04.wav": {"precision": 0.22580645161290322, "recall": 0.2916666666666667, "f-measure": 0.2545454545454545}, "DC05.wav": {"precision": 0.18518518518518517, "recall": 0.46511627906976744, "f-measure": 0.26490066225165565}, "DC01.wav": {"precision": 0.5625, "recall": 0.42857142857142855, "f-measure": 0.4864864864864865}, "DC03.wav": {"precision": 0.3404255319148936, "recall": 0.11940298507462686, "f-measure": 0.17679558011049723}, "ME2.wav": {"precision": 0.9130434782608695, "recall": 0.5121951219512195, "f-measure": 0.65625}, "ME1.wav": {"precision": 0.24390243902439024, "recall": 0.9090909090909091, "f-measure": 0.38461538461538464}}}