{"set_name": "TEST", "report_date": "08122021_16_39_30", "overall_scores": {"precision": 0.6316298333670985, "recall": 0.38025040163434637, "fmeasure (percentage)": 47.472}, "scores_per_subset": {"ML": {"precision": 0.926984126984127, "recall": 0.30736842105263157, "f-measure": 0.4616600790513834}, "DC": {"precision": 0.5241935483870968, "recall": 0.3060263653483992, "f-measure": 0.3864447086801427}, "ME": {"precision": 0.5671641791044776, "recall": 0.7307692307692307, "f-measure": 0.6386554621848739}}, "scores_per_audiofile": {"DCASE2021-ML_129696.wav": {"precision": 1.0, "recall": 0.14473684210526316, "f-measure": 0.25287356321839083}, "DCASE2021-ML_131369.wav": {"precision": 0.9230769230769231, "recall": 0.3, "f-measure": 0.4528301886792453}, "DCASE2021-ML_131198.wav": {"precision": 0.4444444444444444, "recall": 1.0, "f-measure": 0.6153846153846154}, "DCASE2021-ML_197045.wav": {"precision": 1.0, "recall": 0.7162162162162162, "f-measure": 0.8346456692913385}, "DCASE2021-ML_126376.wav": {"precision": 0.9545454545454546, "recall": 0.22340425531914893, "f-measure": 0.3620689655172414}, "DCASE2021-ML_191491.wav": {"precision": 1.0, "recall": 0.3333333333333333, "f-measure": 0.5}, "DCASE2021-ML_37045.wav": {"precision": 0.9166666666666666, "recall": 0.9166666666666666, "f-measure": 0.9166666666666666}, "DCASE2021-ML_176488.wav": {"precision": 1.0, "recall": 0.3333333333333333, "f-measure": 0.5}, "DCASE2021-ML_40509.wav": {"precision": 1.0, "recall": 0.08130081300813008, "f-measure": 0.15037593984962405}, "DCASE2021-ML_268995.wav": {"precision": 1.0, "recall": 1.0, "f-measure": 1.0}, "DCASE2021-ML_190099.wav": {"precision": 1.0, "recall": 0.6666666666666666, "f-measure": 0.8}, "DCASE2021-ML_89792.wav": {"precision": 1.0, "recall": 0.9655172413793104, "f-measure": 0.9824561403508771}, "DCASE2021-ML_72010931.wav": {"precision": 1.0, "recall": 0.0847457627118644, "f-measure": 0.15625}, "DCASE2021-ML_273164.wav": {"precision": 1.0, "recall": 0.006666666666666667, "f-measure": 0.013245033112582781}, "DCASE2021-ML_53963.wav": {"precision": 1.0, "recall": 0.10256410256410256, "f-measure": 0.18604651162790697}, "DCASE2021-ML_521435.wav": {"precision": 0.8837209302325582, "recall": 0.6551724137931034, "f-measure": 0.7524752475247525}, "DCASE2021-ML_168236.wav": {"precision": 0.8648648648648649, "recall": 0.5818181818181818, "f-measure": 0.6956521739130435}, "DC11.wav": {"precision": 0.08411214953271028, "recall": 0.16666666666666666, "f-measure": 0.11180124223602485}, "DC10.wav": {"precision": 0.4807692307692308, "recall": 0.2032520325203252, "f-measure": 0.2857142857142857}, "DC12.wav": {"precision": 1e-05, "recall": 1e-05, "f-measure": 1e-05}, "DC08.wav": {"precision": 0.9803921568627451, "recall": 0.5555555555555556, "f-measure": 0.7092198581560284}, "DC02.wav": {"precision": 0.5357142857142857, "recall": 0.10714285714285714, "f-measure": 0.17857142857142858}, "DC06.wav": {"precision": 0.07142857142857142, "recall": 0.03125, "f-measure": 0.043478260869565216}, "DC07.wav": {"precision": 0.8659217877094972, "recall": 0.6739130434782609, "f-measure": 0.7579462102689487}, "DC09.wav": {"precision": 0.17857142857142858, "recall": 0.4166666666666667, "f-measure": 0.25}, "DC04.wav": {"precision": 1e-05, "recall": 1e-05, "f-measure": 1e-05}, "DC05.wav": {"precision": 0.2549019607843137, "recall": 0.3023255813953488, "f-measure": 0.2765957446808511}, "DC01.wav": {"precision": 0.8695652173913043, "recall": 0.38095238095238093, "f-measure": 0.5298013245033113}, "DC03.wav": {"precision": 0.2972972972972973, "recall": 0.08208955223880597, "f-measure": 0.1286549707602339}, "ME2.wav": {"precision": 0.8235294117647058, "recall": 0.6829268292682927, "f-measure": 0.7466666666666667}, "ME1.wav": {"precision": 0.30303030303030304, "recall": 0.9090909090909091, "f-measure": 0.45454545454545453}}}