{"set_name": "TEST", "report_date": "09122021_00_37_02", "overall_scores": {"precision": 0.5348981380784519, "recall": 0.35171054684715747, "fmeasure (percentage)": 42.438}, "scores_per_subset": {"ML": {"precision": 0.8273381294964028, "recall": 0.23834196891191708, "f-measure": 0.3700724054706356}, "DC": {"precision": 0.44410876132930516, "recall": 0.4152542372881356, "f-measure": 0.4291970802919708}, "ME": {"precision": 0.46551724137931033, "recall": 0.5192307692307693, "f-measure": 0.4909090909090909}}, "scores_per_audiofile": {"DCASE2021-ML_129696.wav": {"precision": 1e-05, "recall": 1e-05, "f-measure": 1e-05}, "DCASE2021-ML_131369.wav": {"precision": 1.0, "recall": 0.15, "f-measure": 0.2608695652173913}, "DCASE2021-ML_131198.wav": {"precision": 1e-05, "recall": 1e-05, "f-measure": 1e-05}, "DCASE2021-ML_197045.wav": {"precision": 1.0, "recall": 0.0945945945945946, "f-measure": 0.1728395061728395}, "DCASE2021-ML_126376.wav": {"precision": 0.9047619047619048, "recall": 0.20212765957446807, "f-measure": 0.33043478260869563}, "DCASE2021-ML_191491.wav": {"precision": 0.8888888888888888, "recall": 0.8888888888888888, "f-measure": 0.8888888888888888}, "DCASE2021-ML_37045.wav": {"precision": 1.0, "recall": 0.25, "f-measure": 0.4}, "DCASE2021-ML_176488.wav": {"precision": 1.0, "recall": 0.3333333333333333, "f-measure": 0.5}, "DCASE2021-ML_40509.wav": {"precision": 1.0, "recall": 0.06504065040650407, "f-measure": 0.12213740458015267}, "DCASE2021-ML_268995.wav": {"precision": 0.5, "recall": 0.1, "f-measure": 0.16666666666666666}, "DCASE2021-ML_190099.wav": {"precision": 0.7368421052631579, "recall": 0.9333333333333333, "f-measure": 0.8235294117647058}, "DCASE2021-ML_89792.wav": {"precision": 1.0, "recall": 0.6551724137931034, "f-measure": 0.7916666666666666}, "DCASE2021-ML_72010931.wav": {"precision": 1.0, "recall": 0.288135593220339, "f-measure": 0.4473684210526316}, "DCASE2021-ML_273164.wav": {"precision": 1e-05, "recall": 1e-05, "f-measure": 1e-05}, "DCASE2021-ML_53963.wav": {"precision": 1.0, "recall": 0.32051282051282054, "f-measure": 0.4854368932038835}, "DCASE2021-ML_521435.wav": {"precision": 0.6585365853658537, "recall": 0.46551724137931033, "f-measure": 0.5454545454545454}, "DCASE2021-ML_168236.wav": {"precision": 0.7448979591836735, "recall": 0.6636363636363637, "f-measure": 0.7019230769230769}, "DC11.wav": {"precision": 0.05555555555555555, "recall": 0.018518518518518517, "f-measure": 0.027777777777777776}, "DC10.wav": {"precision": 0.45933014354066987, "recall": 0.7804878048780488, "f-measure": 0.5783132530120482}, "DC12.wav": {"precision": 0.10344827586206896, "recall": 0.06976744186046512, "f-measure": 0.08333333333333333}, "DC08.wav": {"precision": 0.8133333333333334, "recall": 0.6777777777777778, "f-measure": 0.7393939393939394}, "DC02.wav": {"precision": 0.3253012048192771, "recall": 0.19285714285714287, "f-measure": 0.242152466367713}, "DC06.wav": {"precision": 0.1095890410958904, "recall": 0.125, "f-measure": 0.11678832116788321}, "DC07.wav": {"precision": 0.7208121827411168, "recall": 0.6173913043478261, "f-measure": 0.6651053864168618}, "DC09.wav": {"precision": 0.14634146341463414, "recall": 0.5, "f-measure": 0.22641509433962265}, "DC04.wav": {"precision": 0.2413793103448276, "recall": 0.2916666666666667, "f-measure": 0.2641509433962264}, "DC05.wav": {"precision": 0.20175438596491227, "recall": 0.5348837209302325, "f-measure": 0.2929936305732484}, "DC01.wav": {"precision": 0.6538461538461539, "recall": 0.4857142857142857, "f-measure": 0.5573770491803278}, "DC03.wav": {"precision": 0.3404255319148936, "recall": 0.11940298507462686, "f-measure": 0.17679558011049723}, "ME2.wav": {"precision": 0.9, "recall": 0.43902439024390244, "f-measure": 0.5901639344262295}, "ME1.wav": {"precision": 0.23684210526315788, "recall": 0.8181818181818182, "f-measure": 0.3673469387755102}}}