{"set_name": "TEST", "report_date": "08122021_16_23_51", "overall_scores": {"precision": 0.513625076194879, "recall": 0.3891623478066804, "fmeasure (percentage)": 44.281}, "scores_per_subset": {"ML": {"precision": 0.8353293413173652, "recall": 0.29214659685863875, "f-measure": 0.43289371605896043}, "DC": {"precision": 0.4398826979472141, "recall": 0.423728813559322, "f-measure": 0.4316546762589928}, "ME": {"precision": 0.421875, "recall": 0.5192307692307693, "f-measure": 0.46551724137931033}}, "scores_per_audiofile": {"DCASE2021-ML_129696.wav": {"precision": 1.0, "recall": 0.039473684210526314, "f-measure": 0.0759493670886076}, "DCASE2021-ML_131369.wav": {"precision": 1.0, "recall": 0.3, "f-measure": 0.46153846153846156}, "DCASE2021-ML_131198.wav": {"precision": 1.0, "recall": 0.5, "f-measure": 0.6666666666666666}, "DCASE2021-ML_197045.wav": {"precision": 0.9090909090909091, "recall": 0.13513513513513514, "f-measure": 0.23529411764705882}, "DCASE2021-ML_126376.wav": {"precision": 0.9318181818181818, "recall": 0.43617021276595747, "f-measure": 0.5942028985507246}, "DCASE2021-ML_191491.wav": {"precision": 0.8333333333333334, "recall": 0.5555555555555556, "f-measure": 0.6666666666666666}, "DCASE2021-ML_37045.wav": {"precision": 1.0, "recall": 0.5, "f-measure": 0.6666666666666666}, "DCASE2021-ML_176488.wav": {"precision": 1.0, "recall": 0.7777777777777778, "f-measure": 0.875}, "DCASE2021-ML_40509.wav": {"precision": 1.0, "recall": 0.08130081300813008, "f-measure": 0.15037593984962405}, "DCASE2021-ML_268995.wav": {"precision": 0.5, "recall": 0.1, "f-measure": 0.16666666666666666}, "DCASE2021-ML_190099.wav": {"precision": 0.5185185185185185, "recall": 0.9333333333333333, "f-measure": 0.6666666666666666}, "DCASE2021-ML_89792.wav": {"precision": 1.0, "recall": 0.5517241379310345, "f-measure": 0.7111111111111111}, "DCASE2021-ML_72010931.wav": {"precision": 1.0, "recall": 0.288135593220339, "f-measure": 0.4473684210526316}, "DCASE2021-ML_273164.wav": {"precision": 1e-05, "recall": 1e-05, "f-measure": 1e-05}, "DCASE2021-ML_53963.wav": {"precision": 1.0, "recall": 0.4230769230769231, "f-measure": 0.5945945945945946}, "DCASE2021-ML_521435.wav": {"precision": 0.7659574468085106, "recall": 0.6206896551724138, "f-measure": 0.6857142857142857}, "DCASE2021-ML_168236.wav": {"precision": 0.7252747252747253, "recall": 0.6, "f-measure": 0.6567164179104478}, "DC11.wav": {"precision": 0.05263157894736842, "recall": 0.018518518518518517, "f-measure": 0.0273972602739726}, "DC10.wav": {"precision": 0.44761904761904764, "recall": 0.7642276422764228, "f-measure": 0.5645645645645646}, "DC12.wav": {"precision": 0.14285714285714285, "recall": 0.09302325581395349, "f-measure": 0.11267605633802817}, "DC08.wav": {"precision": 0.7922077922077922, "recall": 0.6777777777777778, "f-measure": 0.7305389221556886}, "DC02.wav": {"precision": 0.2872340425531915, "recall": 0.19285714285714287, "f-measure": 0.23076923076923078}, "DC06.wav": {"precision": 0.14102564102564102, "recall": 0.171875, "f-measure": 0.15492957746478872}, "DC07.wav": {"precision": 0.7282051282051282, "recall": 0.6173913043478261, "f-measure": 0.668235294117647}, "DC09.wav": {"precision": 0.15384615384615385, "recall": 0.5, "f-measure": 0.23529411764705882}, "DC04.wav": {"precision": 0.20512820512820512, "recall": 0.3333333333333333, "f-measure": 0.25396825396825395}, "DC05.wav": {"precision": 0.20588235294117646, "recall": 0.4883720930232558, "f-measure": 0.2896551724137931}, "DC01.wav": {"precision": 0.631578947368421, "recall": 0.5714285714285714, "f-measure": 0.6}, "DC03.wav": {"precision": 0.3191489361702128, "recall": 0.11194029850746269, "f-measure": 0.16574585635359115}, "ME2.wav": {"precision": 0.8571428571428571, "recall": 0.43902439024390244, "f-measure": 0.5806451612903226}, "ME1.wav": {"precision": 0.20930232558139536, "recall": 0.8181818181818182, "f-measure": 0.3333333333333333}}}