{"set_name": "TEST", "report_date": "08122021_21_08_41", "overall_scores": {"precision": 0.5363388840265395, "recall": 0.3395335174196581, "fmeasure (percentage)": 41.583}, "scores_per_subset": {"ML": {"precision": 0.8113207547169812, "recall": 0.22395833333333334, "f-measure": 0.3510204081632653}, "DC": {"precision": 0.44532803180914515, "recall": 0.4218455743879473, "f-measure": 0.4332688588007737}, "ME": {"precision": 0.4727272727272727, "recall": 0.5, "f-measure": 0.48598130841121495}}, "scores_per_audiofile": {"DCASE2021-ML_129696.wav": {"precision": 1.0, "recall": 0.039473684210526314, "f-measure": 0.0759493670886076}, "DCASE2021-ML_131369.wav": {"precision": 0.875, "recall": 0.175, "f-measure": 0.2916666666666667}, "DCASE2021-ML_131198.wav": {"precision": 1e-05, "recall": 1e-05, "f-measure": 1e-05}, "DCASE2021-ML_197045.wav": {"precision": 1.0, "recall": 0.08108108108108109, "f-measure": 0.15}, "DCASE2021-ML_126376.wav": {"precision": 0.8333333333333334, "recall": 0.2127659574468085, "f-measure": 0.3389830508474576}, "DCASE2021-ML_191491.wav": {"precision": 0.875, "recall": 0.7777777777777778, "f-measure": 0.8235294117647058}, "DCASE2021-ML_37045.wav": {"precision": 1.0, "recall": 0.16666666666666666, "f-measure": 0.2857142857142857}, "DCASE2021-ML_176488.wav": {"precision": 1.0, "recall": 0.4444444444444444, "f-measure": 0.6153846153846154}, "DCASE2021-ML_40509.wav": {"precision": 1.0, "recall": 0.056910569105691054, "f-measure": 0.1076923076923077}, "DCASE2021-ML_268995.wav": {"precision": 0.5, "recall": 0.1, "f-measure": 0.16666666666666666}, "DCASE2021-ML_190099.wav": {"precision": 0.7368421052631579, "recall": 0.9333333333333333, "f-measure": 0.8235294117647058}, "DCASE2021-ML_89792.wav": {"precision": 1.0, "recall": 0.5172413793103449, "f-measure": 0.6818181818181818}, "DCASE2021-ML_72010931.wav": {"precision": 1.0, "recall": 0.2542372881355932, "f-measure": 0.40540540540540543}, "DCASE2021-ML_273164.wav": {"precision": 1e-05, "recall": 1e-05, "f-measure": 1e-05}, "DCASE2021-ML_53963.wav": {"precision": 1.0, "recall": 0.2948717948717949, "f-measure": 0.45544554455445546}, "DCASE2021-ML_521435.wav": {"precision": 0.6052631578947368, "recall": 0.39655172413793105, "f-measure": 0.4791666666666667}, "DCASE2021-ML_168236.wav": {"precision": 0.7472527472527473, "recall": 0.6181818181818182, "f-measure": 0.6766169154228856}, "DC11.wav": {"precision": 0.07142857142857142, "recall": 0.037037037037037035, "f-measure": 0.04878048780487805}, "DC10.wav": {"precision": 0.4170403587443946, "recall": 0.7560975609756098, "f-measure": 0.5375722543352601}, "DC12.wav": {"precision": 0.23076923076923078, "recall": 0.20930232558139536, "f-measure": 0.21951219512195122}, "DC08.wav": {"precision": 0.8072289156626506, "recall": 0.7444444444444445, "f-measure": 0.7745664739884393}, "DC02.wav": {"precision": 0.3333333333333333, "recall": 0.16428571428571428, "f-measure": 0.22009569377990432}, "DC06.wav": {"precision": 0.10606060606060606, "recall": 0.109375, "f-measure": 0.1076923076923077}, "DC07.wav": {"precision": 0.73, "recall": 0.6347826086956522, "f-measure": 0.6790697674418604}, "DC09.wav": {"precision": 0.14, "recall": 0.5833333333333334, "f-measure": 0.22580645161290322}, "DC04.wav": {"precision": 0.2413793103448276, "recall": 0.2916666666666667, "f-measure": 0.2641509433962264}, "DC05.wav": {"precision": 0.1836734693877551, "recall": 0.4186046511627907, "f-measure": 0.2553191489361702}, "DC01.wav": {"precision": 0.7088607594936709, "recall": 0.5333333333333333, "f-measure": 0.6086956521739131}, "DC03.wav": {"precision": 0.30952380952380953, "recall": 0.09701492537313433, "f-measure": 0.14772727272727273}, "ME2.wav": {"precision": 0.8888888888888888, "recall": 0.3902439024390244, "f-measure": 0.5423728813559322}, "ME1.wav": {"precision": 0.2702702702702703, "recall": 0.9090909090909091, "f-measure": 0.4166666666666667}}}