{"set_name": "TEST", "report_date": "08122021_13_59_28", "overall_scores": {"precision": 0.6337785881910056, "recall": 0.3833099237108086, "fmeasure (percentage)": 47.77}, "scores_per_subset": {"ML": {"precision": 0.9190031152647975, "recall": 0.3105263157894737, "f-measure": 0.46420141620771044}, "DC": {"precision": 0.5239616613418531, "recall": 0.3088512241054614, "f-measure": 0.3886255924170616}, "ME": {"precision": 0.5757575757575758, "recall": 0.7307692307692307, "f-measure": 0.6440677966101694}}, "scores_per_audiofile": {"DCASE2021-ML_129696.wav": {"precision": 1.0, "recall": 0.18421052631578946, "f-measure": 0.3111111111111111}, "DCASE2021-ML_131369.wav": {"precision": 0.875, "recall": 0.175, "f-measure": 0.2916666666666667}, "DCASE2021-ML_131198.wav": {"precision": 0.42857142857142855, "recall": 0.75, "f-measure": 0.5454545454545454}, "DCASE2021-ML_197045.wav": {"precision": 1.0, "recall": 0.7567567567567568, "f-measure": 0.8615384615384616}, "DCASE2021-ML_126376.wav": {"precision": 0.9565217391304348, "recall": 0.23404255319148937, "f-measure": 0.37606837606837606}, "DCASE2021-ML_191491.wav": {"precision": 1.0, "recall": 0.4444444444444444, "f-measure": 0.6153846153846154}, "DCASE2021-ML_37045.wav": {"precision": 0.9166666666666666, "recall": 0.9166666666666666, "f-measure": 0.9166666666666666}, "DCASE2021-ML_176488.wav": {"precision": 1.0, "recall": 0.3333333333333333, "f-measure": 0.5}, "DCASE2021-ML_40509.wav": {"precision": 1.0, "recall": 0.07317073170731707, "f-measure": 0.13636363636363635}, "DCASE2021-ML_268995.wav": {"precision": 1.0, "recall": 1.0, "f-measure": 1.0}, "DCASE2021-ML_190099.wav": {"precision": 1.0, "recall": 0.6666666666666666, "f-measure": 0.8}, "DCASE2021-ML_89792.wav": {"precision": 1.0, "recall": 0.9655172413793104, "f-measure": 0.9824561403508771}, "DCASE2021-ML_72010931.wav": {"precision": 1.0, "recall": 0.11864406779661017, "f-measure": 0.21212121212121213}, "DCASE2021-ML_273164.wav": {"precision": 1.0, "recall": 0.006666666666666667, "f-measure": 0.013245033112582781}, "DCASE2021-ML_53963.wav": {"precision": 1.0, "recall": 0.08974358974358974, "f-measure": 0.16470588235294117}, "DCASE2021-ML_521435.wav": {"precision": 0.8809523809523809, "recall": 0.6379310344827587, "f-measure": 0.74}, "DCASE2021-ML_168236.wav": {"precision": 0.825, "recall": 0.6, "f-measure": 0.6947368421052632}, "DC11.wav": {"precision": 0.10909090909090909, "recall": 0.2222222222222222, "f-measure": 0.14634146341463414}, "DC10.wav": {"precision": 0.5, "recall": 0.21138211382113822, "f-measure": 0.29714285714285715}, "DC12.wav": {"precision": 1e-05, "recall": 1e-05, "f-measure": 1e-05}, "DC08.wav": {"precision": 0.9807692307692307, "recall": 0.5666666666666667, "f-measure": 0.7183098591549296}, "DC02.wav": {"precision": 0.5, "recall": 0.1, "f-measure": 0.16666666666666666}, "DC06.wav": {"precision": 0.06666666666666667, "recall": 0.03125, "f-measure": 0.0425531914893617}, "DC07.wav": {"precision": 0.861878453038674, "recall": 0.6782608695652174, "f-measure": 0.7591240875912408}, "DC09.wav": {"precision": 0.13333333333333333, "recall": 0.3333333333333333, "f-measure": 0.19047619047619047}, "DC04.wav": {"precision": 1e-05, "recall": 1e-05, "f-measure": 1e-05}, "DC05.wav": {"precision": 0.2553191489361702, "recall": 0.27906976744186046, "f-measure": 0.26666666666666666}, "DC01.wav": {"precision": 0.851063829787234, "recall": 0.38095238095238093, "f-measure": 0.5263157894736842}, "DC03.wav": {"precision": 0.2894736842105263, "recall": 0.08208955223880597, "f-measure": 0.12790697674418605}, "ME2.wav": {"precision": 0.8484848484848485, "recall": 0.6829268292682927, "f-measure": 0.7567567567567568}, "ME1.wav": {"precision": 0.30303030303030304, "recall": 0.9090909090909091, "f-measure": 0.45454545454545453}}}