{"set_name": "TEST", "report_date": "08122021_17_27_12", "overall_scores": {"precision": 0.5975064773387655, "recall": 0.3506101964927631, "fmeasure (percentage)": 44.191}, "scores_per_subset": {"ML": {"precision": 0.9261083743842364, "recall": 0.19789473684210526, "f-measure": 0.3261058109280139}, "DC": {"precision": 0.46705426356589147, "recall": 0.4538606403013183, "f-measure": 0.4603629417382999}, "ME": {"precision": 0.5555555555555556, "recall": 0.7692307692307693, "f-measure": 0.6451612903225806}}, "scores_per_audiofile": {"DCASE2021-ML_129696.wav": {"precision": 0.5, "recall": 0.013157894736842105, "f-measure": 0.02564102564102564}, "DCASE2021-ML_131369.wav": {"precision": 1.0, "recall": 0.05, "f-measure": 0.09523809523809523}, "DCASE2021-ML_131198.wav": {"precision": 1.0, "recall": 1.0, "f-measure": 1.0}, "DCASE2021-ML_197045.wav": {"precision": 1.0, "recall": 0.2972972972972973, "f-measure": 0.4583333333333333}, "DCASE2021-ML_126376.wav": {"precision": 0.9333333333333333, "recall": 0.14893617021276595, "f-measure": 0.25688073394495414}, "DCASE2021-ML_191491.wav": {"precision": 1.0, "recall": 0.5555555555555556, "f-measure": 0.7142857142857143}, "DCASE2021-ML_37045.wav": {"precision": 1.0, "recall": 0.08333333333333333, "f-measure": 0.15384615384615385}, "DCASE2021-ML_176488.wav": {"precision": 1.0, "recall": 0.4444444444444444, "f-measure": 0.6153846153846154}, "DCASE2021-ML_40509.wav": {"precision": 1.0, "recall": 0.04878048780487805, "f-measure": 0.09302325581395349}, "DCASE2021-ML_268995.wav": {"precision": 1.0, "recall": 0.1, "f-measure": 0.18181818181818182}, "DCASE2021-ML_190099.wav": {"precision": 1.0, "recall": 1.0, "f-measure": 1.0}, "DCASE2021-ML_89792.wav": {"precision": 0.8461538461538461, "recall": 0.3793103448275862, "f-measure": 0.5238095238095238}, "DCASE2021-ML_72010931.wav": {"precision": 1.0, "recall": 0.1694915254237288, "f-measure": 0.2898550724637681}, "DCASE2021-ML_273164.wav": {"precision": 1.0, "recall": 0.006666666666666667, "f-measure": 0.013245033112582781}, "DCASE2021-ML_53963.wav": {"precision": 1.0, "recall": 0.02564102564102564, "f-measure": 0.05}, "DCASE2021-ML_521435.wav": {"precision": 0.8431372549019608, "recall": 0.7413793103448276, "f-measure": 0.7889908256880734}, "DCASE2021-ML_168236.wav": {"precision": 0.9387755102040817, "recall": 0.41818181818181815, "f-measure": 0.5786163522012578}, "DC11.wav": {"precision": 0.14864864864864866, "recall": 0.4074074074074074, "f-measure": 0.21782178217821782}, "DC10.wav": {"precision": 0.3959731543624161, "recall": 0.4796747967479675, "f-measure": 0.4338235294117647}, "DC12.wav": {"precision": 0.2903225806451613, "recall": 0.4186046511627907, "f-measure": 0.34285714285714286}, "DC08.wav": {"precision": 0.9545454545454546, "recall": 0.9333333333333333, "f-measure": 0.9438202247191011}, "DC02.wav": {"precision": 0.3898305084745763, "recall": 0.16428571428571428, "f-measure": 0.23115577889447236}, "DC06.wav": {"precision": 0.08695652173913043, "recall": 0.0625, "f-measure": 0.07272727272727272}, "DC07.wav": {"precision": 0.7366255144032922, "recall": 0.7782608695652173, "f-measure": 0.7568710359408034}, "DC09.wav": {"precision": 0.15555555555555556, "recall": 0.5833333333333334, "f-measure": 0.24561403508771928}, "DC04.wav": {"precision": 0.1, "recall": 0.041666666666666664, "f-measure": 0.058823529411764705}, "DC05.wav": {"precision": 0.20270270270270271, "recall": 0.3488372093023256, "f-measure": 0.2564102564102564}, "DC01.wav": {"precision": 0.8529411764705882, "recall": 0.5523809523809524, "f-measure": 0.6705202312138728}, "DC03.wav": {"precision": 0.3, "recall": 0.08955223880597014, "f-measure": 0.13793103448275862}, "ME2.wav": {"precision": 0.8823529411764706, "recall": 0.7317073170731707, "f-measure": 0.8}, "ME1.wav": {"precision": 0.2631578947368421, "recall": 0.9090909090909091, "f-measure": 0.40816326530612246}}}