{"set_name": "TEST", "report_date": "08122021_20_42_58", "overall_scores": {"precision": 0.5831836268324634, "recall": 0.3341098254810458, "fmeasure (percentage)": 42.483}, "scores_per_subset": {"ML": {"precision": 0.8755980861244019, "recall": 0.19162303664921465, "f-measure": 0.31443298969072164}, "DC": {"precision": 0.4717542120911794, "recall": 0.448210922787194, "f-measure": 0.4596813133751811}, "ME": {"precision": 0.53125, "recall": 0.6538461538461539, "f-measure": 0.5862068965517241}}, "scores_per_audiofile": {"DCASE2021-ML_129696.wav": {"precision": 0.75, "recall": 0.039473684210526314, "f-measure": 0.075}, "DCASE2021-ML_131369.wav": {"precision": 1.0, "recall": 0.175, "f-measure": 0.2978723404255319}, "DCASE2021-ML_131198.wav": {"precision": 1.0, "recall": 0.25, "f-measure": 0.4}, "DCASE2021-ML_197045.wav": {"precision": 1.0, "recall": 0.14864864864864866, "f-measure": 0.25882352941176473}, "DCASE2021-ML_126376.wav": {"precision": 0.8947368421052632, "recall": 0.18085106382978725, "f-measure": 0.3008849557522124}, "DCASE2021-ML_191491.wav": {"precision": 1.0, "recall": 0.6666666666666666, "f-measure": 0.8}, "DCASE2021-ML_37045.wav": {"precision": 1.0, "recall": 0.08333333333333333, "f-measure": 0.15384615384615385}, "DCASE2021-ML_176488.wav": {"precision": 1.0, "recall": 0.2222222222222222, "f-measure": 0.36363636363636365}, "DCASE2021-ML_40509.wav": {"precision": 1.0, "recall": 0.04878048780487805, "f-measure": 0.09302325581395349}, "DCASE2021-ML_268995.wav": {"precision": 0.6666666666666666, "recall": 0.2, "f-measure": 0.3076923076923077}, "DCASE2021-ML_190099.wav": {"precision": 0.8333333333333334, "recall": 1.0, "f-measure": 0.9090909090909091}, "DCASE2021-ML_89792.wav": {"precision": 1.0, "recall": 0.6551724137931034, "f-measure": 0.7916666666666666}, "DCASE2021-ML_72010931.wav": {"precision": 1.0, "recall": 0.1694915254237288, "f-measure": 0.2898550724637681}, "DCASE2021-ML_273164.wav": {"precision": 1e-05, "recall": 1e-05, "f-measure": 1e-05}, "DCASE2021-ML_53963.wav": {"precision": 1.0, "recall": 0.1282051282051282, "f-measure": 0.22727272727272727}, "DCASE2021-ML_521435.wav": {"precision": 0.6153846153846154, "recall": 0.27586206896551724, "f-measure": 0.38095238095238093}, "DCASE2021-ML_168236.wav": {"precision": 0.8636363636363636, "recall": 0.5181818181818182, "f-measure": 0.6477272727272727}, "DC11.wav": {"precision": 0.16129032258064516, "recall": 0.18518518518518517, "f-measure": 0.1724137931034483}, "DC10.wav": {"precision": 0.4253393665158371, "recall": 0.7642276422764228, "f-measure": 0.5465116279069767}, "DC12.wav": {"precision": 0.3, "recall": 0.3488372093023256, "f-measure": 0.3225806451612903}, "DC08.wav": {"precision": 0.9, "recall": 0.9, "f-measure": 0.9}, "DC02.wav": {"precision": 0.3125, "recall": 0.14285714285714285, "f-measure": 0.19607843137254902}, "DC06.wav": {"precision": 0.1206896551724138, "recall": 0.109375, "f-measure": 0.11475409836065574}, "DC07.wav": {"precision": 0.7431192660550459, "recall": 0.7043478260869566, "f-measure": 0.7232142857142857}, "DC09.wav": {"precision": 0.16279069767441862, "recall": 0.5833333333333334, "f-measure": 0.2545454545454545}, "DC04.wav": {"precision": 0.1875, "recall": 0.125, "f-measure": 0.15}, "DC05.wav": {"precision": 0.19101123595505617, "recall": 0.3953488372093023, "f-measure": 0.25757575757575757}, "DC01.wav": {"precision": 0.8095238095238095, "recall": 0.4857142857142857, "f-measure": 0.6071428571428571}, "DC03.wav": {"precision": 0.2571428571428571, "recall": 0.06716417910447761, "f-measure": 0.10650887573964497}, "ME2.wav": {"precision": 0.9615384615384616, "recall": 0.6097560975609756, "f-measure": 0.746268656716418}, "ME1.wav": {"precision": 0.23684210526315788, "recall": 0.8181818181818182, "f-measure": 0.3673469387755102}}}