{"set_name": "TEST", "report_date": "08122021_13_02_32", "overall_scores": {"precision": 0.5359997080611612, "recall": 0.40269781214015465, "fmeasure (percentage)": 45.988}, "scores_per_subset": {"ML": {"precision": 0.8071216617210683, "recall": 0.2848167539267016, "f-measure": 0.42105263157894735}, "DC": {"precision": 0.4297752808988764, "recall": 0.4322033898305085, "f-measure": 0.4309859154929577}, "ME": {"precision": 0.49230769230769234, "recall": 0.6153846153846154, "f-measure": 0.5470085470085471}}, "scores_per_audiofile": {"DCASE2021-ML_129696.wav": {"precision": 1.0, "recall": 0.05263157894736842, "f-measure": 0.1}, "DCASE2021-ML_131369.wav": {"precision": 0.8823529411764706, "recall": 0.375, "f-measure": 0.5263157894736842}, "DCASE2021-ML_131198.wav": {"precision": 1.0, "recall": 1.0, "f-measure": 1.0}, "DCASE2021-ML_197045.wav": {"precision": 0.8888888888888888, "recall": 0.10810810810810811, "f-measure": 0.1927710843373494}, "DCASE2021-ML_126376.wav": {"precision": 0.918918918918919, "recall": 0.3617021276595745, "f-measure": 0.5190839694656488}, "DCASE2021-ML_191491.wav": {"precision": 0.9, "recall": 1.0, "f-measure": 0.9473684210526315}, "DCASE2021-ML_37045.wav": {"precision": 1.0, "recall": 0.25, "f-measure": 0.4}, "DCASE2021-ML_176488.wav": {"precision": 1.0, "recall": 0.6666666666666666, "f-measure": 0.8}, "DCASE2021-ML_40509.wav": {"precision": 1.0, "recall": 0.06504065040650407, "f-measure": 0.12213740458015267}, "DCASE2021-ML_268995.wav": {"precision": 0.3333333333333333, "recall": 0.1, "f-measure": 0.15384615384615385}, "DCASE2021-ML_190099.wav": {"precision": 0.5172413793103449, "recall": 1.0, "f-measure": 0.6818181818181818}, "DCASE2021-ML_89792.wav": {"precision": 0.8846153846153846, "recall": 0.7931034482758621, "f-measure": 0.8363636363636363}, "DCASE2021-ML_72010931.wav": {"precision": 0.9473684210526315, "recall": 0.3050847457627119, "f-measure": 0.46153846153846156}, "DCASE2021-ML_273164.wav": {"precision": 1e-05, "recall": 1e-05, "f-measure": 1e-05}, "DCASE2021-ML_53963.wav": {"precision": 1.0, "recall": 0.358974358974359, "f-measure": 0.5283018867924528}, "DCASE2021-ML_521435.wav": {"precision": 0.6274509803921569, "recall": 0.5517241379310345, "f-measure": 0.5871559633027523}, "DCASE2021-ML_168236.wav": {"precision": 0.7710843373493976, "recall": 0.5818181818181818, "f-measure": 0.6632124352331606}, "DC11.wav": {"precision": 0.12, "recall": 0.05555555555555555, "f-measure": 0.0759493670886076}, "DC10.wav": {"precision": 0.4413145539906103, "recall": 0.7642276422764228, "f-measure": 0.5595238095238095}, "DC12.wav": {"precision": 0.3409090909090909, "recall": 0.3488372093023256, "f-measure": 0.3448275862068966}, "DC08.wav": {"precision": 0.8133333333333334, "recall": 0.6777777777777778, "f-measure": 0.7393939393939394}, "DC02.wav": {"precision": 0.32222222222222224, "recall": 0.20714285714285716, "f-measure": 0.25217391304347825}, "DC06.wav": {"precision": 0.11904761904761904, "recall": 0.15625, "f-measure": 0.13513513513513514}, "DC07.wav": {"precision": 0.7643979057591623, "recall": 0.6347826086956522, "f-measure": 0.6935866983372921}, "DC09.wav": {"precision": 0.16666666666666666, "recall": 0.5833333333333334, "f-measure": 0.25925925925925924}, "DC04.wav": {"precision": 0.17777777777777778, "recall": 0.3333333333333333, "f-measure": 0.2318840579710145}, "DC05.wav": {"precision": 0.15178571428571427, "recall": 0.3953488372093023, "f-measure": 0.21935483870967742}, "DC01.wav": {"precision": 0.5416666666666666, "recall": 0.49523809523809526, "f-measure": 0.5174129353233831}, "DC03.wav": {"precision": 0.3333333333333333, "recall": 0.12686567164179105, "f-measure": 0.1837837837837838}, "ME2.wav": {"precision": 0.88, "recall": 0.5365853658536586, "f-measure": 0.6666666666666666}, "ME1.wav": {"precision": 0.25, "recall": 0.9090909090909091, "f-measure": 0.39215686274509803}}}