{"set_name": "TEST", "report_date": "08122021_16_04_00", "overall_scores": {"precision": 0.5307887041942919, "recall": 0.3844471414327734, "fmeasure (percentage)": 44.592}, "scores_per_subset": {"ML": {"precision": 0.8301886792452831, "recall": 0.2764397905759162, "f-measure": 0.4147682639434407}, "DC": {"precision": 0.43213572854291415, "recall": 0.4077212806026365, "f-measure": 0.41957364341085274}, "ME": {"precision": 0.46875, "recall": 0.5769230769230769, "f-measure": 0.5172413793103449}}, "scores_per_audiofile": {"DCASE2021-ML_129696.wav": {"precision": 0.75, "recall": 0.039473684210526314, "f-measure": 0.075}, "DCASE2021-ML_131369.wav": {"precision": 1.0, "recall": 0.2, "f-measure": 0.3333333333333333}, "DCASE2021-ML_131198.wav": {"precision": 1.0, "recall": 0.75, "f-measure": 0.8571428571428571}, "DCASE2021-ML_197045.wav": {"precision": 1.0, "recall": 0.16216216216216217, "f-measure": 0.27906976744186046}, "DCASE2021-ML_126376.wav": {"precision": 0.9024390243902439, "recall": 0.39361702127659576, "f-measure": 0.5481481481481482}, "DCASE2021-ML_191491.wav": {"precision": 0.8888888888888888, "recall": 0.8888888888888888, "f-measure": 0.8888888888888888}, "DCASE2021-ML_37045.wav": {"precision": 1.0, "recall": 0.4166666666666667, "f-measure": 0.5882352941176471}, "DCASE2021-ML_176488.wav": {"precision": 1.0, "recall": 0.3333333333333333, "f-measure": 0.5}, "DCASE2021-ML_40509.wav": {"precision": 1.0, "recall": 0.07317073170731707, "f-measure": 0.13636363636363635}, "DCASE2021-ML_268995.wav": {"precision": 0.5, "recall": 0.1, "f-measure": 0.16666666666666666}, "DCASE2021-ML_190099.wav": {"precision": 0.6666666666666666, "recall": 0.9333333333333333, "f-measure": 0.7777777777777778}, "DCASE2021-ML_89792.wav": {"precision": 1.0, "recall": 0.5862068965517241, "f-measure": 0.7391304347826086}, "DCASE2021-ML_72010931.wav": {"precision": 1.0, "recall": 0.288135593220339, "f-measure": 0.4473684210526316}, "DCASE2021-ML_273164.wav": {"precision": 1e-05, "recall": 1e-05, "f-measure": 1e-05}, "DCASE2021-ML_53963.wav": {"precision": 1.0, "recall": 0.34615384615384615, "f-measure": 0.5142857142857142}, "DCASE2021-ML_521435.wav": {"precision": 0.7083333333333334, "recall": 0.5862068965517241, "f-measure": 0.6415094339622641}, "DCASE2021-ML_168236.wav": {"precision": 0.717391304347826, "recall": 0.6, "f-measure": 0.6534653465346535}, "DC11.wav": {"precision": 1e-05, "recall": 1e-05, "f-measure": 1e-05}, "DC10.wav": {"precision": 0.458128078817734, "recall": 0.7560975609756098, "f-measure": 0.5705521472392638}, "DC12.wav": {"precision": 0.1875, "recall": 0.13953488372093023, "f-measure": 0.16}, "DC08.wav": {"precision": 0.8115942028985508, "recall": 0.6222222222222222, "f-measure": 0.7044025157232704}, "DC02.wav": {"precision": 0.3181818181818182, "recall": 0.2, "f-measure": 0.24561403508771928}, "DC06.wav": {"precision": 0.1282051282051282, "recall": 0.15625, "f-measure": 0.14084507042253522}, "DC07.wav": {"precision": 0.7263157894736842, "recall": 0.6, "f-measure": 0.6571428571428571}, "DC09.wav": {"precision": 0.14285714285714285, "recall": 0.5, "f-measure": 0.2222222222222222}, "DC04.wav": {"precision": 0.20588235294117646, "recall": 0.2916666666666667, "f-measure": 0.2413793103448276}, "DC05.wav": {"precision": 0.16964285714285715, "recall": 0.4418604651162791, "f-measure": 0.24516129032258063}, "DC01.wav": {"precision": 0.6222222222222222, "recall": 0.5333333333333333, "f-measure": 0.5743589743589743}, "DC03.wav": {"precision": 0.3111111111111111, "recall": 0.1044776119402985, "f-measure": 0.1564245810055866}, "ME2.wav": {"precision": 0.9090909090909091, "recall": 0.4878048780487805, "f-measure": 0.6349206349206349}, "ME1.wav": {"precision": 0.23809523809523808, "recall": 0.9090909090909091, "f-measure": 0.37735849056603776}}}