{"set_name": "TEST", "report_date": "08122021_19_05_17", "overall_scores": {"precision": 0.5242347439579776, "recall": 0.3694995443991628, "fmeasure (percentage)": 43.347}, "scores_per_subset": {"ML": {"precision": 0.8382838283828383, "recall": 0.26458333333333334, "f-measure": 0.40221694378463974}, "DC": {"precision": 0.44044044044044045, "recall": 0.4143126177024482, "f-measure": 0.4269771955361475}, "ME": {"precision": 0.4426229508196721, "recall": 0.5192307692307693, "f-measure": 0.4778761061946903}}, "scores_per_audiofile": {"DCASE2021-ML_129696.wav": {"precision": 1.0, "recall": 0.02631578947368421, "f-measure": 0.05128205128205128}, "DCASE2021-ML_131369.wav": {"precision": 1.0, "recall": 0.15, "f-measure": 0.2608695652173913}, "DCASE2021-ML_131198.wav": {"precision": 1e-05, "recall": 1e-05, "f-measure": 1e-05}, "DCASE2021-ML_197045.wav": {"precision": 1.0, "recall": 0.0945945945945946, "f-measure": 0.1728395061728395}, "DCASE2021-ML_126376.wav": {"precision": 0.9024390243902439, "recall": 0.39361702127659576, "f-measure": 0.5481481481481482}, "DCASE2021-ML_191491.wav": {"precision": 0.8333333333333334, "recall": 0.5555555555555556, "f-measure": 0.6666666666666666}, "DCASE2021-ML_37045.wav": {"precision": 1.0, "recall": 0.4166666666666667, "f-measure": 0.5882352941176471}, "DCASE2021-ML_176488.wav": {"precision": 1.0, "recall": 0.1111111111111111, "f-measure": 0.2}, "DCASE2021-ML_40509.wav": {"precision": 1.0, "recall": 0.0975609756097561, "f-measure": 0.17777777777777778}, "DCASE2021-ML_268995.wav": {"precision": 0.5, "recall": 0.1, "f-measure": 0.16666666666666666}, "DCASE2021-ML_190099.wav": {"precision": 0.7142857142857143, "recall": 1.0, "f-measure": 0.8333333333333334}, "DCASE2021-ML_89792.wav": {"precision": 0.88, "recall": 0.7586206896551724, "f-measure": 0.8148148148148148}, "DCASE2021-ML_72010931.wav": {"precision": 1.0, "recall": 0.288135593220339, "f-measure": 0.4473684210526316}, "DCASE2021-ML_273164.wav": {"precision": 1e-05, "recall": 1e-05, "f-measure": 1e-05}, "DCASE2021-ML_53963.wav": {"precision": 1.0, "recall": 0.32051282051282054, "f-measure": 0.4854368932038835}, "DCASE2021-ML_521435.wav": {"precision": 0.6444444444444445, "recall": 0.5, "f-measure": 0.5631067961165048}, "DCASE2021-ML_168236.wav": {"precision": 0.7954545454545454, "recall": 0.6363636363636364, "f-measure": 0.7070707070707071}, "DC11.wav": {"precision": 0.125, "recall": 0.037037037037037035, "f-measure": 0.05714285714285714}, "DC10.wav": {"precision": 0.45933014354066987, "recall": 0.7804878048780488, "f-measure": 0.5783132530120482}, "DC12.wav": {"precision": 0.21621621621621623, "recall": 0.18604651162790697, "f-measure": 0.2}, "DC08.wav": {"precision": 0.7761194029850746, "recall": 0.5777777777777777, "f-measure": 0.6624203821656051}, "DC02.wav": {"precision": 0.2926829268292683, "recall": 0.17142857142857143, "f-measure": 0.21621621621621623}, "DC06.wav": {"precision": 0.13580246913580246, "recall": 0.171875, "f-measure": 0.15172413793103448}, "DC07.wav": {"precision": 0.7473118279569892, "recall": 0.6043478260869565, "f-measure": 0.6682692307692307}, "DC09.wav": {"precision": 0.13953488372093023, "recall": 0.5, "f-measure": 0.21818181818181817}, "DC04.wav": {"precision": 0.25, "recall": 0.3333333333333333, "f-measure": 0.2857142857142857}, "DC05.wav": {"precision": 0.20353982300884957, "recall": 0.5348837209302325, "f-measure": 0.2948717948717949}, "DC01.wav": {"precision": 0.6511627906976745, "recall": 0.5333333333333333, "f-measure": 0.5863874345549738}, "DC03.wav": {"precision": 0.3191489361702128, "recall": 0.11194029850746269, "f-measure": 0.16574585635359115}, "ME2.wav": {"precision": 0.9, "recall": 0.43902439024390244, "f-measure": 0.5901639344262295}, "ME1.wav": {"precision": 0.21951219512195122, "recall": 0.8181818181818182, "f-measure": 0.34615384615384615}}}