{"set_name": "TEST", "report_date": "08122021_13_54_27", "overall_scores": {"precision": 0.6352678263508574, "recall": 0.3812065514495405, "fmeasure (percentage)": 47.649}, "scores_per_subset": {"ML": {"precision": 0.9290322580645162, "recall": 0.3031578947368421, "f-measure": 0.45714285714285713}, "DC": {"precision": 0.5256410256410257, "recall": 0.3088512241054614, "f-measure": 0.38908659549228947}, "ME": {"precision": 0.5735294117647058, "recall": 0.75, "f-measure": 0.65}}, "scores_per_audiofile": {"DCASE2021-ML_129696.wav": {"precision": 1.0, "recall": 0.18421052631578946, "f-measure": 0.3111111111111111}, "DCASE2021-ML_131369.wav": {"precision": 0.9333333333333333, "recall": 0.35, "f-measure": 0.509090909090909}, "DCASE2021-ML_131198.wav": {"precision": 0.4444444444444444, "recall": 1.0, "f-measure": 0.6153846153846154}, "DCASE2021-ML_197045.wav": {"precision": 1.0, "recall": 0.6756756756756757, "f-measure": 0.8064516129032258}, "DCASE2021-ML_126376.wav": {"precision": 0.9444444444444444, "recall": 0.18085106382978725, "f-measure": 0.30357142857142855}, "DCASE2021-ML_191491.wav": {"precision": 1.0, "recall": 0.4444444444444444, "f-measure": 0.6153846153846154}, "DCASE2021-ML_37045.wav": {"precision": 0.9166666666666666, "recall": 0.9166666666666666, "f-measure": 0.9166666666666666}, "DCASE2021-ML_176488.wav": {"precision": 1.0, "recall": 0.2222222222222222, "f-measure": 0.36363636363636365}, "DCASE2021-ML_40509.wav": {"precision": 1.0, "recall": 0.06504065040650407, "f-measure": 0.12213740458015267}, "DCASE2021-ML_268995.wav": {"precision": 1.0, "recall": 1.0, "f-measure": 1.0}, "DCASE2021-ML_190099.wav": {"precision": 1.0, "recall": 0.6666666666666666, "f-measure": 0.8}, "DCASE2021-ML_89792.wav": {"precision": 1.0, "recall": 0.9655172413793104, "f-measure": 0.9824561403508771}, "DCASE2021-ML_72010931.wav": {"precision": 1.0, "recall": 0.1016949152542373, "f-measure": 0.18461538461538463}, "DCASE2021-ML_273164.wav": {"precision": 1.0, "recall": 0.006666666666666667, "f-measure": 0.013245033112582781}, "DCASE2021-ML_53963.wav": {"precision": 1.0, "recall": 0.10256410256410256, "f-measure": 0.18604651162790697}, "DCASE2021-ML_521435.wav": {"precision": 0.8809523809523809, "recall": 0.6379310344827587, "f-measure": 0.74}, "DCASE2021-ML_168236.wav": {"precision": 0.8767123287671232, "recall": 0.5818181818181818, "f-measure": 0.6994535519125683}, "DC11.wav": {"precision": 0.102803738317757, "recall": 0.2037037037037037, "f-measure": 0.13664596273291926}, "DC10.wav": {"precision": 0.5102040816326531, "recall": 0.2032520325203252, "f-measure": 0.29069767441860467}, "DC12.wav": {"precision": 1e-05, "recall": 1e-05, "f-measure": 1e-05}, "DC08.wav": {"precision": 0.9807692307692307, "recall": 0.5666666666666667, "f-measure": 0.7183098591549296}, "DC02.wav": {"precision": 0.5, "recall": 0.1, "f-measure": 0.16666666666666666}, "DC06.wav": {"precision": 0.06060606060606061, "recall": 0.03125, "f-measure": 0.041237113402061855}, "DC07.wav": {"precision": 0.8594594594594595, "recall": 0.691304347826087, "f-measure": 0.7662650602409639}, "DC09.wav": {"precision": 0.12903225806451613, "recall": 0.3333333333333333, "f-measure": 0.18604651162790697}, "DC04.wav": {"precision": 1e-05, "recall": 1e-05, "f-measure": 1e-05}, "DC05.wav": {"precision": 0.2553191489361702, "recall": 0.27906976744186046, "f-measure": 0.26666666666666666}, "DC01.wav": {"precision": 0.8863636363636364, "recall": 0.37142857142857144, "f-measure": 0.5234899328859061}, "DC03.wav": {"precision": 0.2972972972972973, "recall": 0.08208955223880597, "f-measure": 0.1286549707602339}, "ME2.wav": {"precision": 0.8055555555555556, "recall": 0.7073170731707317, "f-measure": 0.7532467532467533}, "ME1.wav": {"precision": 0.3125, "recall": 0.9090909090909091, "f-measure": 0.46511627906976744}}}