{"set_name": "TEST", "report_date": "08122021_15_04_48", "overall_scores": {"precision": 0.5770056811283172, "recall": 0.3444273411823439, "fmeasure (percentage)": 43.136}, "scores_per_subset": {"ML": {"precision": 0.867579908675799, "recall": 0.2, "f-measure": 0.32506415739948674}, "DC": {"precision": 0.4620493358633776, "recall": 0.4585687382297552, "f-measure": 0.4603024574669187}, "ME": {"precision": 0.53125, "recall": 0.6538461538461539, "f-measure": 0.5862068965517241}}, "scores_per_audiofile": {"DCASE2021-ML_129696.wav": {"precision": 1.0, "recall": 0.013157894736842105, "f-measure": 0.025974025974025976}, "DCASE2021-ML_131369.wav": {"precision": 1.0, "recall": 0.15, "f-measure": 0.2608695652173913}, "DCASE2021-ML_131198.wav": {"precision": 1.0, "recall": 0.75, "f-measure": 0.8571428571428571}, "DCASE2021-ML_197045.wav": {"precision": 1.0, "recall": 0.05405405405405406, "f-measure": 0.10256410256410256}, "DCASE2021-ML_126376.wav": {"precision": 0.8823529411764706, "recall": 0.1595744680851064, "f-measure": 0.2702702702702703}, "DCASE2021-ML_191491.wav": {"precision": 1.0, "recall": 0.3333333333333333, "f-measure": 0.5}, "DCASE2021-ML_37045.wav": {"precision": 1.0, "recall": 0.25, "f-measure": 0.4}, "DCASE2021-ML_176488.wav": {"precision": 1.0, "recall": 0.2222222222222222, "f-measure": 0.36363636363636365}, "DCASE2021-ML_40509.wav": {"precision": 1.0, "recall": 0.04878048780487805, "f-measure": 0.09302325581395349}, "DCASE2021-ML_268995.wav": {"precision": 0.6666666666666666, "recall": 0.2, "f-measure": 0.3076923076923077}, "DCASE2021-ML_190099.wav": {"precision": 0.7222222222222222, "recall": 0.8666666666666667, "f-measure": 0.7878787878787878}, "DCASE2021-ML_89792.wav": {"precision": 1.0, "recall": 0.7586206896551724, "f-measure": 0.8627450980392157}, "DCASE2021-ML_72010931.wav": {"precision": 1.0, "recall": 0.11864406779661017, "f-measure": 0.21212121212121213}, "DCASE2021-ML_273164.wav": {"precision": 1.0, "recall": 0.006666666666666667, "f-measure": 0.013245033112582781}, "DCASE2021-ML_53963.wav": {"precision": 1.0, "recall": 0.15384615384615385, "f-measure": 0.26666666666666666}, "DCASE2021-ML_521435.wav": {"precision": 0.7948717948717948, "recall": 0.5344827586206896, "f-measure": 0.6391752577319587}, "DCASE2021-ML_168236.wav": {"precision": 0.8194444444444444, "recall": 0.5363636363636364, "f-measure": 0.6483516483516484}, "DC11.wav": {"precision": 0.16666666666666666, "recall": 0.18518518518518517, "f-measure": 0.17543859649122806}, "DC10.wav": {"precision": 0.42342342342342343, "recall": 0.7642276422764228, "f-measure": 0.5449275362318841}, "DC12.wav": {"precision": 0.3582089552238806, "recall": 0.5581395348837209, "f-measure": 0.43636363636363634}, "DC08.wav": {"precision": 0.8522727272727273, "recall": 0.8333333333333334, "f-measure": 0.8426966292134831}, "DC02.wav": {"precision": 0.3076923076923077, "recall": 0.14285714285714285, "f-measure": 0.1951219512195122}, "DC06.wav": {"precision": 0.1076923076923077, "recall": 0.109375, "f-measure": 0.10852713178294573}, "DC07.wav": {"precision": 0.740909090909091, "recall": 0.7086956521739131, "f-measure": 0.7244444444444444}, "DC09.wav": {"precision": 0.15217391304347827, "recall": 0.5833333333333334, "f-measure": 0.2413793103448276}, "DC04.wav": {"precision": 0.22580645161290322, "recall": 0.2916666666666667, "f-measure": 0.2545454545454545}, "DC05.wav": {"precision": 0.19540229885057472, "recall": 0.3953488372093023, "f-measure": 0.26153846153846155}, "DC01.wav": {"precision": 0.8225806451612904, "recall": 0.4857142857142857, "f-measure": 0.6107784431137725}, "DC03.wav": {"precision": 0.2926829268292683, "recall": 0.08955223880597014, "f-measure": 0.13714285714285715}, "ME2.wav": {"precision": 0.9615384615384616, "recall": 0.6097560975609756, "f-measure": 0.746268656716418}, "ME1.wav": {"precision": 0.23684210526315788, "recall": 0.8181818181818182, "f-measure": 0.3673469387755102}}}