{"set_name": "TEST", "report_date": "08122021_20_23_57", "overall_scores": {"precision": 0.588374469865847, "recall": 0.35261344476211426, "fmeasure (percentage)": 44.096}, "scores_per_subset": {"ML": {"precision": 0.8962264150943396, "recall": 0.2, "f-measure": 0.3270223752151463}, "DC": {"precision": 0.4633911368015414, "recall": 0.4529190207156309, "f-measure": 0.4580952380952381}, "ME": {"precision": 0.547945205479452, "recall": 0.7692307692307693, "f-measure": 0.64}}, "scores_per_audiofile": {"DCASE2021-ML_129696.wav": {"precision": 1.0, "recall": 0.013157894736842105, "f-measure": 0.025974025974025976}, "DCASE2021-ML_131369.wav": {"precision": 1.0, "recall": 0.025, "f-measure": 0.04878048780487805}, "DCASE2021-ML_131198.wav": {"precision": 1.0, "recall": 1.0, "f-measure": 1.0}, "DCASE2021-ML_197045.wav": {"precision": 1.0, "recall": 0.2702702702702703, "f-measure": 0.425531914893617}, "DCASE2021-ML_126376.wav": {"precision": 1.0, "recall": 0.1595744680851064, "f-measure": 0.27522935779816515}, "DCASE2021-ML_191491.wav": {"precision": 1.0, "recall": 0.6666666666666666, "f-measure": 0.8}, "DCASE2021-ML_37045.wav": {"precision": 1.0, "recall": 0.08333333333333333, "f-measure": 0.15384615384615385}, "DCASE2021-ML_176488.wav": {"precision": 1.0, "recall": 0.2222222222222222, "f-measure": 0.36363636363636365}, "DCASE2021-ML_40509.wav": {"precision": 1.0, "recall": 0.04065040650406504, "f-measure": 0.078125}, "DCASE2021-ML_268995.wav": {"precision": 1.0, "recall": 0.1, "f-measure": 0.18181818181818182}, "DCASE2021-ML_190099.wav": {"precision": 0.8571428571428571, "recall": 0.8, "f-measure": 0.8275862068965517}, "DCASE2021-ML_89792.wav": {"precision": 0.7777777777777778, "recall": 0.4827586206896552, "f-measure": 0.5957446808510638}, "DCASE2021-ML_72010931.wav": {"precision": 1.0, "recall": 0.1864406779661017, "f-measure": 0.3142857142857143}, "DCASE2021-ML_273164.wav": {"precision": 1.0, "recall": 0.006666666666666667, "f-measure": 0.013245033112582781}, "DCASE2021-ML_53963.wav": {"precision": 1.0, "recall": 0.10256410256410256, "f-measure": 0.18604651162790697}, "DCASE2021-ML_521435.wav": {"precision": 0.84, "recall": 0.7241379310344828, "f-measure": 0.7777777777777778}, "DCASE2021-ML_168236.wav": {"precision": 0.8518518518518519, "recall": 0.41818181818181815, "f-measure": 0.5609756097560976}, "DC11.wav": {"precision": 0.15584415584415584, "recall": 0.4444444444444444, "f-measure": 0.23076923076923078}, "DC10.wav": {"precision": 0.38562091503267976, "recall": 0.4796747967479675, "f-measure": 0.427536231884058}, "DC12.wav": {"precision": 0.3050847457627119, "recall": 0.4186046511627907, "f-measure": 0.35294117647058826}, "DC08.wav": {"precision": 0.9655172413793104, "recall": 0.9333333333333333, "f-measure": 0.9491525423728814}, "DC02.wav": {"precision": 0.3684210526315789, "recall": 0.15, "f-measure": 0.2131979695431472}, "DC06.wav": {"precision": 0.0851063829787234, "recall": 0.0625, "f-measure": 0.07207207207207207}, "DC07.wav": {"precision": 0.7418032786885246, "recall": 0.7869565217391304, "f-measure": 0.7637130801687764}, "DC09.wav": {"precision": 0.14285714285714285, "recall": 0.5833333333333334, "f-measure": 0.22950819672131148}, "DC04.wav": {"precision": 0.09090909090909091, "recall": 0.041666666666666664, "f-measure": 0.05714285714285714}, "DC05.wav": {"precision": 0.2112676056338028, "recall": 0.3488372093023256, "f-measure": 0.2631578947368421}, "DC01.wav": {"precision": 0.8260869565217391, "recall": 0.5428571428571428, "f-measure": 0.6551724137931034}, "DC03.wav": {"precision": 0.2702702702702703, "recall": 0.07462686567164178, "f-measure": 0.11695906432748537}, "ME2.wav": {"precision": 0.8823529411764706, "recall": 0.7317073170731707, "f-measure": 0.8}, "ME1.wav": {"precision": 0.2564102564102564, "recall": 0.9090909090909091, "f-measure": 0.4}}}