{"set_name": "TEST", "report_date": "08122021_23_56_12", "overall_scores": {"precision": 0.5482360414973054, "recall": 0.34614678637129376, "fmeasure (percentage)": 42.436}, "scores_per_subset": {"ML": {"precision": 0.8120300751879699, "recall": 0.225, "f-measure": 0.3523654159869494}, "DC": {"precision": 0.4535353535353535, "recall": 0.4227871939736347, "f-measure": 0.43762183235867447}, "ME": {"precision": 0.49122807017543857, "recall": 0.5384615384615384, "f-measure": 0.5137614678899083}}, "scores_per_audiofile": {"DCASE2021-ML_129696.wav": {"precision": 1.0, "recall": 0.039473684210526314, "f-measure": 0.0759493670886076}, "DCASE2021-ML_131369.wav": {"precision": 1.0, "recall": 0.25, "f-measure": 0.4}, "DCASE2021-ML_131198.wav": {"precision": 1e-05, "recall": 1e-05, "f-measure": 1e-05}, "DCASE2021-ML_197045.wav": {"precision": 1.0, "recall": 0.10810810810810811, "f-measure": 0.1951219512195122}, "DCASE2021-ML_126376.wav": {"precision": 0.8695652173913043, "recall": 0.2127659574468085, "f-measure": 0.3418803418803419}, "DCASE2021-ML_191491.wav": {"precision": 0.875, "recall": 0.7777777777777778, "f-measure": 0.8235294117647058}, "DCASE2021-ML_37045.wav": {"precision": 1.0, "recall": 0.16666666666666666, "f-measure": 0.2857142857142857}, "DCASE2021-ML_176488.wav": {"precision": 1.0, "recall": 0.1111111111111111, "f-measure": 0.2}, "DCASE2021-ML_40509.wav": {"precision": 1.0, "recall": 0.04065040650406504, "f-measure": 0.078125}, "DCASE2021-ML_268995.wav": {"precision": 0.5, "recall": 0.1, "f-measure": 0.16666666666666666}, "DCASE2021-ML_190099.wav": {"precision": 0.7368421052631579, "recall": 0.9333333333333333, "f-measure": 0.8235294117647058}, "DCASE2021-ML_89792.wav": {"precision": 0.8928571428571429, "recall": 0.8620689655172413, "f-measure": 0.8771929824561403}, "DCASE2021-ML_72010931.wav": {"precision": 1.0, "recall": 0.23728813559322035, "f-measure": 0.3835616438356164}, "DCASE2021-ML_273164.wav": {"precision": 1e-05, "recall": 1e-05, "f-measure": 1e-05}, "DCASE2021-ML_53963.wav": {"precision": 1.0, "recall": 0.28205128205128205, "f-measure": 0.44}, "DCASE2021-ML_521435.wav": {"precision": 0.5151515151515151, "recall": 0.29310344827586204, "f-measure": 0.37362637362637363}, "DCASE2021-ML_168236.wav": {"precision": 0.7613636363636364, "recall": 0.6090909090909091, "f-measure": 0.6767676767676768}, "DC11.wav": {"precision": 0.07142857142857142, "recall": 0.037037037037037035, "f-measure": 0.04878048780487805}, "DC10.wav": {"precision": 0.4298642533936652, "recall": 0.7723577235772358, "f-measure": 0.5523255813953488}, "DC12.wav": {"precision": 0.175, "recall": 0.16279069767441862, "f-measure": 0.1686746987951807}, "DC08.wav": {"precision": 0.8, "recall": 0.7111111111111111, "f-measure": 0.7529411764705882}, "DC02.wav": {"precision": 0.34782608695652173, "recall": 0.17142857142857143, "f-measure": 0.22966507177033493}, "DC06.wav": {"precision": 0.11428571428571428, "recall": 0.125, "f-measure": 0.11940298507462686}, "DC07.wav": {"precision": 0.7192118226600985, "recall": 0.6347826086956522, "f-measure": 0.674364896073903}, "DC09.wav": {"precision": 0.14583333333333334, "recall": 0.5833333333333334, "f-measure": 0.23333333333333334}, "DC04.wav": {"precision": 0.22727272727272727, "recall": 0.20833333333333334, "f-measure": 0.21739130434782608}, "DC05.wav": {"precision": 0.21505376344086022, "recall": 0.46511627906976744, "f-measure": 0.29411764705882354}, "DC01.wav": {"precision": 0.7808219178082192, "recall": 0.5428571428571428, "f-measure": 0.6404494382022472}, "DC03.wav": {"precision": 0.32558139534883723, "recall": 0.1044776119402985, "f-measure": 0.15819209039548024}, "ME2.wav": {"precision": 0.9, "recall": 0.43902439024390244, "f-measure": 0.5901639344262295}, "ME1.wav": {"precision": 0.2702702702702703, "recall": 0.9090909090909091, "f-measure": 0.4166666666666667}}}