{"set_name": "TEST", "report_date": "08122021_15_53_57", "overall_scores": {"precision": 0.5181003223562726, "recall": 0.3808797038928948, "fmeasure (percentage)": 43.902}, "scores_per_subset": {"ML": {"precision": 0.8187702265372169, "recall": 0.2649214659685864, "f-measure": 0.40031645569620256}, "DC": {"precision": 0.44273339749759383, "recall": 0.4331450094161959, "f-measure": 0.43788672060923367}, "ME": {"precision": 0.43283582089552236, "recall": 0.5576923076923077, "f-measure": 0.48739495798319327}}, "scores_per_audiofile": {"DCASE2021-ML_129696.wav": {"precision": 1.0, "recall": 0.039473684210526314, "f-measure": 0.0759493670886076}, "DCASE2021-ML_131369.wav": {"precision": 1.0, "recall": 0.2, "f-measure": 0.3333333333333333}, "DCASE2021-ML_131198.wav": {"precision": 1.0, "recall": 0.25, "f-measure": 0.4}, "DCASE2021-ML_197045.wav": {"precision": 0.9230769230769231, "recall": 0.16216216216216217, "f-measure": 0.27586206896551724}, "DCASE2021-ML_126376.wav": {"precision": 0.9230769230769231, "recall": 0.3829787234042553, "f-measure": 0.5413533834586466}, "DCASE2021-ML_191491.wav": {"precision": 0.8888888888888888, "recall": 0.8888888888888888, "f-measure": 0.8888888888888888}, "DCASE2021-ML_37045.wav": {"precision": 1.0, "recall": 0.16666666666666666, "f-measure": 0.2857142857142857}, "DCASE2021-ML_176488.wav": {"precision": 1.0, "recall": 0.6666666666666666, "f-measure": 0.8}, "DCASE2021-ML_40509.wav": {"precision": 1.0, "recall": 0.08130081300813008, "f-measure": 0.15037593984962405}, "DCASE2021-ML_268995.wav": {"precision": 1.0, "recall": 0.2, "f-measure": 0.3333333333333333}, "DCASE2021-ML_190099.wav": {"precision": 0.6086956521739131, "recall": 0.9333333333333333, "f-measure": 0.7368421052631579}, "DCASE2021-ML_89792.wav": {"precision": 1.0, "recall": 0.5862068965517241, "f-measure": 0.7391304347826086}, "DCASE2021-ML_72010931.wav": {"precision": 1.0, "recall": 0.3050847457627119, "f-measure": 0.4675324675324675}, "DCASE2021-ML_273164.wav": {"precision": 1e-05, "recall": 1e-05, "f-measure": 1e-05}, "DCASE2021-ML_53963.wav": {"precision": 1.0, "recall": 0.34615384615384615, "f-measure": 0.5142857142857142}, "DCASE2021-ML_521435.wav": {"precision": 0.5833333333333334, "recall": 0.3620689655172414, "f-measure": 0.44680851063829785}, "DCASE2021-ML_168236.wav": {"precision": 0.7157894736842105, "recall": 0.6181818181818182, "f-measure": 0.6634146341463415}, "DC11.wav": {"precision": 0.09523809523809523, "recall": 0.037037037037037035, "f-measure": 0.05333333333333334}, "DC10.wav": {"precision": 0.44711538461538464, "recall": 0.7560975609756098, "f-measure": 0.5619335347432024}, "DC12.wav": {"precision": 0.1935483870967742, "recall": 0.13953488372093023, "f-measure": 0.16216216216216217}, "DC08.wav": {"precision": 0.8076923076923077, "recall": 0.7, "f-measure": 0.75}, "DC02.wav": {"precision": 0.3488372093023256, "recall": 0.21428571428571427, "f-measure": 0.26548672566371684}, "DC06.wav": {"precision": 0.13253012048192772, "recall": 0.171875, "f-measure": 0.14965986394557823}, "DC07.wav": {"precision": 0.7121212121212122, "recall": 0.6130434782608696, "f-measure": 0.6588785046728972}, "DC09.wav": {"precision": 0.14634146341463414, "recall": 0.5, "f-measure": 0.22641509433962265}, "DC04.wav": {"precision": 0.2, "recall": 0.3333333333333333, "f-measure": 0.25}, "DC05.wav": {"precision": 0.21367521367521367, "recall": 0.5813953488372093, "f-measure": 0.3125}, "DC01.wav": {"precision": 0.6590909090909091, "recall": 0.5523809523809524, "f-measure": 0.6010362694300518}, "DC03.wav": {"precision": 0.3541666666666667, "recall": 0.12686567164179105, "f-measure": 0.18681318681318682}, "ME2.wav": {"precision": 0.9090909090909091, "recall": 0.4878048780487805, "f-measure": 0.6349206349206349}, "ME1.wav": {"precision": 0.2, "recall": 0.8181818181818182, "f-measure": 0.32142857142857145}}}