{"set_name": "TEST", "report_date": "08122021_18_01_46", "overall_scores": {"precision": 0.586371191135734, "recall": 0.35253677254316773, "fmeasure (percentage)": 44.034}, "scores_per_subset": {"ML": {"precision": 0.8909090909090909, "recall": 0.20416666666666666, "f-measure": 0.33220338983050846}, "DC": {"precision": 0.4688995215311005, "recall": 0.4613935969868173, "f-measure": 0.46511627906976744}, "ME": {"precision": 0.5373134328358209, "recall": 0.6923076923076923, "f-measure": 0.6050420168067226}}, "scores_per_audiofile": {"DCASE2021-ML_129696.wav": {"precision": 1e-05, "recall": 1e-05, "f-measure": 1e-05}, "DCASE2021-ML_131369.wav": {"precision": 1.0, "recall": 0.175, "f-measure": 0.2978723404255319}, "DCASE2021-ML_131198.wav": {"precision": 1.0, "recall": 0.5, "f-measure": 0.6666666666666666}, "DCASE2021-ML_197045.wav": {"precision": 1.0, "recall": 0.17567567567567569, "f-measure": 0.2988505747126437}, "DCASE2021-ML_126376.wav": {"precision": 0.9411764705882353, "recall": 0.1702127659574468, "f-measure": 0.2882882882882883}, "DCASE2021-ML_191491.wav": {"precision": 1.0, "recall": 0.7777777777777778, "f-measure": 0.875}, "DCASE2021-ML_37045.wav": {"precision": 1.0, "recall": 0.08333333333333333, "f-measure": 0.15384615384615385}, "DCASE2021-ML_176488.wav": {"precision": 1.0, "recall": 0.2222222222222222, "f-measure": 0.36363636363636365}, "DCASE2021-ML_40509.wav": {"precision": 1.0, "recall": 0.04878048780487805, "f-measure": 0.09302325581395349}, "DCASE2021-ML_268995.wav": {"precision": 0.5, "recall": 0.1, "f-measure": 0.16666666666666666}, "DCASE2021-ML_190099.wav": {"precision": 0.8235294117647058, "recall": 0.9333333333333333, "f-measure": 0.875}, "DCASE2021-ML_89792.wav": {"precision": 1.0, "recall": 0.7586206896551724, "f-measure": 0.8627450980392157}, "DCASE2021-ML_72010931.wav": {"precision": 1.0, "recall": 0.23728813559322035, "f-measure": 0.3835616438356164}, "DCASE2021-ML_273164.wav": {"precision": 1e-05, "recall": 1e-05, "f-measure": 1e-05}, "DCASE2021-ML_53963.wav": {"precision": 1.0, "recall": 0.19230769230769232, "f-measure": 0.3225806451612903}, "DCASE2021-ML_521435.wav": {"precision": 0.6551724137931034, "recall": 0.3275862068965517, "f-measure": 0.4367816091954023}, "DCASE2021-ML_168236.wav": {"precision": 0.8636363636363636, "recall": 0.5181818181818182, "f-measure": 0.6477272727272727}, "DC11.wav": {"precision": 0.17543859649122806, "recall": 0.18518518518518517, "f-measure": 0.18018018018018017}, "DC10.wav": {"precision": 0.4247787610619469, "recall": 0.7804878048780488, "f-measure": 0.5501432664756447}, "DC12.wav": {"precision": 0.28846153846153844, "recall": 0.3488372093023256, "f-measure": 0.3157894736842105}, "DC08.wav": {"precision": 0.8804347826086957, "recall": 0.9, "f-measure": 0.8901098901098901}, "DC02.wav": {"precision": 0.3333333333333333, "recall": 0.15714285714285714, "f-measure": 0.21359223300970873}, "DC06.wav": {"precision": 0.1111111111111111, "recall": 0.109375, "f-measure": 0.11023622047244094}, "DC07.wav": {"precision": 0.7239819004524887, "recall": 0.6956521739130435, "f-measure": 0.7095343680709535}, "DC09.wav": {"precision": 0.13333333333333333, "recall": 0.5, "f-measure": 0.21052631578947367}, "DC04.wav": {"precision": 0.27586206896551724, "recall": 0.3333333333333333, "f-measure": 0.3018867924528302}, "DC05.wav": {"precision": 0.21176470588235294, "recall": 0.4186046511627907, "f-measure": 0.28125}, "DC01.wav": {"precision": 0.7910447761194029, "recall": 0.5047619047619047, "f-measure": 0.6162790697674418}, "DC03.wav": {"precision": 0.3333333333333333, "recall": 0.1044776119402985, "f-measure": 0.1590909090909091}, "ME2.wav": {"precision": 0.9310344827586207, "recall": 0.6585365853658537, "f-measure": 0.7714285714285715}, "ME1.wav": {"precision": 0.23684210526315788, "recall": 0.8181818181818182, "f-measure": 0.3673469387755102}}}