{"set_name": "TEST", "report_date": "08122021_15_17_23", "overall_scores": {"precision": 0.5567143781917572, "recall": 0.3844270603034733, "fmeasure (percentage)": 45.48}, "scores_per_subset": {"ML": {"precision": 0.8295819935691319, "recall": 0.26875, "f-measure": 0.40597954366640443}, "DC": {"precision": 0.4444444444444444, "recall": 0.4256120527306968, "f-measure": 0.43482443482443484}, "ME": {"precision": 0.5172413793103449, "recall": 0.5769230769230769, "f-measure": 0.5454545454545454}}, "scores_per_audiofile": {"DCASE2021-ML_129696.wav": {"precision": 1.0, "recall": 0.039473684210526314, "f-measure": 0.0759493670886076}, "DCASE2021-ML_131369.wav": {"precision": 1.0, "recall": 0.225, "f-measure": 0.3673469387755102}, "DCASE2021-ML_131198.wav": {"precision": 1e-05, "recall": 1e-05, "f-measure": 1e-05}, "DCASE2021-ML_197045.wav": {"precision": 0.9090909090909091, "recall": 0.13513513513513514, "f-measure": 0.23529411764705882}, "DCASE2021-ML_126376.wav": {"precision": 0.8974358974358975, "recall": 0.3723404255319149, "f-measure": 0.5263157894736842}, "DCASE2021-ML_191491.wav": {"precision": 0.875, "recall": 0.7777777777777778, "f-measure": 0.8235294117647058}, "DCASE2021-ML_37045.wav": {"precision": 1.0, "recall": 0.16666666666666666, "f-measure": 0.2857142857142857}, "DCASE2021-ML_176488.wav": {"precision": 1.0, "recall": 0.2222222222222222, "f-measure": 0.36363636363636365}, "DCASE2021-ML_40509.wav": {"precision": 1.0, "recall": 0.056910569105691054, "f-measure": 0.1076923076923077}, "DCASE2021-ML_268995.wav": {"precision": 0.5, "recall": 0.1, "f-measure": 0.16666666666666666}, "DCASE2021-ML_190099.wav": {"precision": 0.6666666666666666, "recall": 0.9333333333333333, "f-measure": 0.7777777777777778}, "DCASE2021-ML_89792.wav": {"precision": 0.8928571428571429, "recall": 0.8620689655172413, "f-measure": 0.8771929824561403}, "DCASE2021-ML_72010931.wav": {"precision": 1.0, "recall": 0.288135593220339, "f-measure": 0.4473684210526316}, "DCASE2021-ML_273164.wav": {"precision": 1e-05, "recall": 1e-05, "f-measure": 1e-05}, "DCASE2021-ML_53963.wav": {"precision": 1.0, "recall": 0.3333333333333333, "f-measure": 0.5}, "DCASE2021-ML_521435.wav": {"precision": 0.6666666666666666, "recall": 0.5517241379310345, "f-measure": 0.6037735849056604}, "DCASE2021-ML_168236.wav": {"precision": 0.7727272727272727, "recall": 0.6181818181818182, "f-measure": 0.6868686868686869}, "DC11.wav": {"precision": 0.0625, "recall": 0.037037037037037035, "f-measure": 0.046511627906976744}, "DC10.wav": {"precision": 0.4377880184331797, "recall": 0.7723577235772358, "f-measure": 0.5588235294117647}, "DC12.wav": {"precision": 0.2631578947368421, "recall": 0.23255813953488372, "f-measure": 0.24691358024691357}, "DC08.wav": {"precision": 0.7848101265822784, "recall": 0.6888888888888889, "f-measure": 0.7337278106508875}, "DC02.wav": {"precision": 0.3561643835616438, "recall": 0.18571428571428572, "f-measure": 0.24413145539906103}, "DC06.wav": {"precision": 0.08571428571428572, "recall": 0.09375, "f-measure": 0.08955223880597014}, "DC07.wav": {"precision": 0.7621621621621621, "recall": 0.6130434782608696, "f-measure": 0.6795180722891566}, "DC09.wav": {"precision": 0.15555555555555556, "recall": 0.5833333333333334, "f-measure": 0.24561403508771928}, "DC04.wav": {"precision": 0.22857142857142856, "recall": 0.3333333333333333, "f-measure": 0.2711864406779661}, "DC05.wav": {"precision": 0.20353982300884957, "recall": 0.5348837209302325, "f-measure": 0.2948717948717949}, "DC01.wav": {"precision": 0.6829268292682927, "recall": 0.5333333333333333, "f-measure": 0.5989304812834224}, "DC03.wav": {"precision": 0.3333333333333333, "recall": 0.11940298507462686, "f-measure": 0.17582417582417584}, "ME2.wav": {"precision": 0.9090909090909091, "recall": 0.4878048780487805, "f-measure": 0.6349206349206349}, "ME1.wav": {"precision": 0.2777777777777778, "recall": 0.9090909090909091, "f-measure": 0.425531914893617}}}