{"set_name": "TEST", "report_date": "08122021_11_25_06", "overall_scores": {"precision": 0.5861031570553481, "recall": 0.3853302830997998, "fmeasure (percentage)": 46.497}, "scores_per_subset": {"ML": {"precision": 0.8835341365461847, "recall": 0.23157894736842105, "f-measure": 0.3669724770642202}, "DC": {"precision": 0.4680038204393505, "recall": 0.4613935969868173, "f-measure": 0.4646752015173068}, "ME": {"precision": 0.5405405405405406, "recall": 0.7692307692307693, "f-measure": 0.6349206349206349}}, "scores_per_audiofile": {"DCASE2021-ML_129696.wav": {"precision": 1.0, "recall": 0.039473684210526314, "f-measure": 0.0759493670886076}, "DCASE2021-ML_131369.wav": {"precision": 0.7777777777777778, "recall": 0.175, "f-measure": 0.2857142857142857}, "DCASE2021-ML_131198.wav": {"precision": 1.0, "recall": 1.0, "f-measure": 1.0}, "DCASE2021-ML_197045.wav": {"precision": 1.0, "recall": 0.40540540540540543, "f-measure": 0.5769230769230769}, "DCASE2021-ML_126376.wav": {"precision": 0.7894736842105263, "recall": 0.1595744680851064, "f-measure": 0.26548672566371684}, "DCASE2021-ML_191491.wav": {"precision": 1.0, "recall": 0.6666666666666666, "f-measure": 0.8}, "DCASE2021-ML_37045.wav": {"precision": 1.0, "recall": 0.08333333333333333, "f-measure": 0.15384615384615385}, "DCASE2021-ML_176488.wav": {"precision": 1.0, "recall": 0.6666666666666666, "f-measure": 0.8}, "DCASE2021-ML_40509.wav": {"precision": 1.0, "recall": 0.056910569105691054, "f-measure": 0.1076923076923077}, "DCASE2021-ML_268995.wav": {"precision": 0.6666666666666666, "recall": 0.2, "f-measure": 0.3076923076923077}, "DCASE2021-ML_190099.wav": {"precision": 0.9375, "recall": 1.0, "f-measure": 0.967741935483871}, "DCASE2021-ML_89792.wav": {"precision": 0.875, "recall": 0.4827586206896552, "f-measure": 0.6222222222222222}, "DCASE2021-ML_72010931.wav": {"precision": 1.0, "recall": 0.1864406779661017, "f-measure": 0.3142857142857143}, "DCASE2021-ML_273164.wav": {"precision": 1.0, "recall": 0.006666666666666667, "f-measure": 0.013245033112582781}, "DCASE2021-ML_53963.wav": {"precision": 1.0, "recall": 0.11538461538461539, "f-measure": 0.20689655172413793}, "DCASE2021-ML_521435.wav": {"precision": 0.8627450980392157, "recall": 0.7586206896551724, "f-measure": 0.8073394495412844}, "DCASE2021-ML_168236.wav": {"precision": 0.7894736842105263, "recall": 0.4090909090909091, "f-measure": 0.5389221556886228}, "DC11.wav": {"precision": 0.1643835616438356, "recall": 0.4444444444444444, "f-measure": 0.24}, "DC10.wav": {"precision": 0.4146341463414634, "recall": 0.5528455284552846, "f-measure": 0.4738675958188153}, "DC12.wav": {"precision": 0.288135593220339, "recall": 0.3953488372093023, "f-measure": 0.3333333333333333}, "DC08.wav": {"precision": 0.9534883720930233, "recall": 0.9111111111111111, "f-measure": 0.9318181818181818}, "DC02.wav": {"precision": 0.29411764705882354, "recall": 0.10714285714285714, "f-measure": 0.15706806282722513}, "DC06.wav": {"precision": 0.08, "recall": 0.0625, "f-measure": 0.07017543859649122}, "DC07.wav": {"precision": 0.75, "recall": 0.808695652173913, "f-measure": 0.7782426778242678}, "DC09.wav": {"precision": 0.13333333333333333, "recall": 0.5, "f-measure": 0.21052631578947367}, "DC04.wav": {"precision": 0.1, "recall": 0.041666666666666664, "f-measure": 0.058823529411764705}, "DC05.wav": {"precision": 0.2112676056338028, "recall": 0.3488372093023256, "f-measure": 0.2631578947368421}, "DC01.wav": {"precision": 0.7692307692307693, "recall": 0.5714285714285714, "f-measure": 0.6557377049180327}, "DC03.wav": {"precision": 0.3076923076923077, "recall": 0.08955223880597014, "f-measure": 0.13872832369942195}, "ME2.wav": {"precision": 0.8823529411764706, "recall": 0.7317073170731707, "f-measure": 0.8}, "ME1.wav": {"precision": 0.25, "recall": 0.9090909090909091, "f-measure": 0.39215686274509803}}}