{"set_name": "TEST", "report_date": "08122021_10_58_24", "overall_scores": {"precision": 0.624155737843052, "recall": 0.38019466745002006, "fmeasure (percentage)": 47.255}, "scores_per_subset": {"ML": {"precision": 0.917981072555205, "recall": 0.3063157894736842, "f-measure": 0.4593528018942384}, "DC": {"precision": 0.5117739403453689, "recall": 0.3069679849340866, "f-measure": 0.3837551500882872}, "ME": {"precision": 0.5671641791044776, "recall": 0.7307692307692307, "f-measure": 0.6386554621848739}}, "scores_per_audiofile": {"DCASE2021-ML_129696.wav": {"precision": 1.0, "recall": 0.13157894736842105, "f-measure": 0.23255813953488372}, "DCASE2021-ML_131369.wav": {"precision": 0.9230769230769231, "recall": 0.3, "f-measure": 0.4528301886792453}, "DCASE2021-ML_131198.wav": {"precision": 0.4444444444444444, "recall": 1.0, "f-measure": 0.6153846153846154}, "DCASE2021-ML_197045.wav": {"precision": 1.0, "recall": 0.6756756756756757, "f-measure": 0.8064516129032258}, "DCASE2021-ML_126376.wav": {"precision": 0.8846153846153846, "recall": 0.24468085106382978, "f-measure": 0.38333333333333336}, "DCASE2021-ML_191491.wav": {"precision": 1.0, "recall": 0.3333333333333333, "f-measure": 0.5}, "DCASE2021-ML_37045.wav": {"precision": 0.9166666666666666, "recall": 0.9166666666666666, "f-measure": 0.9166666666666666}, "DCASE2021-ML_176488.wav": {"precision": 1.0, "recall": 0.2222222222222222, "f-measure": 0.36363636363636365}, "DCASE2021-ML_40509.wav": {"precision": 1.0, "recall": 0.0975609756097561, "f-measure": 0.17777777777777778}, "DCASE2021-ML_268995.wav": {"precision": 1.0, "recall": 1.0, "f-measure": 1.0}, "DCASE2021-ML_190099.wav": {"precision": 1.0, "recall": 0.6666666666666666, "f-measure": 0.8}, "DCASE2021-ML_89792.wav": {"precision": 1.0, "recall": 0.9655172413793104, "f-measure": 0.9824561403508771}, "DCASE2021-ML_72010931.wav": {"precision": 1.0, "recall": 0.1016949152542373, "f-measure": 0.18461538461538463}, "DCASE2021-ML_273164.wav": {"precision": 1.0, "recall": 0.006666666666666667, "f-measure": 0.013245033112582781}, "DCASE2021-ML_53963.wav": {"precision": 1.0, "recall": 0.10256410256410256, "f-measure": 0.18604651162790697}, "DCASE2021-ML_521435.wav": {"precision": 0.8837209302325582, "recall": 0.6551724137931034, "f-measure": 0.7524752475247525}, "DCASE2021-ML_168236.wav": {"precision": 0.8513513513513513, "recall": 0.5727272727272728, "f-measure": 0.6847826086956522}, "DC11.wav": {"precision": 0.08035714285714286, "recall": 0.16666666666666666, "f-measure": 0.10843373493975904}, "DC10.wav": {"precision": 0.46296296296296297, "recall": 0.2032520325203252, "f-measure": 0.2824858757062147}, "DC12.wav": {"precision": 1e-05, "recall": 1e-05, "f-measure": 1e-05}, "DC08.wav": {"precision": 0.9811320754716981, "recall": 0.5777777777777777, "f-measure": 0.7272727272727273}, "DC02.wav": {"precision": 0.5357142857142857, "recall": 0.10714285714285714, "f-measure": 0.17857142857142858}, "DC06.wav": {"precision": 0.05263157894736842, "recall": 0.03125, "f-measure": 0.0392156862745098}, "DC07.wav": {"precision": 0.8611111111111112, "recall": 0.6739130434782609, "f-measure": 0.7560975609756098}, "DC09.wav": {"precision": 0.19230769230769232, "recall": 0.4166666666666667, "f-measure": 0.2631578947368421}, "DC04.wav": {"precision": 1e-05, "recall": 1e-05, "f-measure": 1e-05}, "DC05.wav": {"precision": 0.26, "recall": 0.3023255813953488, "f-measure": 0.27956989247311825}, "DC01.wav": {"precision": 0.8478260869565217, "recall": 0.37142857142857144, "f-measure": 0.5165562913907285}, "DC03.wav": {"precision": 0.3055555555555556, "recall": 0.08208955223880597, "f-measure": 0.12941176470588237}, "ME2.wav": {"precision": 0.8235294117647058, "recall": 0.6829268292682927, "f-measure": 0.7466666666666667}, "ME1.wav": {"precision": 0.30303030303030304, "recall": 0.9090909090909091, "f-measure": 0.45454545454545453}}}