{"set_name": "TEST", "report_date": "08122021_23_41_59", "overall_scores": {"precision": 0.5868115240461124, "recall": 0.3368354832567564, "fmeasure (percentage)": 42.8}, "scores_per_subset": {"ML": {"precision": 0.8888888888888888, "recall": 0.19166666666666668, "f-measure": 0.31533847472150817}, "DC": {"precision": 0.47581441263573543, "recall": 0.4538606403013183, "f-measure": 0.464578313253012}, "ME": {"precision": 0.5303030303030303, "recall": 0.6730769230769231, "f-measure": 0.5932203389830508}}, "scores_per_audiofile": {"DCASE2021-ML_129696.wav": {"precision": 0.75, "recall": 0.039473684210526314, "f-measure": 0.075}, "DCASE2021-ML_131369.wav": {"precision": 1.0, "recall": 0.2, "f-measure": 0.3333333333333333}, "DCASE2021-ML_131198.wav": {"precision": 1e-05, "recall": 1e-05, "f-measure": 1e-05}, "DCASE2021-ML_197045.wav": {"precision": 1.0, "recall": 0.16216216216216217, "f-measure": 0.27906976744186046}, "DCASE2021-ML_126376.wav": {"precision": 0.9444444444444444, "recall": 0.18085106382978725, "f-measure": 0.30357142857142855}, "DCASE2021-ML_191491.wav": {"precision": 1.0, "recall": 0.6666666666666666, "f-measure": 0.8}, "DCASE2021-ML_37045.wav": {"precision": 1.0, "recall": 0.16666666666666666, "f-measure": 0.2857142857142857}, "DCASE2021-ML_176488.wav": {"precision": 1.0, "recall": 0.1111111111111111, "f-measure": 0.2}, "DCASE2021-ML_40509.wav": {"precision": 1.0, "recall": 0.056910569105691054, "f-measure": 0.1076923076923077}, "DCASE2021-ML_268995.wav": {"precision": 0.6666666666666666, "recall": 0.2, "f-measure": 0.3076923076923077}, "DCASE2021-ML_190099.wav": {"precision": 0.8235294117647058, "recall": 0.9333333333333333, "f-measure": 0.875}, "DCASE2021-ML_89792.wav": {"precision": 1.0, "recall": 0.6551724137931034, "f-measure": 0.7916666666666666}, "DCASE2021-ML_72010931.wav": {"precision": 1.0, "recall": 0.15254237288135594, "f-measure": 0.2647058823529412}, "DCASE2021-ML_273164.wav": {"precision": 1e-05, "recall": 1e-05, "f-measure": 1e-05}, "DCASE2021-ML_53963.wav": {"precision": 1.0, "recall": 0.1282051282051282, "f-measure": 0.22727272727272727}, "DCASE2021-ML_521435.wav": {"precision": 0.64, "recall": 0.27586206896551724, "f-measure": 0.3855421686746988}, "DCASE2021-ML_168236.wav": {"precision": 0.8787878787878788, "recall": 0.5272727272727272, "f-measure": 0.6590909090909091}, "DC11.wav": {"precision": 0.16666666666666666, "recall": 0.18518518518518517, "f-measure": 0.17543859649122806}, "DC10.wav": {"precision": 0.4266666666666667, "recall": 0.7804878048780488, "f-measure": 0.5517241379310345}, "DC12.wav": {"precision": 0.28, "recall": 0.32558139534883723, "f-measure": 0.3010752688172043}, "DC08.wav": {"precision": 0.8695652173913043, "recall": 0.8888888888888888, "f-measure": 0.8791208791208791}, "DC02.wav": {"precision": 0.35185185185185186, "recall": 0.1357142857142857, "f-measure": 0.1958762886597938}, "DC06.wav": {"precision": 0.11864406779661017, "recall": 0.109375, "f-measure": 0.11382113821138211}, "DC07.wav": {"precision": 0.7454545454545455, "recall": 0.7130434782608696, "f-measure": 0.7288888888888889}, "DC09.wav": {"precision": 0.16666666666666666, "recall": 0.5833333333333334, "f-measure": 0.25925925925925924}, "DC04.wav": {"precision": 0.17391304347826086, "recall": 0.16666666666666666, "f-measure": 0.1702127659574468}, "DC05.wav": {"precision": 0.2, "recall": 0.3953488372093023, "f-measure": 0.265625}, "DC01.wav": {"precision": 0.8153846153846154, "recall": 0.5047619047619047, "f-measure": 0.6235294117647059}, "DC03.wav": {"precision": 0.2894736842105263, "recall": 0.08208955223880597, "f-measure": 0.12790697674418605}, "ME2.wav": {"precision": 0.9285714285714286, "recall": 0.6341463414634146, "f-measure": 0.7536231884057971}, "ME1.wav": {"precision": 0.23684210526315788, "recall": 0.8181818181818182, "f-measure": 0.3673469387755102}}}