{"set_name": "TEST", "report_date": "08122021_18_46_42", "overall_scores": {"precision": 0.5441733595999394, "recall": 0.3476030297897054, "fmeasure (percentage)": 42.422}, "scores_per_subset": {"ML": {"precision": 0.8181818181818182, "recall": 0.225, "f-measure": 0.35294117647058826}, "DC": {"precision": 0.4505928853754941, "recall": 0.4293785310734463, "f-measure": 0.43972999035679844}, "ME": {"precision": 0.4827586206896552, "recall": 0.5384615384615384, "f-measure": 0.509090909090909}}, "scores_per_audiofile": {"DCASE2021-ML_129696.wav": {"precision": 1.0, "recall": 0.06578947368421052, "f-measure": 0.12345679012345678}, "DCASE2021-ML_131369.wav": {"precision": 1.0, "recall": 0.2, "f-measure": 0.3333333333333333}, "DCASE2021-ML_131198.wav": {"precision": 1e-05, "recall": 1e-05, "f-measure": 1e-05}, "DCASE2021-ML_197045.wav": {"precision": 0.875, "recall": 0.0945945945945946, "f-measure": 0.17073170731707318}, "DCASE2021-ML_126376.wav": {"precision": 0.8888888888888888, "recall": 0.2553191489361702, "f-measure": 0.39669421487603307}, "DCASE2021-ML_191491.wav": {"precision": 0.875, "recall": 0.7777777777777778, "f-measure": 0.8235294117647058}, "DCASE2021-ML_37045.wav": {"precision": 1.0, "recall": 0.08333333333333333, "f-measure": 0.15384615384615385}, "DCASE2021-ML_176488.wav": {"precision": 1.0, "recall": 0.3333333333333333, "f-measure": 0.5}, "DCASE2021-ML_40509.wav": {"precision": 1.0, "recall": 0.06504065040650407, "f-measure": 0.12213740458015267}, "DCASE2021-ML_268995.wav": {"precision": 1.0, "recall": 0.1, "f-measure": 0.18181818181818182}, "DCASE2021-ML_190099.wav": {"precision": 0.7777777777777778, "recall": 0.9333333333333333, "f-measure": 0.8484848484848485}, "DCASE2021-ML_89792.wav": {"precision": 1.0, "recall": 0.7931034482758621, "f-measure": 0.8846153846153846}, "DCASE2021-ML_72010931.wav": {"precision": 1.0, "recall": 0.23728813559322035, "f-measure": 0.3835616438356164}, "DCASE2021-ML_273164.wav": {"precision": 1e-05, "recall": 1e-05, "f-measure": 1e-05}, "DCASE2021-ML_53963.wav": {"precision": 1.0, "recall": 0.1794871794871795, "f-measure": 0.30434782608695654}, "DCASE2021-ML_521435.wav": {"precision": 0.47058823529411764, "recall": 0.27586206896551724, "f-measure": 0.34782608695652173}, "DCASE2021-ML_168236.wav": {"precision": 0.7717391304347826, "recall": 0.6454545454545455, "f-measure": 0.7029702970297029}, "DC11.wav": {"precision": 0.0625, "recall": 0.037037037037037035, "f-measure": 0.046511627906976744}, "DC10.wav": {"precision": 0.4298642533936652, "recall": 0.7723577235772358, "f-measure": 0.5523255813953488}, "DC12.wav": {"precision": 0.225, "recall": 0.20930232558139536, "f-measure": 0.21686746987951808}, "DC08.wav": {"precision": 0.8452380952380952, "recall": 0.7888888888888889, "f-measure": 0.8160919540229885}, "DC02.wav": {"precision": 0.3333333333333333, "recall": 0.17857142857142858, "f-measure": 0.23255813953488372}, "DC06.wav": {"precision": 0.11594202898550725, "recall": 0.125, "f-measure": 0.12030075187969924}, "DC07.wav": {"precision": 0.7360406091370558, "recall": 0.6304347826086957, "f-measure": 0.6791569086651054}, "DC09.wav": {"precision": 0.15217391304347827, "recall": 0.5833333333333334, "f-measure": 0.2413793103448276}, "DC04.wav": {"precision": 0.22580645161290322, "recall": 0.2916666666666667, "f-measure": 0.2545454545454545}, "DC05.wav": {"precision": 0.18446601941747573, "recall": 0.4418604651162791, "f-measure": 0.2602739726027397}, "DC01.wav": {"precision": 0.7671232876712328, "recall": 0.5333333333333333, "f-measure": 0.6292134831460674}, "DC03.wav": {"precision": 0.2926829268292683, "recall": 0.08955223880597014, "f-measure": 0.13714285714285715}, "ME2.wav": {"precision": 0.9047619047619048, "recall": 0.4634146341463415, "f-measure": 0.6129032258064516}, "ME1.wav": {"precision": 0.24324324324324326, "recall": 0.8181818181818182, "f-measure": 0.375}}}