{"set_name": "TEST", "report_date": "08122021_20_36_48", "overall_scores": {"precision": 0.5776917906846243, "recall": 0.34000335327406905, "fmeasure (percentage)": 42.807}, "scores_per_subset": {"ML": {"precision": 0.8651162790697674, "recall": 0.19476439790575917, "f-measure": 0.31794871794871793}, "DC": {"precision": 0.4648023143683703, "recall": 0.4538606403013183, "f-measure": 0.4592663172939495}, "ME": {"precision": 0.5303030303030303, "recall": 0.6730769230769231, "f-measure": 0.5932203389830508}}, "scores_per_audiofile": {"DCASE2021-ML_129696.wav": {"precision": 0.6666666666666666, "recall": 0.02631578947368421, "f-measure": 0.05063291139240506}, "DCASE2021-ML_131369.wav": {"precision": 1.0, "recall": 0.175, "f-measure": 0.2978723404255319}, "DCASE2021-ML_131198.wav": {"precision": 1.0, "recall": 0.5, "f-measure": 0.6666666666666666}, "DCASE2021-ML_197045.wav": {"precision": 1.0, "recall": 0.05405405405405406, "f-measure": 0.10256410256410256}, "DCASE2021-ML_126376.wav": {"precision": 0.8823529411764706, "recall": 0.1595744680851064, "f-measure": 0.2702702702702703}, "DCASE2021-ML_191491.wav": {"precision": 1.0, "recall": 0.7777777777777778, "f-measure": 0.875}, "DCASE2021-ML_37045.wav": {"precision": 1.0, "recall": 0.08333333333333333, "f-measure": 0.15384615384615385}, "DCASE2021-ML_176488.wav": {"precision": 1.0, "recall": 0.2222222222222222, "f-measure": 0.36363636363636365}, "DCASE2021-ML_40509.wav": {"precision": 1.0, "recall": 0.032520325203252036, "f-measure": 0.06299212598425197}, "DCASE2021-ML_268995.wav": {"precision": 0.6666666666666666, "recall": 0.2, "f-measure": 0.3076923076923077}, "DCASE2021-ML_190099.wav": {"precision": 0.6842105263157895, "recall": 0.8666666666666667, "f-measure": 0.7647058823529411}, "DCASE2021-ML_89792.wav": {"precision": 1.0, "recall": 0.6551724137931034, "f-measure": 0.7916666666666666}, "DCASE2021-ML_72010931.wav": {"precision": 1.0, "recall": 0.13559322033898305, "f-measure": 0.23880597014925373}, "DCASE2021-ML_273164.wav": {"precision": 1e-05, "recall": 1e-05, "f-measure": 1e-05}, "DCASE2021-ML_53963.wav": {"precision": 1.0, "recall": 0.1282051282051282, "f-measure": 0.22727272727272727}, "DCASE2021-ML_521435.wav": {"precision": 0.75, "recall": 0.5172413793103449, "f-measure": 0.6122448979591837}, "DCASE2021-ML_168236.wav": {"precision": 0.8695652173913043, "recall": 0.5454545454545454, "f-measure": 0.6703910614525139}, "DC11.wav": {"precision": 0.1111111111111111, "recall": 0.12962962962962962, "f-measure": 0.11965811965811966}, "DC10.wav": {"precision": 0.4222222222222222, "recall": 0.7723577235772358, "f-measure": 0.5459770114942529}, "DC12.wav": {"precision": 0.3384615384615385, "recall": 0.5116279069767442, "f-measure": 0.4074074074074074}, "DC08.wav": {"precision": 0.8791208791208791, "recall": 0.8888888888888888, "f-measure": 0.8839779005524862}, "DC02.wav": {"precision": 0.328125, "recall": 0.15, "f-measure": 0.20588235294117646}, "DC06.wav": {"precision": 0.1206896551724138, "recall": 0.109375, "f-measure": 0.11475409836065574}, "DC07.wav": {"precision": 0.7442922374429224, "recall": 0.7086956521739131, "f-measure": 0.7260579064587973}, "DC09.wav": {"precision": 0.1590909090909091, "recall": 0.5833333333333334, "f-measure": 0.25}, "DC04.wav": {"precision": 0.13043478260869565, "recall": 0.125, "f-measure": 0.1276595744680851}, "DC05.wav": {"precision": 0.18823529411764706, "recall": 0.37209302325581395, "f-measure": 0.25}, "DC01.wav": {"precision": 0.8225806451612904, "recall": 0.4857142857142857, "f-measure": 0.6107784431137725}, "DC03.wav": {"precision": 0.2631578947368421, "recall": 0.07462686567164178, "f-measure": 0.11627906976744186}, "ME2.wav": {"precision": 0.9285714285714286, "recall": 0.6341463414634146, "f-measure": 0.7536231884057971}, "ME1.wav": {"precision": 0.23684210526315788, "recall": 0.8181818181818182, "f-measure": 0.3673469387755102}}}