{"set_name": "TEST", "report_date": "08122021_11_43_44", "overall_scores": {"precision": 0.6201663965719804, "recall": 0.3843358361452235, "fmeasure (percentage)": 47.457}, "scores_per_subset": {"ML": {"precision": 0.9166666666666666, "recall": 0.23157894736842105, "f-measure": 0.3697478991596639}, "DC": {"precision": 0.4749518304431599, "recall": 0.4642184557438795, "f-measure": 0.4695238095238095}, "ME": {"precision": 0.609375, "recall": 0.75, "f-measure": 0.6724137931034483}}, "scores_per_audiofile": {"DCASE2021-ML_129696.wav": {"precision": 1.0, "recall": 0.02631578947368421, "f-measure": 0.05128205128205128}, "DCASE2021-ML_131369.wav": {"precision": 1.0, "recall": 0.125, "f-measure": 0.2222222222222222}, "DCASE2021-ML_131198.wav": {"precision": 1.0, "recall": 1.0, "f-measure": 1.0}, "DCASE2021-ML_197045.wav": {"precision": 1.0, "recall": 0.16216216216216217, "f-measure": 0.27906976744186046}, "DCASE2021-ML_126376.wav": {"precision": 0.85, "recall": 0.18085106382978725, "f-measure": 0.2982456140350877}, "DCASE2021-ML_191491.wav": {"precision": 1.0, "recall": 0.4444444444444444, "f-measure": 0.6153846153846154}, "DCASE2021-ML_37045.wav": {"precision": 1.0, "recall": 0.5, "f-measure": 0.6666666666666666}, "DCASE2021-ML_176488.wav": {"precision": 1.0, "recall": 0.7777777777777778, "f-measure": 0.875}, "DCASE2021-ML_40509.wav": {"precision": 1.0, "recall": 0.06504065040650407, "f-measure": 0.12213740458015267}, "DCASE2021-ML_268995.wav": {"precision": 0.75, "recall": 0.3, "f-measure": 0.42857142857142855}, "DCASE2021-ML_190099.wav": {"precision": 0.9375, "recall": 1.0, "f-measure": 0.967741935483871}, "DCASE2021-ML_89792.wav": {"precision": 0.8571428571428571, "recall": 0.8275862068965517, "f-measure": 0.8421052631578947}, "DCASE2021-ML_72010931.wav": {"precision": 1.0, "recall": 0.1864406779661017, "f-measure": 0.3142857142857143}, "DCASE2021-ML_273164.wav": {"precision": 1.0, "recall": 0.006666666666666667, "f-measure": 0.013245033112582781}, "DCASE2021-ML_53963.wav": {"precision": 1.0, "recall": 0.20512820512820512, "f-measure": 0.3404255319148936}, "DCASE2021-ML_521435.wav": {"precision": 0.8604651162790697, "recall": 0.6379310344827587, "f-measure": 0.7326732673267327}, "DCASE2021-ML_168236.wav": {"precision": 0.9056603773584906, "recall": 0.43636363636363634, "f-measure": 0.588957055214724}, "DC11.wav": {"precision": 0.19148936170212766, "recall": 0.5, "f-measure": 0.27692307692307694}, "DC10.wav": {"precision": 0.3885350318471338, "recall": 0.4959349593495935, "f-measure": 0.4357142857142857}, "DC12.wav": {"precision": 0.3064516129032258, "recall": 0.4418604651162791, "f-measure": 0.3619047619047619}, "DC08.wav": {"precision": 0.9767441860465116, "recall": 0.9333333333333333, "f-measure": 0.9545454545454546}, "DC02.wav": {"precision": 0.39215686274509803, "recall": 0.14285714285714285, "f-measure": 0.2094240837696335}, "DC06.wav": {"precision": 0.08333333333333333, "recall": 0.0625, "f-measure": 0.07142857142857142}, "DC07.wav": {"precision": 0.7796610169491526, "recall": 0.8, "f-measure": 0.7896995708154506}, "DC09.wav": {"precision": 0.13725490196078433, "recall": 0.5833333333333334, "f-measure": 0.2222222222222222}, "DC04.wav": {"precision": 0.17391304347826086, "recall": 0.16666666666666666, "f-measure": 0.1702127659574468}, "DC05.wav": {"precision": 0.21052631578947367, "recall": 0.37209302325581395, "f-measure": 0.2689075630252101}, "DC01.wav": {"precision": 0.7971014492753623, "recall": 0.5238095238095238, "f-measure": 0.632183908045977}, "DC03.wav": {"precision": 0.3157894736842105, "recall": 0.08955223880597014, "f-measure": 0.13953488372093023}, "ME2.wav": {"precision": 0.8823529411764706, "recall": 0.7317073170731707, "f-measure": 0.8}, "ME1.wav": {"precision": 0.3, "recall": 0.8181818181818182, "f-measure": 0.43902439024390244}}}